Number of frames in the videos: 16
Real data options:
{'class_name': 'tools.utils.dataset.VideoFramesFolderDataset', 'path': '/scratch/s224075134/temporal_diffusion/datasets/video/ucf101/images', 'cfg': {'max_num_frames': 10000}, 'load_n_consecutive': 16, 'subsample_factor': 3, 'discard_short_videos': True, 'xflip': False, 'resolution': 256, 'use_labels': False}
Fake data options:
{'class_name': 'tools.utils.dataset.VideoDataset', 'path': 'generation/ucf101_img256/000-FusedMatLatteIMG-XL-128-512-2-concat-F16S3-ucf101_img256-ImageNetPretrained-Compile-Amp-loadpixel/ddpm_250/0670000', 'cfg': {'max_num_frames': 10000}, 'load_n_consecutive': 16, 'load_n_consecutive_random_offset': False, 'subsample_factor': 1, 'xflip': False, 'resolution': 256, 'use_labels': False}
3
self._path generation/ucf101_img256/000-FusedMatLatteIMG-XL-128-512-2-concat-F16S3-ucf101_img256-ImageNetPretrained-Compile-Amp-loadpixel/ddpm_250/0670000
num_items: 2072
len(real_dataset): 13298
/scratch/s224075134/miniconda/envs/latte/lib/python3.12/site-packages/torch/utils/data/dataloader.py:617: UserWarning: This DataLoader will create 4 worker processes in total. Our suggested max number of worker in current system is 2, which is smaller than what this DataLoader is going to create. Please be aware that excessive worker creation might get DataLoader running slow or even freeze, lower the worker number to avoid potential slowness/freeze if necessary.
  warnings.warn(
len(fake_loader): 33
len(real_loader): 33

0it [00:00, ?it/s]
1it [00:27, 27.43s/it]
2it [00:28, 11.81s/it]
3it [00:30,  7.58s/it]
4it [00:32,  5.41s/it]
5it [00:38,  5.50s/it]
6it [00:40,  4.24s/it]
7it [00:43,  3.72s/it]
8it [00:44,  3.15s/it]
9it [00:53,  4.95s/it]
10it [00:55,  3.82s/it]
11it [00:58,  3.53s/it]
12it [01:00,  3.15s/it]
13it [01:08,  4.66s/it]
14it [01:11,  4.16s/it]
15it [01:14,  3.69s/it]
16it [01:16,  3.18s/it]
17it [01:23,  4.49s/it]
18it [01:26,  4.12s/it]
19it [01:28,  3.47s/it]
20it [01:31,  3.14s/it]
21it [01:38,  4.42s/it]
22it [01:42,  4.30s/it]
23it [01:44,  3.58s/it]
24it [01:46,  3.07s/it]
25it [01:53,  4.41s/it]
26it [01:56,  3.82s/it]
27it [01:56,  2.85s/it]
28it [01:57,  2.09s/it]
29it [02:02,  3.12s/it]
30it [02:04,  2.65s/it]
31it [02:04,  1.97s/it]
32it [02:04,  1.47s/it]
33it [02:06,  1.36s/it]
33it [02:06,  3.83s/it]
Compute metrics for 2072 samples
final/VideoMetricType.FVD : 185.891953
{'final/VideoMetricType.FVD': 185.89195251464844}
Number of frames in the videos: 16
Real data options:
{'class_name': 'tools.utils.dataset.VideoFramesFolderDataset', 'path': '/scratch/s224075134/temporal_diffusion/datasets/video/ucf101/images', 'cfg': {'max_num_frames': 10000}, 'load_n_consecutive': 16, 'subsample_factor': 3, 'discard_short_videos': True, 'xflip': False, 'resolution': 256, 'use_labels': False}
Fake data options:
{'class_name': 'tools.utils.dataset.VideoDataset', 'path': 'generation/ucf101_img256/000-FusedMatLatteIMG-XL-128-512-2-concat-F16S3-ucf101_img256-ImageNetPretrained-Compile-Amp-loadpixel/ddpm_250/0670000', 'cfg': {'max_num_frames': 10000}, 'load_n_consecutive': 16, 'load_n_consecutive_random_offset': False, 'subsample_factor': 1, 'xflip': False, 'resolution': 256, 'use_labels': False}
3
self._path generation/ucf101_img256/000-FusedMatLatteIMG-XL-128-512-2-concat-F16S3-ucf101_img256-ImageNetPretrained-Compile-Amp-loadpixel/ddpm_250/0670000
num_items: 2072
len(real_dataset): 13298
/scratch/s224075134/miniconda/envs/latte/lib/python3.12/site-packages/torch/utils/data/dataloader.py:617: UserWarning: This DataLoader will create 4 worker processes in total. Our suggested max number of worker in current system is 2, which is smaller than what this DataLoader is going to create. Please be aware that excessive worker creation might get DataLoader running slow or even freeze, lower the worker number to avoid potential slowness/freeze if necessary.
  warnings.warn(
len(fake_loader): 33
len(real_loader): 33

0it [00:00, ?it/s]
1it [00:26, 26.44s/it]
2it [00:27, 11.33s/it]
3it [00:28,  6.94s/it]
4it [00:31,  5.07s/it]
5it [00:38,  6.01s/it]
6it [00:40,  4.52s/it]
7it [00:43,  3.96s/it]
8it [00:45,  3.34s/it]
9it [00:53,  4.90s/it]
10it [00:55,  3.89s/it]
11it [00:57,  3.49s/it]
12it [01:00,  3.20s/it]
13it [01:08,  4.69s/it]
14it [01:10,  3.78s/it]
15it [01:14,  3.90s/it]
16it [01:15,  3.09s/it]
17it [01:23,  4.57s/it]
18it [01:25,  3.94s/it]
19it [01:29,  3.69s/it]
20it [01:31,  3.22s/it]
21it [01:38,  4.46s/it]
22it [01:42,  4.17s/it]
23it [01:44,  3.59s/it]
24it [01:46,  3.24s/it]
25it [01:54,  4.46s/it]
26it [01:56,  3.77s/it]
27it [01:56,  2.81s/it]
28it [01:57,  2.07s/it]
29it [02:02,  3.20s/it]
30it [02:04,  2.61s/it]
31it [02:04,  2.01s/it]
32it [02:05,  1.49s/it]
33it [02:06,  1.38s/it]
33it [02:06,  3.83s/it]
Compute metrics for 2072 samples
final/VideoMetricType.FVD : 178.371216
{'final/VideoMetricType.FVD': 178.3712158203125}
Number of frames in the videos: 16
Real data options:
{'class_name': 'tools.utils.dataset.VideoFramesFolderDataset', 'path': '/scratch/s224075134/temporal_diffusion/datasets/video/ucf101/images', 'cfg': {'max_num_frames': 10000}, 'load_n_consecutive': 16, 'subsample_factor': 3, 'discard_short_videos': True, 'xflip': False, 'resolution': 256, 'use_labels': False}
Fake data options:
{'class_name': 'tools.utils.dataset.VideoDataset', 'path': 'generation/ucf101_img256/000-FusedMatLatteIMG-XL-128-512-2-concat-F16S3-ucf101_img256-ImageNetPretrained-Compile-Amp-loadpixel/ddpm_250/0670000', 'cfg': {'max_num_frames': 10000}, 'load_n_consecutive': 16, 'load_n_consecutive_random_offset': False, 'subsample_factor': 1, 'xflip': False, 'resolution': 256, 'use_labels': False}
3
self._path generation/ucf101_img256/000-FusedMatLatteIMG-XL-128-512-2-concat-F16S3-ucf101_img256-ImageNetPretrained-Compile-Amp-loadpixel/ddpm_250/0670000
num_items: 2072
len(real_dataset): 13298
/scratch/s224075134/miniconda/envs/latte/lib/python3.12/site-packages/torch/utils/data/dataloader.py:617: UserWarning: This DataLoader will create 4 worker processes in total. Our suggested max number of worker in current system is 2, which is smaller than what this DataLoader is going to create. Please be aware that excessive worker creation might get DataLoader running slow or even freeze, lower the worker number to avoid potential slowness/freeze if necessary.
  warnings.warn(
len(fake_loader): 33
len(real_loader): 33

0it [00:00, ?it/s]
1it [00:27, 27.37s/it]
2it [00:27, 11.63s/it]
3it [00:30,  7.31s/it]
4it [00:32,  5.28s/it]
5it [00:39,  5.93s/it]
6it [00:40,  4.38s/it]
7it [00:43,  3.87s/it]
8it [00:45,  3.37s/it]
9it [00:55,  5.28s/it]
10it [00:56,  4.05s/it]
11it [01:00,  3.87s/it]
12it [01:01,  3.25s/it]
13it [01:10,  4.91s/it]
14it [01:11,  3.77s/it]
15it [01:16,  3.89s/it]
16it [01:17,  3.12s/it]
17it [01:26,  4.82s/it]
18it [01:27,  3.70s/it]
19it [01:31,  3.91s/it]
20it [01:33,  3.16s/it]
21it [01:42,  5.02s/it]
22it [01:43,  4.00s/it]
23it [01:47,  3.82s/it]
24it [01:49,  3.30s/it]
25it [01:58,  5.06s/it]
26it [01:59,  3.78s/it]
27it [02:00,  2.84s/it]
28it [02:00,  2.08s/it]
29it [02:07,  3.45s/it]
30it [02:07,  2.51s/it]
31it [02:07,  1.89s/it]
32it [02:08,  1.41s/it]
33it [02:09,  1.44s/it]
33it [02:09,  3.93s/it]
Compute metrics for 2072 samples
final/VideoMetricType.FVD : 181.866913
{'final/VideoMetricType.FVD': 181.86691284179688}
Number of frames in the videos: 16
Real data options:
{'class_name': 'tools.utils.dataset.VideoFramesFolderDataset', 'path': '/scratch/s224075134/temporal_diffusion/datasets/video/ucf101/images', 'cfg': {'max_num_frames': 10000}, 'load_n_consecutive': 16, 'subsample_factor': 3, 'discard_short_videos': True, 'xflip': False, 'resolution': 256, 'use_labels': False}
Fake data options:
{'class_name': 'tools.utils.dataset.VideoDataset', 'path': 'generation/ucf101_img256/000-FusedMatLatteIMG-XL-128-512-2-concat-F16S3-ucf101_img256-ImageNetPretrained-Compile-Amp-loadpixel/ddpm_250/0670000', 'cfg': {'max_num_frames': 10000}, 'load_n_consecutive': 16, 'load_n_consecutive_random_offset': False, 'subsample_factor': 1, 'xflip': False, 'resolution': 256, 'use_labels': False}
3
self._path generation/ucf101_img256/000-FusedMatLatteIMG-XL-128-512-2-concat-F16S3-ucf101_img256-ImageNetPretrained-Compile-Amp-loadpixel/ddpm_250/0670000
num_items: 2072
len(real_dataset): 13298
/scratch/s224075134/miniconda/envs/latte/lib/python3.12/site-packages/torch/utils/data/dataloader.py:617: UserWarning: This DataLoader will create 4 worker processes in total. Our suggested max number of worker in current system is 2, which is smaller than what this DataLoader is going to create. Please be aware that excessive worker creation might get DataLoader running slow or even freeze, lower the worker number to avoid potential slowness/freeze if necessary.
  warnings.warn(
len(fake_loader): 33
len(real_loader): 33

0it [00:00, ?it/s]
1it [00:26, 26.23s/it]
2it [00:26, 11.23s/it]
3it [00:29,  7.17s/it]
4it [00:31,  5.13s/it]
5it [00:38,  5.76s/it]
6it [00:39,  4.26s/it]
7it [00:43,  4.19s/it]
8it [00:45,  3.34s/it]
9it [00:53,  4.89s/it]
10it [00:55,  4.02s/it]
11it [00:59,  3.93s/it]
12it [01:00,  3.10s/it]
13it [01:08,  4.69s/it]
14it [01:11,  4.10s/it]
15it [01:14,  3.75s/it]
16it [01:15,  3.05s/it]
17it [01:24,  4.76s/it]
18it [01:26,  3.84s/it]
19it [01:31,  4.14s/it]
20it [01:32,  3.21s/it]
21it [01:39,  4.60s/it]
22it [01:41,  3.54s/it]
23it [01:46,  4.17s/it]
24it [01:47,  3.31s/it]
25it [01:55,  4.63s/it]
26it [01:56,  3.40s/it]
27it [01:59,  3.21s/it]
28it [01:59,  2.47s/it]
29it [02:05,  3.38s/it]
30it [02:05,  2.51s/it]
31it [02:07,  2.16s/it]
32it [02:07,  1.63s/it]
33it [02:08,  1.48s/it]
33it [02:08,  3.90s/it]
Compute metrics for 2072 samples
final/VideoMetricType.FVD : 183.858902
{'final/VideoMetricType.FVD': 183.85890197753906}
Number of frames in the videos: 16
Real data options:
{'class_name': 'tools.utils.dataset.VideoFramesFolderDataset', 'path': '/scratch/s224075134/temporal_diffusion/datasets/video/ucf101/images', 'cfg': {'max_num_frames': 10000}, 'load_n_consecutive': 16, 'subsample_factor': 3, 'discard_short_videos': True, 'xflip': False, 'resolution': 256, 'use_labels': False}
Fake data options:
{'class_name': 'tools.utils.dataset.VideoDataset', 'path': 'generation/ucf101_img256/000-FusedMatLatteIMG-XL-128-512-2-concat-F16S3-ucf101_img256-ImageNetPretrained-Compile-Amp-loadpixel/ddpm_250/0670000', 'cfg': {'max_num_frames': 10000}, 'load_n_consecutive': 16, 'load_n_consecutive_random_offset': False, 'subsample_factor': 1, 'xflip': False, 'resolution': 256, 'use_labels': False}
3
self._path generation/ucf101_img256/000-FusedMatLatteIMG-XL-128-512-2-concat-F16S3-ucf101_img256-ImageNetPretrained-Compile-Amp-loadpixel/ddpm_250/0670000
num_items: 2072
len(real_dataset): 13298
/scratch/s224075134/miniconda/envs/latte/lib/python3.12/site-packages/torch/utils/data/dataloader.py:617: UserWarning: This DataLoader will create 4 worker processes in total. Our suggested max number of worker in current system is 2, which is smaller than what this DataLoader is going to create. Please be aware that excessive worker creation might get DataLoader running slow or even freeze, lower the worker number to avoid potential slowness/freeze if necessary.
  warnings.warn(
len(fake_loader): 33
len(real_loader): 33

0it [00:00, ?it/s]
1it [00:26, 26.70s/it]
2it [00:27, 11.65s/it]
3it [00:30,  7.41s/it]
4it [00:32,  5.30s/it]
5it [00:39,  6.13s/it]
6it [00:41,  4.64s/it]
7it [00:44,  4.15s/it]
8it [00:46,  3.49s/it]
9it [00:55,  5.10s/it]
10it [00:57,  4.21s/it]
11it [00:59,  3.57s/it]
12it [01:01,  2.99s/it]
13it [01:10,  4.94s/it]
14it [01:13,  4.18s/it]
15it [01:16,  3.76s/it]
16it [01:17,  3.16s/it]
17it [01:26,  4.85s/it]
18it [01:28,  4.10s/it]
19it [01:31,  3.71s/it]
20it [01:33,  3.08s/it]
21it [01:42,  4.85s/it]
22it [01:44,  3.89s/it]
23it [01:47,  3.70s/it]
24it [01:49,  3.12s/it]
25it [01:58,  4.92s/it]
26it [01:59,  3.77s/it]
27it [01:59,  2.85s/it]
28it [02:00,  2.11s/it]
29it [02:06,  3.47s/it]
30it [02:07,  2.55s/it]
31it [02:07,  1.90s/it]
32it [02:08,  1.43s/it]
33it [02:09,  1.45s/it]
33it [02:09,  3.93s/it]
Compute metrics for 2072 samples
final/VideoMetricType.FVD : 198.497818
{'final/VideoMetricType.FVD': 198.49781799316406}
Number of frames in the videos: 16
Real data options:
{'class_name': 'tools.utils.dataset.VideoFramesFolderDataset', 'path': '/scratch/s224075134/temporal_diffusion/datasets/video/ucf101/images', 'cfg': {'max_num_frames': 10000}, 'load_n_consecutive': 16, 'subsample_factor': 3, 'discard_short_videos': True, 'xflip': False, 'resolution': 256, 'use_labels': False}
Fake data options:
{'class_name': 'tools.utils.dataset.VideoDataset', 'path': 'generation/ucf101_img256/000-FusedMatLatteIMG-XL-128-512-2-concat-F16S3-ucf101_img256-ImageNetPretrained-Compile-Amp-loadpixel/ddpm_250/0670000', 'cfg': {'max_num_frames': 10000}, 'load_n_consecutive': 16, 'load_n_consecutive_random_offset': False, 'subsample_factor': 1, 'xflip': False, 'resolution': 256, 'use_labels': False}
3
self._path generation/ucf101_img256/000-FusedMatLatteIMG-XL-128-512-2-concat-F16S3-ucf101_img256-ImageNetPretrained-Compile-Amp-loadpixel/ddpm_250/0670000
num_items: 2072
len(real_dataset): 13298
/scratch/s224075134/miniconda/envs/latte/lib/python3.12/site-packages/torch/utils/data/dataloader.py:617: UserWarning: This DataLoader will create 4 worker processes in total. Our suggested max number of worker in current system is 2, which is smaller than what this DataLoader is going to create. Please be aware that excessive worker creation might get DataLoader running slow or even freeze, lower the worker number to avoid potential slowness/freeze if necessary.
  warnings.warn(
len(fake_loader): 33
len(real_loader): 33

0it [00:00, ?it/s]
1it [00:27, 27.31s/it]
2it [00:27, 11.62s/it]
3it [00:29,  7.01s/it]
4it [00:31,  4.95s/it]
5it [00:38,  5.82s/it]
6it [00:41,  4.98s/it]
7it [00:44,  4.25s/it]
8it [00:46,  3.41s/it]
9it [00:54,  4.84s/it]
10it [00:57,  4.21s/it]
11it [00:59,  3.56s/it]
12it [01:00,  3.01s/it]
13it [01:09,  4.81s/it]
14it [01:13,  4.35s/it]
15it [01:15,  3.79s/it]
16it [01:17,  3.23s/it]
17it [01:25,  4.51s/it]
18it [01:28,  4.25s/it]
19it [01:30,  3.60s/it]
20it [01:32,  3.08s/it]
21it [01:40,  4.51s/it]
22it [01:44,  4.36s/it]
23it [01:45,  3.47s/it]
24it [01:47,  2.99s/it]
25it [01:56,  4.65s/it]
26it [01:58,  3.94s/it]
27it [01:59,  2.96s/it]
28it [01:59,  2.22s/it]
29it [02:05,  3.23s/it]
30it [02:06,  2.62s/it]
31it [02:07,  2.00s/it]
32it [02:07,  1.49s/it]
33it [02:08,  1.37s/it]
33it [02:08,  3.90s/it]
Compute metrics for 2072 samples
final/VideoMetricType.FVD : 186.273788
{'final/VideoMetricType.FVD': 186.27378845214844}
Number of frames in the videos: 16
Real data options:
{'class_name': 'tools.utils.dataset.VideoFramesFolderDataset', 'path': '/scratch/s224075134/temporal_diffusion/datasets/video/ucf101/images', 'cfg': {'max_num_frames': 10000}, 'load_n_consecutive': 16, 'subsample_factor': 3, 'discard_short_videos': True, 'xflip': False, 'resolution': 256, 'use_labels': False}
Fake data options:
{'class_name': 'tools.utils.dataset.VideoDataset', 'path': 'generation/ucf101_img256/000-FusedMatLatteIMG-XL-128-512-2-concat-F16S3-ucf101_img256-ImageNetPretrained-Compile-Amp-loadpixel/ddpm_250/0670000', 'cfg': {'max_num_frames': 10000}, 'load_n_consecutive': 16, 'load_n_consecutive_random_offset': False, 'subsample_factor': 1, 'xflip': False, 'resolution': 256, 'use_labels': False}
3
self._path generation/ucf101_img256/000-FusedMatLatteIMG-XL-128-512-2-concat-F16S3-ucf101_img256-ImageNetPretrained-Compile-Amp-loadpixel/ddpm_250/0670000
num_items: 2072
len(real_dataset): 13298
/scratch/s224075134/miniconda/envs/latte/lib/python3.12/site-packages/torch/utils/data/dataloader.py:617: UserWarning: This DataLoader will create 4 worker processes in total. Our suggested max number of worker in current system is 2, which is smaller than what this DataLoader is going to create. Please be aware that excessive worker creation might get DataLoader running slow or even freeze, lower the worker number to avoid potential slowness/freeze if necessary.
  warnings.warn(
len(fake_loader): 33
len(real_loader): 33

0it [00:00, ?it/s]
1it [00:27, 27.81s/it]
2it [00:28, 11.82s/it]
3it [00:29,  7.05s/it]
4it [00:31,  4.97s/it]
5it [00:38,  5.55s/it]
6it [00:39,  4.19s/it]
7it [00:43,  4.10s/it]
8it [00:45,  3.25s/it]
9it [00:53,  4.96s/it]
10it [00:55,  3.84s/it]
11it [00:59,  3.90s/it]
12it [01:00,  3.25s/it]
13it [01:09,  4.75s/it]
14it [01:11,  3.88s/it]
15it [01:15,  3.94s/it]
16it [01:16,  3.16s/it]
17it [01:24,  4.69s/it]
18it [01:25,  3.54s/it]
19it [01:30,  3.94s/it]
20it [01:31,  3.17s/it]
21it [01:40,  4.84s/it]
22it [01:41,  3.77s/it]
23it [01:46,  3.95s/it]
24it [01:47,  3.20s/it]
25it [01:55,  4.76s/it]
26it [01:56,  3.58s/it]
27it [01:57,  2.82s/it]
28it [01:58,  2.07s/it]
29it [02:05,  3.55s/it]
30it [02:05,  2.57s/it]
31it [02:06,  1.97s/it]
32it [02:06,  1.46s/it]
33it [02:07,  1.48s/it]
33it [02:07,  3.88s/it]
Compute metrics for 2072 samples
final/VideoMetricType.FVD : 192.730133
{'final/VideoMetricType.FVD': 192.73013305664062}
Number of frames in the videos: 16
Real data options:
{'class_name': 'tools.utils.dataset.VideoFramesFolderDataset', 'path': '/scratch/s224075134/temporal_diffusion/datasets/video/ucf101/images', 'cfg': {'max_num_frames': 10000}, 'load_n_consecutive': 16, 'subsample_factor': 3, 'discard_short_videos': True, 'xflip': False, 'resolution': 256, 'use_labels': False}
Fake data options:
{'class_name': 'tools.utils.dataset.VideoDataset', 'path': 'generation/ucf101_img256/000-FusedMatLatteIMG-XL-128-512-2-concat-F16S3-ucf101_img256-ImageNetPretrained-Compile-Amp-loadpixel/ddpm_250/0670000', 'cfg': {'max_num_frames': 10000}, 'load_n_consecutive': 16, 'load_n_consecutive_random_offset': False, 'subsample_factor': 1, 'xflip': False, 'resolution': 256, 'use_labels': False}
3
self._path generation/ucf101_img256/000-FusedMatLatteIMG-XL-128-512-2-concat-F16S3-ucf101_img256-ImageNetPretrained-Compile-Amp-loadpixel/ddpm_250/0670000
num_items: 2072
len(real_dataset): 13298
/scratch/s224075134/miniconda/envs/latte/lib/python3.12/site-packages/torch/utils/data/dataloader.py:617: UserWarning: This DataLoader will create 4 worker processes in total. Our suggested max number of worker in current system is 2, which is smaller than what this DataLoader is going to create. Please be aware that excessive worker creation might get DataLoader running slow or even freeze, lower the worker number to avoid potential slowness/freeze if necessary.
  warnings.warn(
len(fake_loader): 33
len(real_loader): 33

0it [00:00, ?it/s]
1it [00:28, 28.60s/it]
2it [00:29, 12.19s/it]
3it [00:31,  7.52s/it]
4it [00:33,  5.38s/it]
5it [00:39,  5.49s/it]
6it [00:40,  4.11s/it]
7it [00:43,  3.68s/it]
8it [00:45,  3.29s/it]
9it [00:54,  5.06s/it]
10it [00:55,  3.81s/it]
11it [00:59,  3.77s/it]
12it [01:01,  3.30s/it]
13it [01:09,  4.76s/it]
14it [01:11,  3.83s/it]
15it [01:14,  3.68s/it]
16it [01:17,  3.46s/it]
17it [01:25,  4.68s/it]
18it [01:26,  3.76s/it]
19it [01:29,  3.56s/it]
20it [01:32,  3.16s/it]
21it [01:41,  4.99s/it]
22it [01:42,  3.95s/it]
23it [01:46,  3.74s/it]
24it [01:48,  3.19s/it]
25it [01:57,  4.94s/it]
26it [01:57,  3.71s/it]
27it [01:58,  2.83s/it]
28it [01:59,  2.07s/it]
29it [02:05,  3.46s/it]
30it [02:06,  2.59s/it]
31it [02:06,  1.94s/it]
32it [02:07,  1.45s/it]
33it [02:08,  1.53s/it]
33it [02:08,  3.90s/it]
Compute metrics for 2072 samples
final/VideoMetricType.FVD : 186.587311
{'final/VideoMetricType.FVD': 186.58731079101562}
Number of frames in the videos: 16
Real data options:
{'class_name': 'tools.utils.dataset.VideoFramesFolderDataset', 'path': '/scratch/s224075134/temporal_diffusion/datasets/video/ucf101/images', 'cfg': {'max_num_frames': 10000}, 'load_n_consecutive': 16, 'subsample_factor': 3, 'discard_short_videos': True, 'xflip': False, 'resolution': 256, 'use_labels': False}
Fake data options:
{'class_name': 'tools.utils.dataset.VideoDataset', 'path': 'generation/ucf101_img256/000-FusedMatLatteIMG-XL-128-512-2-concat-F16S3-ucf101_img256-ImageNetPretrained-Compile-Amp-loadpixel/ddpm_250/0670000', 'cfg': {'max_num_frames': 10000}, 'load_n_consecutive': 16, 'load_n_consecutive_random_offset': False, 'subsample_factor': 1, 'xflip': False, 'resolution': 256, 'use_labels': False}
3
self._path generation/ucf101_img256/000-FusedMatLatteIMG-XL-128-512-2-concat-F16S3-ucf101_img256-ImageNetPretrained-Compile-Amp-loadpixel/ddpm_250/0670000
num_items: 2072
len(real_dataset): 13298
/scratch/s224075134/miniconda/envs/latte/lib/python3.12/site-packages/torch/utils/data/dataloader.py:617: UserWarning: This DataLoader will create 4 worker processes in total. Our suggested max number of worker in current system is 2, which is smaller than what this DataLoader is going to create. Please be aware that excessive worker creation might get DataLoader running slow or even freeze, lower the worker number to avoid potential slowness/freeze if necessary.
  warnings.warn(
len(fake_loader): 33
len(real_loader): 33

0it [00:00, ?it/s]
1it [00:28, 28.89s/it]
2it [00:29, 12.39s/it]
3it [00:31,  7.71s/it]
4it [00:33,  5.49s/it]
5it [00:40,  5.81s/it]
6it [00:41,  4.25s/it]
7it [00:43,  3.54s/it]
8it [00:46,  3.19s/it]
9it [00:56,  5.36s/it]
10it [00:57,  4.05s/it]
11it [01:00,  3.89s/it]
12it [01:02,  3.26s/it]
13it [01:11,  5.00s/it]
14it [01:12,  3.78s/it]
15it [01:14,  3.35s/it]
16it [01:17,  3.10s/it]
17it [01:27,  5.12s/it]
18it [01:28,  3.85s/it]
19it [01:30,  3.44s/it]
20it [01:33,  3.11s/it]
21it [01:43,  5.25s/it]
22it [01:44,  4.11s/it]
23it [01:47,  3.69s/it]
24it [01:49,  3.19s/it]
25it [01:58,  5.04s/it]
26it [01:59,  3.77s/it]
27it [02:00,  2.88s/it]
28it [02:00,  2.17s/it]
29it [02:07,  3.46s/it]
30it [02:07,  2.51s/it]
31it [02:08,  1.88s/it]
32it [02:08,  1.41s/it]
33it [02:09,  1.45s/it]
33it [02:10,  3.94s/it]
Compute metrics for 2072 samples
final/VideoMetricType.FVD : 196.358475
{'final/VideoMetricType.FVD': 196.3584747314453}
Number of frames in the videos: 16
Real data options:
{'class_name': 'tools.utils.dataset.VideoFramesFolderDataset', 'path': '/scratch/s224075134/temporal_diffusion/datasets/video/ucf101/images', 'cfg': {'max_num_frames': 10000}, 'load_n_consecutive': 16, 'subsample_factor': 3, 'discard_short_videos': True, 'xflip': False, 'resolution': 256, 'use_labels': False}
Fake data options:
{'class_name': 'tools.utils.dataset.VideoDataset', 'path': 'generation/ucf101_img256/000-FusedMatLatteIMG-XL-128-512-2-concat-F16S3-ucf101_img256-ImageNetPretrained-Compile-Amp-loadpixel/ddpm_250/0670000', 'cfg': {'max_num_frames': 10000}, 'load_n_consecutive': 16, 'load_n_consecutive_random_offset': False, 'subsample_factor': 1, 'xflip': False, 'resolution': 256, 'use_labels': False}
3
self._path generation/ucf101_img256/000-FusedMatLatteIMG-XL-128-512-2-concat-F16S3-ucf101_img256-ImageNetPretrained-Compile-Amp-loadpixel/ddpm_250/0670000
num_items: 2072
len(real_dataset): 13298
/scratch/s224075134/miniconda/envs/latte/lib/python3.12/site-packages/torch/utils/data/dataloader.py:617: UserWarning: This DataLoader will create 4 worker processes in total. Our suggested max number of worker in current system is 2, which is smaller than what this DataLoader is going to create. Please be aware that excessive worker creation might get DataLoader running slow or even freeze, lower the worker number to avoid potential slowness/freeze if necessary.
  warnings.warn(
len(fake_loader): 33
len(real_loader): 33

0it [00:00, ?it/s]
1it [00:28, 28.04s/it]
2it [00:28, 11.86s/it]
3it [00:29,  7.02s/it]
4it [00:31,  4.90s/it]
5it [00:39,  6.10s/it]
6it [00:40,  4.36s/it]
7it [00:42,  3.62s/it]
8it [00:45,  3.28s/it]
9it [00:55,  5.34s/it]
10it [00:56,  4.01s/it]
11it [00:58,  3.40s/it]
12it [01:00,  3.14s/it]
13it [01:10,  5.25s/it]
14it [01:12,  4.15s/it]
15it [01:15,  3.81s/it]
16it [01:17,  3.36s/it]
17it [01:26,  4.90s/it]
18it [01:28,  3.93s/it]
19it [01:31,  3.69s/it]
20it [01:32,  3.07s/it]
21it [01:41,  4.87s/it]
22it [01:43,  3.82s/it]
23it [01:45,  3.46s/it]
24it [01:48,  3.07s/it]
25it [01:57,  4.89s/it]
26it [01:59,  3.99s/it]
27it [01:59,  3.07s/it]
28it [02:00,  2.36s/it]
29it [02:06,  3.41s/it]
30it [02:06,  2.48s/it]
31it [02:07,  1.85s/it]
32it [02:07,  1.39s/it]
33it [02:08,  1.41s/it]
33it [02:09,  3.91s/it]
Compute metrics for 2072 samples
final/VideoMetricType.FVD : 185.919312
{'final/VideoMetricType.FVD': 185.9193115234375}
Number of frames in the videos: 16
Real data options:
{'class_name': 'tools.utils.dataset.VideoFramesFolderDataset', 'path': '/scratch/s224075134/temporal_diffusion/datasets/video/ucf101/images', 'cfg': {'max_num_frames': 10000}, 'load_n_consecutive': 16, 'subsample_factor': 3, 'discard_short_videos': True, 'xflip': False, 'resolution': 256, 'use_labels': False}
Fake data options:
{'class_name': 'tools.utils.dataset.VideoDataset', 'path': 'generation/ucf101_img256/000-FusedMatLatteIMG-XL-128-512-2-concat-F16S3-ucf101_img256-ImageNetPretrained-Compile-Amp-loadpixel/ddpm_250/0670000', 'cfg': {'max_num_frames': 10000}, 'load_n_consecutive': 16, 'load_n_consecutive_random_offset': False, 'subsample_factor': 1, 'xflip': False, 'resolution': 256, 'use_labels': False}
3
self._path generation/ucf101_img256/000-FusedMatLatteIMG-XL-128-512-2-concat-F16S3-ucf101_img256-ImageNetPretrained-Compile-Amp-loadpixel/ddpm_250/0670000
num_items: 2072
len(real_dataset): 13298
/scratch/s224075134/miniconda/envs/latte/lib/python3.12/site-packages/torch/utils/data/dataloader.py:617: UserWarning: This DataLoader will create 4 worker processes in total. Our suggested max number of worker in current system is 2, which is smaller than what this DataLoader is going to create. Please be aware that excessive worker creation might get DataLoader running slow or even freeze, lower the worker number to avoid potential slowness/freeze if necessary.
  warnings.warn(
len(fake_loader): 33
len(real_loader): 33

0it [00:00, ?it/s]
1it [00:26, 26.90s/it]
2it [00:27, 11.49s/it]
3it [00:29,  7.01s/it]
4it [00:31,  5.04s/it]
5it [00:38,  5.83s/it]
6it [00:40,  4.44s/it]
7it [00:43,  4.17s/it]
8it [00:45,  3.49s/it]
9it [00:53,  4.87s/it]
10it [00:56,  4.28s/it]
11it [00:59,  3.77s/it]
12it [01:01,  3.21s/it]
13it [01:08,  4.44s/it]
14it [01:12,  4.38s/it]
15it [01:14,  3.65s/it]
16it [01:16,  3.21s/it]
17it [01:23,  4.32s/it]
18it [01:28,  4.46s/it]
19it [01:30,  3.65s/it]
20it [01:32,  3.26s/it]
21it [01:39,  4.35s/it]
22it [01:44,  4.43s/it]
23it [01:46,  3.73s/it]
24it [01:48,  3.29s/it]
25it [01:55,  4.25s/it]
26it [01:58,  4.00s/it]
27it [01:58,  2.92s/it]
28it [01:59,  2.19s/it]
29it [02:04,  3.06s/it]
30it [02:07,  3.03s/it]
31it [02:07,  2.23s/it]
32it [02:08,  1.65s/it]
33it [02:09,  1.49s/it]
33it [02:09,  3.92s/it]
Compute metrics for 2072 samples
final/VideoMetricType.FVD : 191.817612
{'final/VideoMetricType.FVD': 191.81761169433594}
Number of frames in the videos: 16
Real data options:
{'class_name': 'tools.utils.dataset.VideoFramesFolderDataset', 'path': '/scratch/s224075134/temporal_diffusion/datasets/video/ucf101/images', 'cfg': {'max_num_frames': 10000}, 'load_n_consecutive': 16, 'subsample_factor': 3, 'discard_short_videos': True, 'xflip': False, 'resolution': 256, 'use_labels': False}
Fake data options:
{'class_name': 'tools.utils.dataset.VideoDataset', 'path': 'generation/ucf101_img256/000-FusedMatLatteIMG-XL-128-512-2-concat-F16S3-ucf101_img256-ImageNetPretrained-Compile-Amp-loadpixel/ddpm_250/0670000', 'cfg': {'max_num_frames': 10000}, 'load_n_consecutive': 16, 'load_n_consecutive_random_offset': False, 'subsample_factor': 1, 'xflip': False, 'resolution': 256, 'use_labels': False}
3
self._path generation/ucf101_img256/000-FusedMatLatteIMG-XL-128-512-2-concat-F16S3-ucf101_img256-ImageNetPretrained-Compile-Amp-loadpixel/ddpm_250/0670000
num_items: 2072
len(real_dataset): 13298
/scratch/s224075134/miniconda/envs/latte/lib/python3.12/site-packages/torch/utils/data/dataloader.py:617: UserWarning: This DataLoader will create 4 worker processes in total. Our suggested max number of worker in current system is 2, which is smaller than what this DataLoader is going to create. Please be aware that excessive worker creation might get DataLoader running slow or even freeze, lower the worker number to avoid potential slowness/freeze if necessary.
  warnings.warn(
len(fake_loader): 33
len(real_loader): 33

0it [00:00, ?it/s]
1it [00:26, 26.79s/it]
2it [00:27, 11.50s/it]
3it [00:30,  7.40s/it]
4it [00:32,  5.37s/it]
5it [00:38,  5.54s/it]
6it [00:39,  4.15s/it]
7it [00:42,  3.83s/it]
8it [00:44,  3.17s/it]
9it [00:53,  4.94s/it]
10it [00:54,  3.89s/it]
11it [00:57,  3.56s/it]
12it [00:59,  3.08s/it]
13it [01:08,  4.70s/it]
14it [01:09,  3.81s/it]
15it [01:12,  3.55s/it]
16it [01:14,  3.05s/it]
17it [01:23,  4.85s/it]
18it [01:24,  3.74s/it]
19it [01:27,  3.29s/it]
20it [01:30,  3.16s/it]
21it [01:38,  4.69s/it]
22it [01:40,  3.80s/it]
23it [01:43,  3.81s/it]
24it [01:45,  3.23s/it]
25it [01:53,  4.73s/it]
26it [01:54,  3.51s/it]
27it [01:55,  2.76s/it]
28it [01:55,  2.03s/it]
29it [02:02,  3.30s/it]
30it [02:03,  2.55s/it]
31it [02:03,  1.94s/it]
32it [02:03,  1.44s/it]
33it [02:05,  1.36s/it]
33it [02:05,  3.79s/it]
Compute metrics for 2072 samples
final/VideoMetricType.FVD : 189.294174
{'final/VideoMetricType.FVD': 189.29417419433594}
Number of frames in the videos: 16
Real data options:
{'class_name': 'tools.utils.dataset.VideoFramesFolderDataset', 'path': '/scratch/s224075134/temporal_diffusion/datasets/video/ucf101/images', 'cfg': {'max_num_frames': 10000}, 'load_n_consecutive': 16, 'subsample_factor': 3, 'discard_short_videos': True, 'xflip': False, 'resolution': 256, 'use_labels': False}
Fake data options:
{'class_name': 'tools.utils.dataset.VideoDataset', 'path': 'generation/ucf101_img256/000-FusedMatLatteIMG-XL-128-512-2-concat-F16S3-ucf101_img256-ImageNetPretrained-Compile-Amp-loadpixel/ddpm_250/0670000', 'cfg': {'max_num_frames': 10000}, 'load_n_consecutive': 16, 'load_n_consecutive_random_offset': False, 'subsample_factor': 1, 'xflip': False, 'resolution': 256, 'use_labels': False}
3
self._path generation/ucf101_img256/000-FusedMatLatteIMG-XL-128-512-2-concat-F16S3-ucf101_img256-ImageNetPretrained-Compile-Amp-loadpixel/ddpm_250/0670000
num_items: 2072
len(real_dataset): 13298
/scratch/s224075134/miniconda/envs/latte/lib/python3.12/site-packages/torch/utils/data/dataloader.py:617: UserWarning: This DataLoader will create 4 worker processes in total. Our suggested max number of worker in current system is 2, which is smaller than what this DataLoader is going to create. Please be aware that excessive worker creation might get DataLoader running slow or even freeze, lower the worker number to avoid potential slowness/freeze if necessary.
  warnings.warn(
len(fake_loader): 33
len(real_loader): 33

0it [00:00, ?it/s]
1it [00:27, 27.57s/it]
2it [00:28, 11.74s/it]
3it [00:30,  7.54s/it]
4it [00:32,  5.36s/it]
5it [00:39,  5.78s/it]
6it [00:41,  4.52s/it]
7it [00:44,  3.99s/it]
8it [00:46,  3.35s/it]
9it [00:54,  4.92s/it]
10it [00:56,  4.03s/it]
11it [00:59,  3.60s/it]
12it [01:00,  2.95s/it]
13it [01:10,  4.87s/it]
14it [01:12,  4.15s/it]
15it [01:15,  3.87s/it]
16it [01:17,  3.37s/it]
17it [01:26,  4.78s/it]
18it [01:28,  4.01s/it]
19it [01:31,  3.64s/it]
20it [01:33,  3.18s/it]
21it [01:41,  4.74s/it]
22it [01:44,  4.18s/it]
23it [01:46,  3.61s/it]
24it [01:49,  3.25s/it]
25it [01:56,  4.57s/it]
26it [01:59,  3.89s/it]
27it [01:59,  2.86s/it]
28it [02:00,  2.18s/it]
29it [02:06,  3.35s/it]
30it [02:07,  2.80s/it]
31it [02:08,  2.08s/it]
32it [02:08,  1.55s/it]
33it [02:09,  1.42s/it]
33it [02:09,  3.93s/it]
Compute metrics for 2072 samples
final/VideoMetricType.FVD : 192.257675
{'final/VideoMetricType.FVD': 192.25767517089844}
Number of frames in the videos: 16
Real data options:
{'class_name': 'tools.utils.dataset.VideoFramesFolderDataset', 'path': '/scratch/s224075134/temporal_diffusion/datasets/video/ucf101/images', 'cfg': {'max_num_frames': 10000}, 'load_n_consecutive': 16, 'subsample_factor': 3, 'discard_short_videos': True, 'xflip': False, 'resolution': 256, 'use_labels': False}
Fake data options:
{'class_name': 'tools.utils.dataset.VideoDataset', 'path': 'generation/ucf101_img256/000-FusedMatLatteIMG-XL-128-512-2-concat-F16S3-ucf101_img256-ImageNetPretrained-Compile-Amp-loadpixel/ddpm_250/0670000', 'cfg': {'max_num_frames': 10000}, 'load_n_consecutive': 16, 'load_n_consecutive_random_offset': False, 'subsample_factor': 1, 'xflip': False, 'resolution': 256, 'use_labels': False}
3
self._path generation/ucf101_img256/000-FusedMatLatteIMG-XL-128-512-2-concat-F16S3-ucf101_img256-ImageNetPretrained-Compile-Amp-loadpixel/ddpm_250/0670000
num_items: 2072
len(real_dataset): 13298
/scratch/s224075134/miniconda/envs/latte/lib/python3.12/site-packages/torch/utils/data/dataloader.py:617: UserWarning: This DataLoader will create 4 worker processes in total. Our suggested max number of worker in current system is 2, which is smaller than what this DataLoader is going to create. Please be aware that excessive worker creation might get DataLoader running slow or even freeze, lower the worker number to avoid potential slowness/freeze if necessary.
  warnings.warn(
len(fake_loader): 33
len(real_loader): 33

0it [00:00, ?it/s]
1it [00:26, 26.83s/it]
2it [00:27, 11.45s/it]
3it [00:28,  6.89s/it]
4it [00:30,  4.88s/it]
5it [00:39,  6.21s/it]
6it [00:40,  4.59s/it]
7it [00:43,  4.11s/it]
8it [00:45,  3.39s/it]
9it [00:54,  4.96s/it]
10it [00:56,  4.16s/it]
11it [00:59,  3.66s/it]
12it [01:01,  3.18s/it]
13it [01:11,  5.21s/it]
14it [01:12,  4.15s/it]
15it [01:15,  3.86s/it]
16it [01:17,  3.25s/it]
17it [01:27,  5.06s/it]
18it [01:28,  4.06s/it]
19it [01:31,  3.68s/it]
20it [01:33,  3.22s/it]
21it [01:43,  5.12s/it]
22it [01:44,  3.90s/it]
23it [01:46,  3.44s/it]
24it [01:48,  3.02s/it]
25it [01:59,  5.30s/it]
26it [01:59,  3.88s/it]
27it [02:00,  2.94s/it]
28it [02:00,  2.16s/it]
29it [02:08,  3.86s/it]
30it [02:09,  2.79s/it]
31it [02:09,  2.07s/it]
32it [02:09,  1.53s/it]
33it [02:11,  1.70s/it]
33it [02:11,  4.00s/it]
Compute metrics for 2072 samples
final/VideoMetricType.FVD : 188.254379
{'final/VideoMetricType.FVD': 188.25437927246094}
Number of frames in the videos: 16
Real data options:
{'class_name': 'tools.utils.dataset.VideoFramesFolderDataset', 'path': '/scratch/s224075134/temporal_diffusion/datasets/video/ucf101/images', 'cfg': {'max_num_frames': 10000}, 'load_n_consecutive': 16, 'subsample_factor': 3, 'discard_short_videos': True, 'xflip': False, 'resolution': 256, 'use_labels': False}
Fake data options:
{'class_name': 'tools.utils.dataset.VideoDataset', 'path': 'generation/ucf101_img256/000-FusedMatLatteIMG-XL-128-512-2-concat-F16S3-ucf101_img256-ImageNetPretrained-Compile-Amp-loadpixel/ddpm_250/0670000', 'cfg': {'max_num_frames': 10000}, 'load_n_consecutive': 16, 'load_n_consecutive_random_offset': False, 'subsample_factor': 1, 'xflip': False, 'resolution': 256, 'use_labels': False}
3
self._path generation/ucf101_img256/000-FusedMatLatteIMG-XL-128-512-2-concat-F16S3-ucf101_img256-ImageNetPretrained-Compile-Amp-loadpixel/ddpm_250/0670000
num_items: 2072
len(real_dataset): 13298
/scratch/s224075134/miniconda/envs/latte/lib/python3.12/site-packages/torch/utils/data/dataloader.py:617: UserWarning: This DataLoader will create 4 worker processes in total. Our suggested max number of worker in current system is 2, which is smaller than what this DataLoader is going to create. Please be aware that excessive worker creation might get DataLoader running slow or even freeze, lower the worker number to avoid potential slowness/freeze if necessary.
  warnings.warn(
len(fake_loader): 33
len(real_loader): 33

0it [00:00, ?it/s]
1it [00:28, 28.29s/it]
2it [00:28, 11.92s/it]
3it [00:30,  7.07s/it]
4it [00:31,  5.04s/it]
5it [00:40,  6.38s/it]
6it [00:42,  4.71s/it]
7it [00:45,  4.26s/it]
8it [00:47,  3.46s/it]
9it [00:56,  5.20s/it]
10it [00:57,  4.10s/it]
11it [01:00,  3.78s/it]
12it [01:02,  3.08s/it]
13it [01:12,  5.03s/it]
14it [01:13,  4.06s/it]
15it [01:16,  3.79s/it]
16it [01:18,  3.18s/it]
17it [01:27,  4.89s/it]
18it [01:28,  3.69s/it]
19it [01:31,  3.38s/it]
20it [01:33,  3.07s/it]
21it [01:43,  5.12s/it]
22it [01:44,  3.90s/it]
23it [01:47,  3.77s/it]
24it [01:50,  3.32s/it]
25it [01:58,  4.91s/it]
26it [01:59,  3.59s/it]
27it [02:00,  2.72s/it]
28it [02:00,  2.00s/it]
29it [02:07,  3.49s/it]
30it [02:07,  2.53s/it]
31it [02:07,  1.89s/it]
32it [02:08,  1.41s/it]
33it [02:09,  1.44s/it]
33it [02:09,  3.94s/it]
Compute metrics for 2072 samples
final/VideoMetricType.FVD : 199.922256
{'final/VideoMetricType.FVD': 199.92225646972656}
Number of frames in the videos: 16
Real data options:
{'class_name': 'tools.utils.dataset.VideoFramesFolderDataset', 'path': '/scratch/s224075134/temporal_diffusion/datasets/video/ucf101/images', 'cfg': {'max_num_frames': 10000}, 'load_n_consecutive': 16, 'subsample_factor': 3, 'discard_short_videos': True, 'xflip': False, 'resolution': 256, 'use_labels': False}
Fake data options:
{'class_name': 'tools.utils.dataset.VideoDataset', 'path': 'generation/ucf101_img256/000-FusedMatLatteIMG-XL-128-512-2-concat-F16S3-ucf101_img256-ImageNetPretrained-Compile-Amp-loadpixel/ddpm_250/0670000', 'cfg': {'max_num_frames': 10000}, 'load_n_consecutive': 16, 'load_n_consecutive_random_offset': False, 'subsample_factor': 1, 'xflip': False, 'resolution': 256, 'use_labels': False}
3
self._path generation/ucf101_img256/000-FusedMatLatteIMG-XL-128-512-2-concat-F16S3-ucf101_img256-ImageNetPretrained-Compile-Amp-loadpixel/ddpm_250/0670000
num_items: 2072
len(real_dataset): 13298
/scratch/s224075134/miniconda/envs/latte/lib/python3.12/site-packages/torch/utils/data/dataloader.py:617: UserWarning: This DataLoader will create 4 worker processes in total. Our suggested max number of worker in current system is 2, which is smaller than what this DataLoader is going to create. Please be aware that excessive worker creation might get DataLoader running slow or even freeze, lower the worker number to avoid potential slowness/freeze if necessary.
  warnings.warn(
len(fake_loader): 33
len(real_loader): 33

0it [00:00, ?it/s]
1it [00:26, 26.54s/it]
2it [00:27, 11.25s/it]
3it [00:29,  6.99s/it]
4it [00:31,  5.13s/it]
5it [00:37,  5.57s/it]
6it [00:38,  4.08s/it]
7it [00:43,  4.16s/it]
8it [00:45,  3.50s/it]
9it [00:53,  4.88s/it]
10it [00:54,  3.80s/it]
11it [00:58,  3.84s/it]
12it [00:59,  2.97s/it]
13it [01:09,  4.98s/it]
14it [01:10,  3.89s/it]
15it [01:13,  3.69s/it]
16it [01:15,  3.21s/it]
17it [01:24,  4.84s/it]
18it [01:25,  3.83s/it]
19it [01:28,  3.61s/it]
20it [01:31,  3.19s/it]
21it [01:39,  4.66s/it]
22it [01:40,  3.69s/it]
23it [01:44,  3.77s/it]
24it [01:46,  3.15s/it]
25it [01:54,  4.60s/it]
26it [01:55,  3.48s/it]
27it [01:56,  2.79s/it]
28it [01:56,  2.10s/it]
29it [02:02,  3.19s/it]
30it [02:02,  2.33s/it]
31it [02:03,  1.92s/it]
32it [02:04,  1.44s/it]
33it [02:05,  1.45s/it]
33it [02:05,  3.81s/it]
Compute metrics for 2072 samples
final/VideoMetricType.FVD : 186.259583
{'final/VideoMetricType.FVD': 186.25958251953125}
Number of frames in the videos: 16
Real data options:
{'class_name': 'tools.utils.dataset.VideoFramesFolderDataset', 'path': '/scratch/s224075134/temporal_diffusion/datasets/video/ucf101/images', 'cfg': {'max_num_frames': 10000}, 'load_n_consecutive': 16, 'subsample_factor': 3, 'discard_short_videos': True, 'xflip': False, 'resolution': 256, 'use_labels': False}
Fake data options:
{'class_name': 'tools.utils.dataset.VideoDataset', 'path': 'generation/ucf101_img256/000-FusedMatLatteIMG-XL-128-512-2-concat-F16S3-ucf101_img256-ImageNetPretrained-Compile-Amp-loadpixel/ddpm_250/0670000', 'cfg': {'max_num_frames': 10000}, 'load_n_consecutive': 16, 'load_n_consecutive_random_offset': False, 'subsample_factor': 1, 'xflip': False, 'resolution': 256, 'use_labels': False}
3
self._path generation/ucf101_img256/000-FusedMatLatteIMG-XL-128-512-2-concat-F16S3-ucf101_img256-ImageNetPretrained-Compile-Amp-loadpixel/ddpm_250/0670000
num_items: 2072
len(real_dataset): 13298
/scratch/s224075134/miniconda/envs/latte/lib/python3.12/site-packages/torch/utils/data/dataloader.py:617: UserWarning: This DataLoader will create 4 worker processes in total. Our suggested max number of worker in current system is 2, which is smaller than what this DataLoader is going to create. Please be aware that excessive worker creation might get DataLoader running slow or even freeze, lower the worker number to avoid potential slowness/freeze if necessary.
  warnings.warn(
len(fake_loader): 33
len(real_loader): 33

0it [00:00, ?it/s]
1it [00:27, 27.83s/it]
2it [00:28, 11.89s/it]
3it [00:30,  7.34s/it]
4it [00:32,  5.19s/it]
5it [00:39,  5.94s/it]
6it [00:40,  4.33s/it]
7it [00:44,  4.01s/it]
8it [00:46,  3.48s/it]
9it [00:55,  5.19s/it]
10it [00:56,  4.00s/it]
11it [00:59,  3.61s/it]
12it [01:02,  3.30s/it]
13it [01:11,  5.05s/it]
14it [01:12,  3.79s/it]
15it [01:14,  3.50s/it]
16it [01:17,  3.08s/it]
17it [01:27,  5.15s/it]
18it [01:27,  3.90s/it]
19it [01:30,  3.51s/it]
20it [01:32,  3.08s/it]
21it [01:42,  5.14s/it]
22it [01:43,  4.00s/it]
23it [01:47,  3.87s/it]
24it [01:49,  3.31s/it]
25it [01:58,  5.00s/it]
26it [01:59,  3.72s/it]
27it [01:59,  2.76s/it]
28it [02:00,  2.03s/it]
29it [02:06,  3.40s/it]
30it [02:06,  2.48s/it]
31it [02:07,  1.91s/it]
32it [02:07,  1.43s/it]
33it [02:09,  1.47s/it]
33it [02:09,  3.93s/it]
Compute metrics for 2072 samples
final/VideoMetricType.FVD : 196.931610
{'final/VideoMetricType.FVD': 196.93161010742188}
Number of frames in the videos: 16
Real data options:
{'class_name': 'tools.utils.dataset.VideoFramesFolderDataset', 'path': '/scratch/s224075134/temporal_diffusion/datasets/video/ucf101/images', 'cfg': {'max_num_frames': 10000}, 'load_n_consecutive': 16, 'subsample_factor': 3, 'discard_short_videos': True, 'xflip': False, 'resolution': 256, 'use_labels': False}
Fake data options:
{'class_name': 'tools.utils.dataset.VideoDataset', 'path': 'generation/ucf101_img256/000-FusedMatLatteIMG-XL-128-512-2-concat-F16S3-ucf101_img256-ImageNetPretrained-Compile-Amp-loadpixel/ddpm_250/0670000', 'cfg': {'max_num_frames': 10000}, 'load_n_consecutive': 16, 'load_n_consecutive_random_offset': False, 'subsample_factor': 1, 'xflip': False, 'resolution': 256, 'use_labels': False}
3
self._path generation/ucf101_img256/000-FusedMatLatteIMG-XL-128-512-2-concat-F16S3-ucf101_img256-ImageNetPretrained-Compile-Amp-loadpixel/ddpm_250/0670000
num_items: 2072
len(real_dataset): 13298
/scratch/s224075134/miniconda/envs/latte/lib/python3.12/site-packages/torch/utils/data/dataloader.py:617: UserWarning: This DataLoader will create 4 worker processes in total. Our suggested max number of worker in current system is 2, which is smaller than what this DataLoader is going to create. Please be aware that excessive worker creation might get DataLoader running slow or even freeze, lower the worker number to avoid potential slowness/freeze if necessary.
  warnings.warn(
len(fake_loader): 33
len(real_loader): 33

0it [00:00, ?it/s]
1it [00:27, 27.84s/it]
2it [00:28, 11.76s/it]
3it [00:29,  7.04s/it]
4it [00:31,  4.92s/it]
5it [00:39,  5.94s/it]
6it [00:40,  4.44s/it]
7it [00:44,  4.15s/it]
8it [00:46,  3.54s/it]
9it [00:54,  4.92s/it]
10it [00:56,  4.17s/it]
11it [00:59,  3.66s/it]
12it [01:01,  3.24s/it]
13it [01:10,  4.83s/it]
14it [01:12,  4.17s/it]
15it [01:15,  3.83s/it]
16it [01:17,  3.24s/it]
17it [01:25,  4.71s/it]
18it [01:28,  4.01s/it]
19it [01:31,  3.66s/it]
20it [01:33,  3.18s/it]
21it [01:41,  4.70s/it]
22it [01:44,  4.31s/it]
23it [01:47,  3.83s/it]
24it [01:49,  3.23s/it]
25it [01:56,  4.54s/it]
26it [01:59,  3.84s/it]
27it [01:59,  2.84s/it]
28it [01:59,  2.08s/it]
29it [02:06,  3.28s/it]
30it [02:07,  2.80s/it]
31it [02:08,  2.09s/it]
32it [02:08,  1.55s/it]
33it [02:09,  1.42s/it]
33it [02:09,  3.93s/it]
Compute metrics for 2072 samples
final/VideoMetricType.FVD : 184.079987
{'final/VideoMetricType.FVD': 184.07998657226562}
Number of frames in the videos: 16
Real data options:
{'class_name': 'tools.utils.dataset.VideoFramesFolderDataset', 'path': '/scratch/s224075134/temporal_diffusion/datasets/video/ucf101/images', 'cfg': {'max_num_frames': 10000}, 'load_n_consecutive': 16, 'subsample_factor': 3, 'discard_short_videos': True, 'xflip': False, 'resolution': 256, 'use_labels': False}
Fake data options:
{'class_name': 'tools.utils.dataset.VideoDataset', 'path': 'generation/ucf101_img256/000-FusedMatLatteIMG-XL-128-512-2-concat-F16S3-ucf101_img256-ImageNetPretrained-Compile-Amp-loadpixel/ddpm_250/0670000', 'cfg': {'max_num_frames': 10000}, 'load_n_consecutive': 16, 'load_n_consecutive_random_offset': False, 'subsample_factor': 1, 'xflip': False, 'resolution': 256, 'use_labels': False}
3
self._path generation/ucf101_img256/000-FusedMatLatteIMG-XL-128-512-2-concat-F16S3-ucf101_img256-ImageNetPretrained-Compile-Amp-loadpixel/ddpm_250/0670000
num_items: 2072
len(real_dataset): 13298
/scratch/s224075134/miniconda/envs/latte/lib/python3.12/site-packages/torch/utils/data/dataloader.py:617: UserWarning: This DataLoader will create 4 worker processes in total. Our suggested max number of worker in current system is 2, which is smaller than what this DataLoader is going to create. Please be aware that excessive worker creation might get DataLoader running slow or even freeze, lower the worker number to avoid potential slowness/freeze if necessary.
  warnings.warn(
len(fake_loader): 33
len(real_loader): 33

0it [00:00, ?it/s]
1it [00:27, 27.46s/it]
2it [00:28, 11.76s/it]
3it [00:29,  7.10s/it]
4it [00:31,  4.99s/it]
5it [00:39,  5.96s/it]
6it [00:40,  4.43s/it]
7it [00:44,  4.10s/it]
8it [00:46,  3.42s/it]
9it [00:54,  4.97s/it]
10it [00:56,  4.09s/it]
11it [00:59,  3.66s/it]
12it [01:01,  3.14s/it]
13it [01:09,  4.83s/it]
14it [01:12,  4.09s/it]
15it [01:15,  3.79s/it]
16it [01:17,  3.30s/it]
17it [01:25,  4.71s/it]
18it [01:28,  4.07s/it]
19it [01:31,  3.86s/it]
20it [01:33,  3.36s/it]
21it [01:41,  4.59s/it]
22it [01:44,  4.36s/it]
23it [01:47,  3.78s/it]
24it [01:49,  3.27s/it]
25it [01:57,  4.65s/it]
26it [01:59,  3.84s/it]
27it [01:59,  2.82s/it]
28it [02:00,  2.07s/it]
29it [02:06,  3.34s/it]
30it [02:07,  2.74s/it]
31it [02:08,  2.04s/it]
32it [02:08,  1.52s/it]
33it [02:09,  1.40s/it]
33it [02:09,  3.93s/it]
Compute metrics for 2072 samples
final/VideoMetricType.FVD : 192.166977
{'final/VideoMetricType.FVD': 192.16697692871094}
Number of frames in the videos: 16
Real data options:
{'class_name': 'tools.utils.dataset.VideoFramesFolderDataset', 'path': '/scratch/s224075134/temporal_diffusion/datasets/video/ucf101/images', 'cfg': {'max_num_frames': 10000}, 'load_n_consecutive': 16, 'subsample_factor': 3, 'discard_short_videos': True, 'xflip': False, 'resolution': 256, 'use_labels': False}
Fake data options:
{'class_name': 'tools.utils.dataset.VideoDataset', 'path': 'generation/ucf101_img256/000-FusedMatLatteIMG-XL-128-512-2-concat-F16S3-ucf101_img256-ImageNetPretrained-Compile-Amp-loadpixel/ddpm_250/0670000', 'cfg': {'max_num_frames': 10000}, 'load_n_consecutive': 16, 'load_n_consecutive_random_offset': False, 'subsample_factor': 1, 'xflip': False, 'resolution': 256, 'use_labels': False}
3
self._path generation/ucf101_img256/000-FusedMatLatteIMG-XL-128-512-2-concat-F16S3-ucf101_img256-ImageNetPretrained-Compile-Amp-loadpixel/ddpm_250/0670000
num_items: 2072
len(real_dataset): 13298
/scratch/s224075134/miniconda/envs/latte/lib/python3.12/site-packages/torch/utils/data/dataloader.py:617: UserWarning: This DataLoader will create 4 worker processes in total. Our suggested max number of worker in current system is 2, which is smaller than what this DataLoader is going to create. Please be aware that excessive worker creation might get DataLoader running slow or even freeze, lower the worker number to avoid potential slowness/freeze if necessary.
  warnings.warn(
len(fake_loader): 33
len(real_loader): 33

0it [00:00, ?it/s]
1it [00:27, 27.64s/it]
2it [00:28, 11.78s/it]
3it [00:29,  7.08s/it]
4it [00:31,  4.91s/it]
5it [00:39,  5.94s/it]
6it [00:40,  4.36s/it]
7it [00:43,  4.02s/it]
8it [00:45,  3.45s/it]
9it [00:55,  5.29s/it]
10it [00:56,  4.04s/it]
11it [01:00,  3.97s/it]
12it [01:02,  3.42s/it]
13it [01:11,  5.00s/it]
14it [01:12,  3.92s/it]
15it [01:16,  3.82s/it]
16it [01:18,  3.33s/it]
17it [01:27,  4.99s/it]
18it [01:28,  3.94s/it]
19it [01:31,  3.62s/it]
20it [01:33,  3.08s/it]
21it [01:42,  4.97s/it]
22it [01:44,  3.91s/it]
23it [01:47,  3.73s/it]
24it [01:49,  3.21s/it]
25it [01:59,  5.16s/it]
26it [02:00,  3.87s/it]
27it [02:00,  2.86s/it]
28it [02:00,  2.10s/it]
29it [02:07,  3.48s/it]
30it [02:07,  2.53s/it]
31it [02:08,  1.89s/it]
32it [02:08,  1.41s/it]
33it [02:10,  1.43s/it]
33it [02:10,  3.95s/it]
Compute metrics for 2072 samples
final/VideoMetricType.FVD : 194.327759
{'final/VideoMetricType.FVD': 194.3277587890625}
Number of frames in the videos: 16
Real data options:
{'class_name': 'tools.utils.dataset.VideoFramesFolderDataset', 'path': '/scratch/s224075134/temporal_diffusion/datasets/video/ucf101/images', 'cfg': {'max_num_frames': 10000}, 'load_n_consecutive': 16, 'subsample_factor': 3, 'discard_short_videos': True, 'xflip': False, 'resolution': 256, 'use_labels': False}
Fake data options:
{'class_name': 'tools.utils.dataset.VideoDataset', 'path': 'generation/ucf101_img256/000-FusedMatLatteIMG-XL-128-512-2-concat-F16S3-ucf101_img256-ImageNetPretrained-Compile-Amp-loadpixel/ddpm_250/0670000', 'cfg': {'max_num_frames': 10000}, 'load_n_consecutive': 16, 'load_n_consecutive_random_offset': False, 'subsample_factor': 1, 'xflip': False, 'resolution': 256, 'use_labels': False}
3
self._path generation/ucf101_img256/000-FusedMatLatteIMG-XL-128-512-2-concat-F16S3-ucf101_img256-ImageNetPretrained-Compile-Amp-loadpixel/ddpm_250/0670000
num_items: 2072
len(real_dataset): 13298
/scratch/s224075134/miniconda/envs/latte/lib/python3.12/site-packages/torch/utils/data/dataloader.py:617: UserWarning: This DataLoader will create 4 worker processes in total. Our suggested max number of worker in current system is 2, which is smaller than what this DataLoader is going to create. Please be aware that excessive worker creation might get DataLoader running slow or even freeze, lower the worker number to avoid potential slowness/freeze if necessary.
  warnings.warn(
len(fake_loader): 33
len(real_loader): 33

0it [00:00, ?it/s]
1it [00:28, 28.08s/it]
2it [00:28, 11.97s/it]
3it [00:31,  7.69s/it]
4it [00:33,  5.45s/it]
5it [00:39,  5.67s/it]
6it [00:41,  4.42s/it]
7it [00:44,  4.06s/it]
8it [00:46,  3.41s/it]
9it [00:55,  5.01s/it]
10it [00:56,  3.93s/it]
11it [01:00,  3.71s/it]
12it [01:01,  3.16s/it]
13it [01:10,  4.89s/it]
14it [01:12,  4.05s/it]
15it [01:15,  3.58s/it]
16it [01:17,  3.13s/it]
17it [01:26,  5.01s/it]
18it [01:29,  4.37s/it]
19it [01:32,  3.85s/it]
20it [01:34,  3.30s/it]
21it [01:42,  4.67s/it]
22it [01:45,  4.23s/it]
23it [01:47,  3.69s/it]
24it [01:50,  3.22s/it]
25it [01:58,  4.72s/it]
26it [01:59,  3.74s/it]
27it [02:00,  2.75s/it]
28it [02:00,  2.02s/it]
29it [02:06,  3.36s/it]
30it [02:07,  2.54s/it]
31it [02:07,  1.90s/it]
32it [02:08,  1.42s/it]
33it [02:09,  1.38s/it]
33it [02:09,  3.93s/it]
Compute metrics for 2072 samples
final/VideoMetricType.FVD : 187.552689
{'final/VideoMetricType.FVD': 187.5526885986328}
Number of frames in the videos: 16
Real data options:
{'class_name': 'tools.utils.dataset.VideoFramesFolderDataset', 'path': '/scratch/s224075134/temporal_diffusion/datasets/video/ucf101/images', 'cfg': {'max_num_frames': 10000}, 'load_n_consecutive': 16, 'subsample_factor': 3, 'discard_short_videos': True, 'xflip': False, 'resolution': 256, 'use_labels': False}
Fake data options:
{'class_name': 'tools.utils.dataset.VideoDataset', 'path': 'generation/ucf101_img256/000-FusedMatLatteIMG-XL-128-512-2-concat-F16S3-ucf101_img256-ImageNetPretrained-Compile-Amp-loadpixel/ddpm_250/0670000', 'cfg': {'max_num_frames': 10000}, 'load_n_consecutive': 16, 'load_n_consecutive_random_offset': False, 'subsample_factor': 1, 'xflip': False, 'resolution': 256, 'use_labels': False}
3
self._path generation/ucf101_img256/000-FusedMatLatteIMG-XL-128-512-2-concat-F16S3-ucf101_img256-ImageNetPretrained-Compile-Amp-loadpixel/ddpm_250/0670000
num_items: 2072
len(real_dataset): 13298
/scratch/s224075134/miniconda/envs/latte/lib/python3.12/site-packages/torch/utils/data/dataloader.py:617: UserWarning: This DataLoader will create 4 worker processes in total. Our suggested max number of worker in current system is 2, which is smaller than what this DataLoader is going to create. Please be aware that excessive worker creation might get DataLoader running slow or even freeze, lower the worker number to avoid potential slowness/freeze if necessary.
  warnings.warn(
len(fake_loader): 33
len(real_loader): 33

0it [00:00, ?it/s]
1it [00:28, 28.26s/it]
2it [00:28, 12.06s/it]
3it [00:31,  7.67s/it]
4it [00:33,  5.44s/it]
5it [00:40,  5.89s/it]
6it [00:41,  4.19s/it]
7it [00:45,  4.14s/it]
8it [00:47,  3.48s/it]
9it [00:56,  5.21s/it]
10it [00:57,  3.91s/it]
11it [01:00,  3.83s/it]
12it [01:03,  3.36s/it]
13it [01:12,  5.13s/it]
14it [01:13,  4.07s/it]
15it [01:17,  3.96s/it]
16it [01:18,  3.10s/it]
17it [01:27,  4.95s/it]
18it [01:29,  3.83s/it]
19it [01:31,  3.38s/it]
20it [01:34,  3.17s/it]
21it [01:43,  4.90s/it]
22it [01:44,  3.88s/it]
23it [01:47,  3.58s/it]
24it [01:49,  3.10s/it]
25it [01:58,  4.93s/it]
26it [01:59,  3.68s/it]
27it [02:00,  2.82s/it]
28it [02:00,  2.10s/it]
29it [02:07,  3.42s/it]
30it [02:07,  2.50s/it]
31it [02:08,  1.91s/it]
32it [02:08,  1.45s/it]
33it [02:10,  1.55s/it]
33it [02:10,  3.95s/it]
Compute metrics for 2072 samples
final/VideoMetricType.FVD : 189.035202
{'final/VideoMetricType.FVD': 189.0352020263672}
Number of frames in the videos: 16
Real data options:
{'class_name': 'tools.utils.dataset.VideoFramesFolderDataset', 'path': '/scratch/s224075134/temporal_diffusion/datasets/video/ucf101/images', 'cfg': {'max_num_frames': 10000}, 'load_n_consecutive': 16, 'subsample_factor': 3, 'discard_short_videos': True, 'xflip': False, 'resolution': 256, 'use_labels': False}
Fake data options:
{'class_name': 'tools.utils.dataset.VideoDataset', 'path': 'generation/ucf101_img256/000-FusedMatLatteIMG-XL-128-512-2-concat-F16S3-ucf101_img256-ImageNetPretrained-Compile-Amp-loadpixel/ddpm_250/0670000', 'cfg': {'max_num_frames': 10000}, 'load_n_consecutive': 16, 'load_n_consecutive_random_offset': False, 'subsample_factor': 1, 'xflip': False, 'resolution': 256, 'use_labels': False}
3
self._path generation/ucf101_img256/000-FusedMatLatteIMG-XL-128-512-2-concat-F16S3-ucf101_img256-ImageNetPretrained-Compile-Amp-loadpixel/ddpm_250/0670000
num_items: 2072
len(real_dataset): 13298
/scratch/s224075134/miniconda/envs/latte/lib/python3.12/site-packages/torch/utils/data/dataloader.py:617: UserWarning: This DataLoader will create 4 worker processes in total. Our suggested max number of worker in current system is 2, which is smaller than what this DataLoader is going to create. Please be aware that excessive worker creation might get DataLoader running slow or even freeze, lower the worker number to avoid potential slowness/freeze if necessary.
  warnings.warn(
len(fake_loader): 33
len(real_loader): 33

0it [00:00, ?it/s]
1it [00:28, 28.42s/it]
2it [00:29, 12.19s/it]
3it [00:31,  7.78s/it]
4it [00:33,  5.45s/it]
5it [00:39,  5.69s/it]
6it [00:40,  4.10s/it]
7it [00:43,  3.66s/it]
8it [00:46,  3.39s/it]
9it [00:55,  5.16s/it]
10it [00:56,  3.81s/it]
11it [00:58,  3.36s/it]
12it [01:01,  3.21s/it]
13it [01:11,  5.19s/it]
14it [01:11,  3.87s/it]
15it [01:14,  3.43s/it]
16it [01:16,  3.06s/it]
17it [01:27,  5.27s/it]
18it [01:28,  3.99s/it]
19it [01:30,  3.58s/it]
20it [01:33,  3.29s/it]
21it [01:43,  5.25s/it]
22it [01:44,  4.08s/it]
23it [01:47,  3.75s/it]
24it [01:49,  3.20s/it]
25it [01:58,  4.99s/it]
26it [01:59,  3.72s/it]
27it [02:00,  2.87s/it]
28it [02:00,  2.17s/it]
29it [02:07,  3.43s/it]
30it [02:07,  2.49s/it]
31it [02:07,  1.87s/it]
32it [02:08,  1.40s/it]
33it [02:09,  1.40s/it]
33it [02:09,  3.93s/it]
Compute metrics for 2072 samples
final/VideoMetricType.FVD : 190.817139
{'final/VideoMetricType.FVD': 190.817138671875}
Number of frames in the videos: 16
Real data options:
{'class_name': 'tools.utils.dataset.VideoFramesFolderDataset', 'path': '/scratch/s224075134/temporal_diffusion/datasets/video/ucf101/images', 'cfg': {'max_num_frames': 10000}, 'load_n_consecutive': 16, 'subsample_factor': 3, 'discard_short_videos': True, 'xflip': False, 'resolution': 256, 'use_labels': False}
Fake data options:
{'class_name': 'tools.utils.dataset.VideoDataset', 'path': 'generation/ucf101_img256/000-FusedMatLatteIMG-XL-128-512-2-concat-F16S3-ucf101_img256-ImageNetPretrained-Compile-Amp-loadpixel/ddpm_250/0670000', 'cfg': {'max_num_frames': 10000}, 'load_n_consecutive': 16, 'load_n_consecutive_random_offset': False, 'subsample_factor': 1, 'xflip': False, 'resolution': 256, 'use_labels': False}
3
self._path generation/ucf101_img256/000-FusedMatLatteIMG-XL-128-512-2-concat-F16S3-ucf101_img256-ImageNetPretrained-Compile-Amp-loadpixel/ddpm_250/0670000
num_items: 2072
len(real_dataset): 13298
/scratch/s224075134/miniconda/envs/latte/lib/python3.12/site-packages/torch/utils/data/dataloader.py:617: UserWarning: This DataLoader will create 4 worker processes in total. Our suggested max number of worker in current system is 2, which is smaller than what this DataLoader is going to create. Please be aware that excessive worker creation might get DataLoader running slow or even freeze, lower the worker number to avoid potential slowness/freeze if necessary.
  warnings.warn(
len(fake_loader): 33
len(real_loader): 33

0it [00:00, ?it/s]
1it [00:27, 27.47s/it]
2it [00:28, 11.83s/it]
3it [00:30,  7.35s/it]
4it [00:32,  5.38s/it]
5it [00:39,  5.83s/it]
6it [00:40,  4.25s/it]
7it [00:44,  4.06s/it]
8it [00:46,  3.51s/it]
9it [00:55,  5.21s/it]
10it [00:56,  3.90s/it]
11it [00:59,  3.78s/it]
12it [01:01,  3.25s/it]
13it [01:10,  4.90s/it]
14it [01:11,  3.72s/it]
15it [01:15,  3.83s/it]
16it [01:17,  3.29s/it]
17it [01:27,  5.06s/it]
18it [01:27,  3.83s/it]
19it [01:30,  3.56s/it]
20it [01:33,  3.16s/it]
21it [01:42,  4.93s/it]
22it [01:43,  3.80s/it]
23it [01:48,  4.10s/it]
24it [01:49,  3.39s/it]
25it [01:57,  4.64s/it]
26it [01:58,  3.50s/it]
27it [02:00,  3.12s/it]
28it [02:00,  2.28s/it]
29it [02:05,  3.14s/it]
30it [02:06,  2.51s/it]
31it [02:08,  2.14s/it]
32it [02:08,  1.58s/it]
33it [02:09,  1.45s/it]
33it [02:09,  3.93s/it]
Compute metrics for 2072 samples
final/VideoMetricType.FVD : 190.281387
{'final/VideoMetricType.FVD': 190.28138732910156}
Number of frames in the videos: 16
Real data options:
{'class_name': 'tools.utils.dataset.VideoFramesFolderDataset', 'path': '/scratch/s224075134/temporal_diffusion/datasets/video/ucf101/images', 'cfg': {'max_num_frames': 10000}, 'load_n_consecutive': 16, 'subsample_factor': 3, 'discard_short_videos': True, 'xflip': False, 'resolution': 256, 'use_labels': False}
Fake data options:
{'class_name': 'tools.utils.dataset.VideoDataset', 'path': 'generation/ucf101_img256/000-FusedMatLatteIMG-XL-128-512-2-concat-F16S3-ucf101_img256-ImageNetPretrained-Compile-Amp-loadpixel/ddpm_250/0670000', 'cfg': {'max_num_frames': 10000}, 'load_n_consecutive': 16, 'load_n_consecutive_random_offset': False, 'subsample_factor': 1, 'xflip': False, 'resolution': 256, 'use_labels': False}
3
self._path generation/ucf101_img256/000-FusedMatLatteIMG-XL-128-512-2-concat-F16S3-ucf101_img256-ImageNetPretrained-Compile-Amp-loadpixel/ddpm_250/0670000
num_items: 2072
len(real_dataset): 13298
/scratch/s224075134/miniconda/envs/latte/lib/python3.12/site-packages/torch/utils/data/dataloader.py:617: UserWarning: This DataLoader will create 4 worker processes in total. Our suggested max number of worker in current system is 2, which is smaller than what this DataLoader is going to create. Please be aware that excessive worker creation might get DataLoader running slow or even freeze, lower the worker number to avoid potential slowness/freeze if necessary.
  warnings.warn(
len(fake_loader): 33
len(real_loader): 33

0it [00:00, ?it/s]
1it [00:28, 28.05s/it]
2it [00:28, 11.94s/it]
3it [00:30,  7.36s/it]
4it [00:32,  5.10s/it]
5it [00:39,  5.86s/it]
6it [00:40,  4.33s/it]
7it [00:43,  3.88s/it]
8it [00:45,  3.34s/it]
9it [00:54,  5.03s/it]
10it [00:55,  3.86s/it]
11it [00:58,  3.42s/it]
12it [01:00,  2.95s/it]
13it [01:09,  4.89s/it]
14it [01:10,  3.70s/it]
15it [01:12,  3.17s/it]
16it [01:14,  2.92s/it]
17it [01:25,  5.11s/it]
18it [01:26,  4.11s/it]
19it [01:30,  3.95s/it]
20it [01:32,  3.38s/it]
21it [01:38,  4.20s/it]
22it [01:43,  4.31s/it]
23it [01:44,  3.42s/it]
24it [01:46,  3.03s/it]
25it [01:53,  4.29s/it]
26it [01:56,  3.85s/it]
27it [01:57,  2.83s/it]
28it [01:57,  2.08s/it]
29it [02:02,  3.06s/it]
30it [02:04,  2.76s/it]
31it [02:05,  2.05s/it]
32it [02:05,  1.52s/it]
33it [02:06,  1.41s/it]
33it [02:06,  3.84s/it]
Compute metrics for 2072 samples
final/VideoMetricType.FVD : 195.582932
{'final/VideoMetricType.FVD': 195.5829315185547}
Number of frames in the videos: 16
Real data options:
{'class_name': 'tools.utils.dataset.VideoFramesFolderDataset', 'path': '/scratch/s224075134/temporal_diffusion/datasets/video/ucf101/images', 'cfg': {'max_num_frames': 10000}, 'load_n_consecutive': 16, 'subsample_factor': 3, 'discard_short_videos': True, 'xflip': False, 'resolution': 256, 'use_labels': False}
Fake data options:
{'class_name': 'tools.utils.dataset.VideoDataset', 'path': 'generation/ucf101_img256/000-FusedMatLatteIMG-XL-128-512-2-concat-F16S3-ucf101_img256-ImageNetPretrained-Compile-Amp-loadpixel/ddpm_250/0670000', 'cfg': {'max_num_frames': 10000}, 'load_n_consecutive': 16, 'load_n_consecutive_random_offset': False, 'subsample_factor': 1, 'xflip': False, 'resolution': 256, 'use_labels': False}
3
self._path generation/ucf101_img256/000-FusedMatLatteIMG-XL-128-512-2-concat-F16S3-ucf101_img256-ImageNetPretrained-Compile-Amp-loadpixel/ddpm_250/0670000
num_items: 2072
len(real_dataset): 13298
/scratch/s224075134/miniconda/envs/latte/lib/python3.12/site-packages/torch/utils/data/dataloader.py:617: UserWarning: This DataLoader will create 4 worker processes in total. Our suggested max number of worker in current system is 2, which is smaller than what this DataLoader is going to create. Please be aware that excessive worker creation might get DataLoader running slow or even freeze, lower the worker number to avoid potential slowness/freeze if necessary.
  warnings.warn(
len(fake_loader): 33
len(real_loader): 33

0it [00:00, ?it/s]
1it [00:27, 27.08s/it]
2it [00:27, 11.46s/it]
3it [00:28,  6.81s/it]
4it [00:30,  4.89s/it]
5it [00:39,  6.20s/it]
6it [00:40,  4.62s/it]
7it [00:44,  4.26s/it]
8it [00:46,  3.58s/it]
9it [00:55,  5.24s/it]
10it [00:57,  4.11s/it]
11it [01:00,  3.84s/it]
12it [01:02,  3.32s/it]
13it [01:11,  5.06s/it]
14it [01:13,  4.08s/it]
15it [01:16,  3.82s/it]
16it [01:18,  3.21s/it]
17it [01:26,  4.68s/it]
18it [01:28,  3.79s/it]
19it [01:31,  3.53s/it]
20it [01:33,  3.21s/it]
21it [01:42,  4.93s/it]
22it [01:43,  3.79s/it]
23it [01:46,  3.62s/it]
24it [01:49,  3.25s/it]
25it [01:57,  4.91s/it]
26it [01:59,  3.89s/it]
27it [02:00,  2.95s/it]
28it [02:00,  2.21s/it]
29it [02:06,  3.30s/it]
30it [02:07,  2.60s/it]
31it [02:07,  1.94s/it]
32it [02:08,  1.45s/it]
33it [02:09,  1.36s/it]
33it [02:09,  3.92s/it]
Compute metrics for 2072 samples
final/VideoMetricType.FVD : 188.249863
{'final/VideoMetricType.FVD': 188.24986267089844}
Number of frames in the videos: 16
Real data options:
{'class_name': 'tools.utils.dataset.VideoFramesFolderDataset', 'path': '/scratch/s224075134/temporal_diffusion/datasets/video/ucf101/images', 'cfg': {'max_num_frames': 10000}, 'load_n_consecutive': 16, 'subsample_factor': 3, 'discard_short_videos': True, 'xflip': False, 'resolution': 256, 'use_labels': False}
Fake data options:
{'class_name': 'tools.utils.dataset.VideoDataset', 'path': 'generation/ucf101_img256/000-FusedMatLatteIMG-XL-128-512-2-concat-F16S3-ucf101_img256-ImageNetPretrained-Compile-Amp-loadpixel/ddpm_250/0670000', 'cfg': {'max_num_frames': 10000}, 'load_n_consecutive': 16, 'load_n_consecutive_random_offset': False, 'subsample_factor': 1, 'xflip': False, 'resolution': 256, 'use_labels': False}
3
self._path generation/ucf101_img256/000-FusedMatLatteIMG-XL-128-512-2-concat-F16S3-ucf101_img256-ImageNetPretrained-Compile-Amp-loadpixel/ddpm_250/0670000
num_items: 2072
len(real_dataset): 13298
/scratch/s224075134/miniconda/envs/latte/lib/python3.12/site-packages/torch/utils/data/dataloader.py:617: UserWarning: This DataLoader will create 4 worker processes in total. Our suggested max number of worker in current system is 2, which is smaller than what this DataLoader is going to create. Please be aware that excessive worker creation might get DataLoader running slow or even freeze, lower the worker number to avoid potential slowness/freeze if necessary.
  warnings.warn(
len(fake_loader): 33
len(real_loader): 33

0it [00:00, ?it/s]
1it [00:27, 27.78s/it]
2it [00:28, 11.75s/it]
3it [00:31,  7.63s/it]
4it [00:33,  5.50s/it]
5it [00:39,  5.84s/it]
6it [00:40,  4.24s/it]
7it [00:43,  3.72s/it]
8it [00:45,  3.25s/it]
9it [00:54,  5.08s/it]
10it [00:55,  3.81s/it]
11it [01:00,  3.99s/it]
12it [01:01,  3.17s/it]
13it [01:11,  5.12s/it]
14it [01:12,  3.95s/it]
15it [01:16,  3.86s/it]
16it [01:17,  3.20s/it]
17it [01:26,  5.00s/it]
18it [01:27,  3.77s/it]
19it [01:32,  4.02s/it]
20it [01:33,  3.27s/it]
21it [01:42,  4.90s/it]
22it [01:43,  3.84s/it]
23it [01:48,  3.96s/it]
24it [01:49,  3.27s/it]
25it [01:58,  4.81s/it]
26it [01:59,  3.62s/it]
27it [02:00,  2.87s/it]
28it [02:00,  2.16s/it]
29it [02:06,  3.34s/it]
30it [02:07,  2.42s/it]
31it [02:07,  1.95s/it]
32it [02:08,  1.45s/it]
33it [02:09,  1.39s/it]
33it [02:09,  3.93s/it]
Compute metrics for 2072 samples
final/VideoMetricType.FVD : 195.961945
{'final/VideoMetricType.FVD': 195.96194458007812}
Number of frames in the videos: 16
Real data options:
{'class_name': 'tools.utils.dataset.VideoFramesFolderDataset', 'path': '/scratch/s224075134/temporal_diffusion/datasets/video/ucf101/images', 'cfg': {'max_num_frames': 10000}, 'load_n_consecutive': 16, 'subsample_factor': 3, 'discard_short_videos': True, 'xflip': False, 'resolution': 256, 'use_labels': False}
Fake data options:
{'class_name': 'tools.utils.dataset.VideoDataset', 'path': 'generation/ucf101_img256/000-FusedMatLatteIMG-XL-128-512-2-concat-F16S3-ucf101_img256-ImageNetPretrained-Compile-Amp-loadpixel/ddpm_250/0670000', 'cfg': {'max_num_frames': 10000}, 'load_n_consecutive': 16, 'load_n_consecutive_random_offset': False, 'subsample_factor': 1, 'xflip': False, 'resolution': 256, 'use_labels': False}
3
self._path generation/ucf101_img256/000-FusedMatLatteIMG-XL-128-512-2-concat-F16S3-ucf101_img256-ImageNetPretrained-Compile-Amp-loadpixel/ddpm_250/0670000
num_items: 2072
len(real_dataset): 13298
/scratch/s224075134/miniconda/envs/latte/lib/python3.12/site-packages/torch/utils/data/dataloader.py:617: UserWarning: This DataLoader will create 4 worker processes in total. Our suggested max number of worker in current system is 2, which is smaller than what this DataLoader is going to create. Please be aware that excessive worker creation might get DataLoader running slow or even freeze, lower the worker number to avoid potential slowness/freeze if necessary.
  warnings.warn(
len(fake_loader): 33
len(real_loader): 33

0it [00:00, ?it/s]
1it [00:27, 27.17s/it]
2it [00:27, 11.54s/it]
3it [00:28,  6.83s/it]
4it [00:30,  4.83s/it]
5it [00:38,  6.03s/it]
6it [00:40,  4.38s/it]
7it [00:43,  3.96s/it]
8it [00:45,  3.39s/it]
9it [00:53,  4.99s/it]
10it [00:55,  4.05s/it]
11it [00:58,  3.64s/it]
12it [01:00,  3.11s/it]
13it [01:08,  4.73s/it]
14it [01:11,  4.05s/it]
15it [01:14,  3.82s/it]
16it [01:16,  3.19s/it]
17it [01:24,  4.60s/it]
18it [01:26,  3.76s/it]
19it [01:28,  3.30s/it]
20it [01:31,  3.32s/it]
21it [01:39,  4.82s/it]
22it [01:41,  3.91s/it]
23it [01:45,  3.85s/it]
24it [01:47,  3.31s/it]
25it [01:54,  4.56s/it]
26it [01:56,  3.66s/it]
27it [01:56,  2.69s/it]
28it [01:58,  2.20s/it]
29it [02:03,  3.11s/it]
30it [02:04,  2.46s/it]
31it [02:04,  1.86s/it]
32it [02:05,  1.40s/it]
33it [02:06,  1.36s/it]
33it [02:06,  3.83s/it]
Compute metrics for 2072 samples
final/VideoMetricType.FVD : 190.010086
{'final/VideoMetricType.FVD': 190.0100860595703}
Number of frames in the videos: 16
Real data options:
{'class_name': 'tools.utils.dataset.VideoFramesFolderDataset', 'path': '/scratch/s224075134/temporal_diffusion/datasets/video/ucf101/images', 'cfg': {'max_num_frames': 10000}, 'load_n_consecutive': 16, 'subsample_factor': 3, 'discard_short_videos': True, 'xflip': False, 'resolution': 256, 'use_labels': False}
Fake data options:
{'class_name': 'tools.utils.dataset.VideoDataset', 'path': 'generation/ucf101_img256/000-FusedMatLatteIMG-XL-128-512-2-concat-F16S3-ucf101_img256-ImageNetPretrained-Compile-Amp-loadpixel/ddpm_250/0670000', 'cfg': {'max_num_frames': 10000}, 'load_n_consecutive': 16, 'load_n_consecutive_random_offset': False, 'subsample_factor': 1, 'xflip': False, 'resolution': 256, 'use_labels': False}
3
self._path generation/ucf101_img256/000-FusedMatLatteIMG-XL-128-512-2-concat-F16S3-ucf101_img256-ImageNetPretrained-Compile-Amp-loadpixel/ddpm_250/0670000
num_items: 2072
len(real_dataset): 13298
/scratch/s224075134/miniconda/envs/latte/lib/python3.12/site-packages/torch/utils/data/dataloader.py:617: UserWarning: This DataLoader will create 4 worker processes in total. Our suggested max number of worker in current system is 2, which is smaller than what this DataLoader is going to create. Please be aware that excessive worker creation might get DataLoader running slow or even freeze, lower the worker number to avoid potential slowness/freeze if necessary.
  warnings.warn(
len(fake_loader): 33
len(real_loader): 33

0it [00:00, ?it/s]
1it [00:26, 26.11s/it]
2it [00:26, 11.12s/it]
3it [00:28,  6.72s/it]
4it [00:30,  4.93s/it]
5it [00:38,  5.98s/it]
6it [00:39,  4.49s/it]
7it [00:43,  4.09s/it]
8it [00:45,  3.54s/it]
9it [00:53,  5.09s/it]
10it [00:55,  3.94s/it]
11it [00:58,  3.72s/it]
12it [01:01,  3.34s/it]
13it [01:09,  4.90s/it]
14it [01:10,  3.79s/it]
15it [01:13,  3.58s/it]
16it [01:15,  3.14s/it]
17it [01:24,  4.81s/it]
18it [01:25,  3.65s/it]
19it [01:27,  3.22s/it]
20it [01:30,  2.98s/it]
21it [01:40,  5.23s/it]
22it [01:42,  4.06s/it]
23it [01:45,  3.94s/it]
24it [01:47,  3.41s/it]
25it [01:56,  4.84s/it]
26it [01:56,  3.57s/it]
27it [01:57,  2.70s/it]
28it [01:57,  2.08s/it]
29it [02:04,  3.33s/it]
30it [02:04,  2.42s/it]
31it [02:04,  1.82s/it]
32it [02:05,  1.36s/it]
33it [02:06,  1.38s/it]
33it [02:06,  3.84s/it]
Compute metrics for 2072 samples
final/VideoMetricType.FVD : 174.860901
{'final/VideoMetricType.FVD': 174.86090087890625}
Number of frames in the videos: 16
Real data options:
{'class_name': 'tools.utils.dataset.VideoFramesFolderDataset', 'path': '/scratch/s224075134/temporal_diffusion/datasets/video/ucf101/images', 'cfg': {'max_num_frames': 10000}, 'load_n_consecutive': 16, 'subsample_factor': 3, 'discard_short_videos': True, 'xflip': False, 'resolution': 256, 'use_labels': False}
Fake data options:
{'class_name': 'tools.utils.dataset.VideoDataset', 'path': 'generation/ucf101_img256/000-FusedMatLatteIMG-XL-128-512-2-concat-F16S3-ucf101_img256-ImageNetPretrained-Compile-Amp-loadpixel/ddpm_250/0670000', 'cfg': {'max_num_frames': 10000}, 'load_n_consecutive': 16, 'load_n_consecutive_random_offset': False, 'subsample_factor': 1, 'xflip': False, 'resolution': 256, 'use_labels': False}
3
self._path generation/ucf101_img256/000-FusedMatLatteIMG-XL-128-512-2-concat-F16S3-ucf101_img256-ImageNetPretrained-Compile-Amp-loadpixel/ddpm_250/0670000
num_items: 2072
len(real_dataset): 13298
/scratch/s224075134/miniconda/envs/latte/lib/python3.12/site-packages/torch/utils/data/dataloader.py:617: UserWarning: This DataLoader will create 4 worker processes in total. Our suggested max number of worker in current system is 2, which is smaller than what this DataLoader is going to create. Please be aware that excessive worker creation might get DataLoader running slow or even freeze, lower the worker number to avoid potential slowness/freeze if necessary.
  warnings.warn(
len(fake_loader): 33
len(real_loader): 33

0it [00:00, ?it/s]
1it [00:28, 28.44s/it]
2it [00:28, 12.00s/it]
3it [00:30,  7.35s/it]
4it [00:32,  4.99s/it]
5it [00:39,  5.98s/it]
6it [00:41,  4.39s/it]
7it [00:44,  3.97s/it]
8it [00:46,  3.45s/it]
9it [00:55,  5.15s/it]
10it [00:56,  3.89s/it]
11it [00:59,  3.47s/it]
12it [01:01,  3.28s/it]
13it [01:12,  5.34s/it]
14it [01:13,  4.15s/it]
15it [01:16,  3.88s/it]
16it [01:18,  3.24s/it]
17it [01:27,  5.06s/it]
18it [01:29,  3.94s/it]
19it [01:33,  3.97s/it]
20it [01:34,  3.28s/it]
21it [01:43,  4.90s/it]
22it [01:44,  3.80s/it]
23it [01:47,  3.59s/it]
24it [01:49,  3.13s/it]
25it [01:59,  5.09s/it]
26it [02:00,  3.74s/it]
27it [02:00,  2.81s/it]
28it [02:01,  2.06s/it]
29it [02:07,  3.39s/it]
30it [02:07,  2.46s/it]
31it [02:08,  1.84s/it]
32it [02:08,  1.38s/it]
33it [02:10,  1.42s/it]
33it [02:10,  3.94s/it]
Compute metrics for 2072 samples
final/VideoMetricType.FVD : 177.976898
{'final/VideoMetricType.FVD': 177.97689819335938}
Number of frames in the videos: 16
Real data options:
{'class_name': 'tools.utils.dataset.VideoFramesFolderDataset', 'path': '/scratch/s224075134/temporal_diffusion/datasets/video/ucf101/images', 'cfg': {'max_num_frames': 10000}, 'load_n_consecutive': 16, 'subsample_factor': 3, 'discard_short_videos': True, 'xflip': False, 'resolution': 256, 'use_labels': False}
Fake data options:
{'class_name': 'tools.utils.dataset.VideoDataset', 'path': 'generation/ucf101_img256/000-FusedMatLatteIMG-XL-128-512-2-concat-F16S3-ucf101_img256-ImageNetPretrained-Compile-Amp-loadpixel/ddpm_250/0670000', 'cfg': {'max_num_frames': 10000}, 'load_n_consecutive': 16, 'load_n_consecutive_random_offset': False, 'subsample_factor': 1, 'xflip': False, 'resolution': 256, 'use_labels': False}
3
self._path generation/ucf101_img256/000-FusedMatLatteIMG-XL-128-512-2-concat-F16S3-ucf101_img256-ImageNetPretrained-Compile-Amp-loadpixel/ddpm_250/0670000
num_items: 2072
len(real_dataset): 13298
/scratch/s224075134/miniconda/envs/latte/lib/python3.12/site-packages/torch/utils/data/dataloader.py:617: UserWarning: This DataLoader will create 4 worker processes in total. Our suggested max number of worker in current system is 2, which is smaller than what this DataLoader is going to create. Please be aware that excessive worker creation might get DataLoader running slow or even freeze, lower the worker number to avoid potential slowness/freeze if necessary.
  warnings.warn(
len(fake_loader): 33
len(real_loader): 33

0it [00:00, ?it/s]
1it [00:27, 27.32s/it]
2it [00:28, 11.75s/it]
3it [00:30,  7.42s/it]
4it [00:32,  5.19s/it]
5it [00:39,  5.80s/it]
6it [00:40,  4.35s/it]
7it [00:44,  4.08s/it]
8it [00:46,  3.39s/it]
9it [00:54,  4.92s/it]
10it [00:55,  3.86s/it]
11it [00:58,  3.39s/it]
12it [01:00,  3.05s/it]
13it [01:09,  4.97s/it]
14it [01:11,  3.96s/it]
15it [01:14,  3.74s/it]
16it [01:16,  3.10s/it]
17it [01:25,  4.92s/it]
18it [01:26,  3.78s/it]
19it [01:29,  3.66s/it]
20it [01:31,  3.09s/it]
21it [01:41,  5.05s/it]
22it [01:42,  4.00s/it]
23it [01:46,  3.84s/it]
24it [01:48,  3.27s/it]
25it [01:55,  4.57s/it]
26it [01:56,  3.48s/it]
27it [01:57,  2.60s/it]
28it [01:57,  1.92s/it]
29it [02:04,  3.33s/it]
30it [02:04,  2.42s/it]
31it [02:04,  1.82s/it]
32it [02:05,  1.37s/it]
33it [02:06,  1.37s/it]
33it [02:06,  3.84s/it]
Compute metrics for 2072 samples
final/VideoMetricType.FVD : 187.318069
{'final/VideoMetricType.FVD': 187.3180694580078}
Number of frames in the videos: 16
Real data options:
{'class_name': 'tools.utils.dataset.VideoFramesFolderDataset', 'path': '/scratch/s224075134/temporal_diffusion/datasets/video/ucf101/images', 'cfg': {'max_num_frames': 10000}, 'load_n_consecutive': 16, 'subsample_factor': 3, 'discard_short_videos': True, 'xflip': False, 'resolution': 256, 'use_labels': False}
Fake data options:
{'class_name': 'tools.utils.dataset.VideoDataset', 'path': 'generation/ucf101_img256/000-FusedMatLatteIMG-XL-128-512-2-concat-F16S3-ucf101_img256-ImageNetPretrained-Compile-Amp-loadpixel/ddpm_250/0670000', 'cfg': {'max_num_frames': 10000}, 'load_n_consecutive': 16, 'load_n_consecutive_random_offset': False, 'subsample_factor': 1, 'xflip': False, 'resolution': 256, 'use_labels': False}
3
self._path generation/ucf101_img256/000-FusedMatLatteIMG-XL-128-512-2-concat-F16S3-ucf101_img256-ImageNetPretrained-Compile-Amp-loadpixel/ddpm_250/0670000
num_items: 2072
len(real_dataset): 13298
/scratch/s224075134/miniconda/envs/latte/lib/python3.12/site-packages/torch/utils/data/dataloader.py:617: UserWarning: This DataLoader will create 4 worker processes in total. Our suggested max number of worker in current system is 2, which is smaller than what this DataLoader is going to create. Please be aware that excessive worker creation might get DataLoader running slow or even freeze, lower the worker number to avoid potential slowness/freeze if necessary.
  warnings.warn(
len(fake_loader): 33
len(real_loader): 33

0it [00:00, ?it/s]
1it [00:27, 27.63s/it]
2it [00:28, 11.71s/it]
3it [00:29,  6.99s/it]
4it [00:31,  4.88s/it]
5it [00:39,  6.19s/it]
6it [00:41,  4.59s/it]
7it [00:43,  3.97s/it]
8it [00:45,  3.27s/it]
9it [00:55,  5.37s/it]
10it [00:56,  4.12s/it]
11it [01:00,  3.96s/it]
12it [01:02,  3.28s/it]
13it [01:11,  5.06s/it]
14it [01:12,  3.84s/it]
15it [01:14,  3.36s/it]
16it [01:17,  3.24s/it]
17it [01:27,  5.20s/it]
18it [01:28,  3.90s/it]
19it [01:30,  3.52s/it]
20it [01:33,  3.15s/it]
21it [01:43,  5.23s/it]
22it [01:44,  4.07s/it]
23it [01:47,  3.64s/it]
24it [01:49,  3.22s/it]
25it [01:59,  5.10s/it]
26it [01:59,  3.80s/it]
27it [02:00,  2.86s/it]
28it [02:00,  2.15s/it]
29it [02:07,  3.42s/it]
30it [02:07,  2.48s/it]
31it [02:08,  1.86s/it]
32it [02:08,  1.39s/it]
33it [02:09,  1.42s/it]
33it [02:10,  3.94s/it]
Compute metrics for 2072 samples
final/VideoMetricType.FVD : 193.393646
{'final/VideoMetricType.FVD': 193.39364624023438}
Number of frames in the videos: 16
Real data options:
{'class_name': 'tools.utils.dataset.VideoFramesFolderDataset', 'path': '/scratch/s224075134/temporal_diffusion/datasets/video/ucf101/images', 'cfg': {'max_num_frames': 10000}, 'load_n_consecutive': 16, 'subsample_factor': 3, 'discard_short_videos': True, 'xflip': False, 'resolution': 256, 'use_labels': False}
Fake data options:
{'class_name': 'tools.utils.dataset.VideoDataset', 'path': 'generation/ucf101_img256/000-FusedMatLatteIMG-XL-128-512-2-concat-F16S3-ucf101_img256-ImageNetPretrained-Compile-Amp-loadpixel/ddpm_250/0670000', 'cfg': {'max_num_frames': 10000}, 'load_n_consecutive': 16, 'load_n_consecutive_random_offset': False, 'subsample_factor': 1, 'xflip': False, 'resolution': 256, 'use_labels': False}
3
self._path generation/ucf101_img256/000-FusedMatLatteIMG-XL-128-512-2-concat-F16S3-ucf101_img256-ImageNetPretrained-Compile-Amp-loadpixel/ddpm_250/0670000
num_items: 2072
len(real_dataset): 13298
/scratch/s224075134/miniconda/envs/latte/lib/python3.12/site-packages/torch/utils/data/dataloader.py:617: UserWarning: This DataLoader will create 4 worker processes in total. Our suggested max number of worker in current system is 2, which is smaller than what this DataLoader is going to create. Please be aware that excessive worker creation might get DataLoader running slow or even freeze, lower the worker number to avoid potential slowness/freeze if necessary.
  warnings.warn(
len(fake_loader): 33
len(real_loader): 33

0it [00:00, ?it/s]
1it [00:26, 26.66s/it]
2it [00:27, 11.50s/it]
3it [00:29,  7.31s/it]
4it [00:31,  5.17s/it]
5it [00:38,  5.86s/it]
6it [00:40,  4.32s/it]
7it [00:42,  3.76s/it]
8it [00:44,  3.10s/it]
9it [00:54,  5.25s/it]
10it [00:55,  4.00s/it]
11it [00:58,  3.68s/it]
12it [01:00,  3.14s/it]
13it [01:09,  4.86s/it]
14it [01:10,  3.77s/it]
15it [01:13,  3.45s/it]
16it [01:15,  3.04s/it]
17it [01:24,  4.89s/it]
18it [01:26,  4.10s/it]
19it [01:29,  3.58s/it]
20it [01:31,  3.09s/it]
21it [01:39,  4.80s/it]
22it [01:41,  3.86s/it]
23it [01:44,  3.67s/it]
24it [01:46,  3.10s/it]
25it [01:55,  4.85s/it]
26it [01:56,  3.70s/it]
27it [01:57,  2.85s/it]
28it [01:57,  2.15s/it]
29it [02:03,  3.22s/it]
30it [02:04,  2.47s/it]
31it [02:04,  1.85s/it]
32it [02:05,  1.39s/it]
33it [02:06,  1.34s/it]
33it [02:06,  3.83s/it]
Compute metrics for 2072 samples
final/VideoMetricType.FVD : 204.597168
{'final/VideoMetricType.FVD': 204.59716796875}
Number of frames in the videos: 16
Real data options:
{'class_name': 'tools.utils.dataset.VideoFramesFolderDataset', 'path': '/scratch/s224075134/temporal_diffusion/datasets/video/ucf101/images', 'cfg': {'max_num_frames': 10000}, 'load_n_consecutive': 16, 'subsample_factor': 3, 'discard_short_videos': True, 'xflip': False, 'resolution': 256, 'use_labels': False}
Fake data options:
{'class_name': 'tools.utils.dataset.VideoDataset', 'path': 'generation/ucf101_img256/000-FusedMatLatteIMG-XL-128-512-2-concat-F16S3-ucf101_img256-ImageNetPretrained-Compile-Amp-loadpixel/ddpm_250/0670000', 'cfg': {'max_num_frames': 10000}, 'load_n_consecutive': 16, 'load_n_consecutive_random_offset': False, 'subsample_factor': 1, 'xflip': False, 'resolution': 256, 'use_labels': False}
3
self._path generation/ucf101_img256/000-FusedMatLatteIMG-XL-128-512-2-concat-F16S3-ucf101_img256-ImageNetPretrained-Compile-Amp-loadpixel/ddpm_250/0670000
num_items: 2072
len(real_dataset): 13298
/scratch/s224075134/miniconda/envs/latte/lib/python3.12/site-packages/torch/utils/data/dataloader.py:617: UserWarning: This DataLoader will create 4 worker processes in total. Our suggested max number of worker in current system is 2, which is smaller than what this DataLoader is going to create. Please be aware that excessive worker creation might get DataLoader running slow or even freeze, lower the worker number to avoid potential slowness/freeze if necessary.
  warnings.warn(
len(fake_loader): 33
len(real_loader): 33

0it [00:00, ?it/s]
1it [00:27, 27.76s/it]
2it [00:28, 11.84s/it]
3it [00:30,  7.55s/it]
4it [00:33,  5.47s/it]
5it [00:40,  5.96s/it]
6it [00:41,  4.32s/it]
7it [00:44,  3.92s/it]
8it [00:46,  3.51s/it]
9it [00:55,  5.20s/it]
10it [00:57,  4.00s/it]
11it [01:00,  3.75s/it]
12it [01:02,  3.25s/it]
13it [01:10,  4.86s/it]
14it [01:12,  3.74s/it]
15it [01:14,  3.44s/it]
16it [01:17,  3.12s/it]
17it [01:26,  5.03s/it]
18it [01:27,  3.85s/it]
19it [01:30,  3.56s/it]
20it [01:33,  3.28s/it]
21it [01:42,  5.02s/it]
22it [01:43,  3.87s/it]
23it [01:47,  3.76s/it]
24it [01:48,  3.20s/it]
25it [01:58,  5.02s/it]
26it [01:58,  3.71s/it]
27it [02:00,  2.96s/it]
28it [02:00,  2.20s/it]
29it [02:07,  3.65s/it]
30it [02:07,  2.65s/it]
31it [02:08,  1.99s/it]
32it [02:08,  1.49s/it]
33it [02:10,  1.51s/it]
33it [02:10,  3.95s/it]
Compute metrics for 2072 samples
final/VideoMetricType.FVD : 190.435837
{'final/VideoMetricType.FVD': 190.4358367919922}
Number of frames in the videos: 16
Real data options:
{'class_name': 'tools.utils.dataset.VideoFramesFolderDataset', 'path': '/scratch/s224075134/temporal_diffusion/datasets/video/ucf101/images', 'cfg': {'max_num_frames': 10000}, 'load_n_consecutive': 16, 'subsample_factor': 3, 'discard_short_videos': True, 'xflip': False, 'resolution': 256, 'use_labels': False}
Fake data options:
{'class_name': 'tools.utils.dataset.VideoDataset', 'path': 'generation/ucf101_img256/000-FusedMatLatteIMG-XL-128-512-2-concat-F16S3-ucf101_img256-ImageNetPretrained-Compile-Amp-loadpixel/ddpm_250/0670000', 'cfg': {'max_num_frames': 10000}, 'load_n_consecutive': 16, 'load_n_consecutive_random_offset': False, 'subsample_factor': 1, 'xflip': False, 'resolution': 256, 'use_labels': False}
3
self._path generation/ucf101_img256/000-FusedMatLatteIMG-XL-128-512-2-concat-F16S3-ucf101_img256-ImageNetPretrained-Compile-Amp-loadpixel/ddpm_250/0670000
num_items: 2072
len(real_dataset): 13298
/scratch/s224075134/miniconda/envs/latte/lib/python3.12/site-packages/torch/utils/data/dataloader.py:617: UserWarning: This DataLoader will create 4 worker processes in total. Our suggested max number of worker in current system is 2, which is smaller than what this DataLoader is going to create. Please be aware that excessive worker creation might get DataLoader running slow or even freeze, lower the worker number to avoid potential slowness/freeze if necessary.
  warnings.warn(
len(fake_loader): 33
len(real_loader): 33

0it [00:00, ?it/s]
1it [00:27, 27.38s/it]
2it [00:28, 11.71s/it]
3it [00:29,  7.12s/it]
4it [00:31,  5.00s/it]
5it [00:38,  5.69s/it]
6it [00:40,  4.41s/it]
7it [00:43,  4.02s/it]
8it [00:46,  3.51s/it]
9it [00:54,  5.10s/it]
10it [00:56,  4.02s/it]
11it [00:58,  3.63s/it]
12it [01:01,  3.33s/it]
13it [01:09,  4.86s/it]
14it [01:11,  3.94s/it]
15it [01:14,  3.70s/it]
16it [01:17,  3.42s/it]
17it [01:25,  4.80s/it]
18it [01:27,  4.02s/it]
19it [01:31,  3.74s/it]
20it [01:33,  3.30s/it]
21it [01:41,  4.89s/it]
22it [01:44,  4.09s/it]
23it [01:46,  3.70s/it]
24it [01:48,  3.22s/it]
25it [01:57,  4.82s/it]
26it [01:59,  3.86s/it]
27it [01:59,  2.93s/it]
28it [02:00,  2.25s/it]
29it [02:05,  3.18s/it]
30it [02:07,  2.54s/it]
31it [02:07,  1.90s/it]
32it [02:08,  1.55s/it]
33it [02:09,  1.42s/it]
33it [02:09,  3.92s/it]
Compute metrics for 2072 samples
final/VideoMetricType.FVD : 194.821915
{'final/VideoMetricType.FVD': 194.82191467285156}
Number of frames in the videos: 16
Real data options:
{'class_name': 'tools.utils.dataset.VideoFramesFolderDataset', 'path': '/scratch/s224075134/temporal_diffusion/datasets/video/ucf101/images', 'cfg': {'max_num_frames': 10000}, 'load_n_consecutive': 16, 'subsample_factor': 3, 'discard_short_videos': True, 'xflip': False, 'resolution': 256, 'use_labels': False}
Fake data options:
{'class_name': 'tools.utils.dataset.VideoDataset', 'path': 'generation/ucf101_img256/000-FusedMatLatteIMG-XL-128-512-2-concat-F16S3-ucf101_img256-ImageNetPretrained-Compile-Amp-loadpixel/ddpm_250/0670000', 'cfg': {'max_num_frames': 10000}, 'load_n_consecutive': 16, 'load_n_consecutive_random_offset': False, 'subsample_factor': 1, 'xflip': False, 'resolution': 256, 'use_labels': False}
3
self._path generation/ucf101_img256/000-FusedMatLatteIMG-XL-128-512-2-concat-F16S3-ucf101_img256-ImageNetPretrained-Compile-Amp-loadpixel/ddpm_250/0670000
num_items: 2072
len(real_dataset): 13298
/scratch/s224075134/miniconda/envs/latte/lib/python3.12/site-packages/torch/utils/data/dataloader.py:617: UserWarning: This DataLoader will create 4 worker processes in total. Our suggested max number of worker in current system is 2, which is smaller than what this DataLoader is going to create. Please be aware that excessive worker creation might get DataLoader running slow or even freeze, lower the worker number to avoid potential slowness/freeze if necessary.
  warnings.warn(
len(fake_loader): 33
len(real_loader): 33

0it [00:00, ?it/s]
1it [00:26, 26.79s/it]
2it [00:27, 11.35s/it]
3it [00:28,  6.84s/it]
4it [00:30,  4.69s/it]
5it [00:39,  6.23s/it]
6it [00:39,  4.39s/it]
7it [00:42,  3.88s/it]
8it [00:45,  3.49s/it]
9it [00:55,  5.47s/it]
10it [00:56,  4.20s/it]
11it [01:00,  3.97s/it]
12it [01:02,  3.41s/it]
13it [01:10,  4.82s/it]
14it [01:11,  3.67s/it]
15it [01:13,  3.25s/it]
16it [01:16,  3.12s/it]
17it [01:26,  5.24s/it]
18it [01:28,  4.10s/it]
19it [01:30,  3.60s/it]
20it [01:33,  3.32s/it]
21it [01:41,  4.91s/it]
22it [01:43,  3.90s/it]
23it [01:46,  3.80s/it]
24it [01:48,  3.27s/it]
25it [01:58,  5.05s/it]
26it [01:58,  3.76s/it]
27it [01:59,  2.86s/it]
28it [02:00,  2.15s/it]
29it [02:06,  3.44s/it]
30it [02:06,  2.51s/it]
31it [02:07,  1.89s/it]
32it [02:07,  1.42s/it]
33it [02:09,  1.49s/it]
33it [02:09,  3.92s/it]
Compute metrics for 2072 samples
final/VideoMetricType.FVD : 193.655899
{'final/VideoMetricType.FVD': 193.65589904785156}
Number of frames in the videos: 16
Real data options:
{'class_name': 'tools.utils.dataset.VideoFramesFolderDataset', 'path': '/scratch/s224075134/temporal_diffusion/datasets/video/ucf101/images', 'cfg': {'max_num_frames': 10000}, 'load_n_consecutive': 16, 'subsample_factor': 3, 'discard_short_videos': True, 'xflip': False, 'resolution': 256, 'use_labels': False}
Fake data options:
{'class_name': 'tools.utils.dataset.VideoDataset', 'path': 'generation/ucf101_img256/000-FusedMatLatteIMG-XL-128-512-2-concat-F16S3-ucf101_img256-ImageNetPretrained-Compile-Amp-loadpixel/ddpm_250/0670000', 'cfg': {'max_num_frames': 10000}, 'load_n_consecutive': 16, 'load_n_consecutive_random_offset': False, 'subsample_factor': 1, 'xflip': False, 'resolution': 256, 'use_labels': False}
3
self._path generation/ucf101_img256/000-FusedMatLatteIMG-XL-128-512-2-concat-F16S3-ucf101_img256-ImageNetPretrained-Compile-Amp-loadpixel/ddpm_250/0670000
num_items: 2072
len(real_dataset): 13298
/scratch/s224075134/miniconda/envs/latte/lib/python3.12/site-packages/torch/utils/data/dataloader.py:617: UserWarning: This DataLoader will create 4 worker processes in total. Our suggested max number of worker in current system is 2, which is smaller than what this DataLoader is going to create. Please be aware that excessive worker creation might get DataLoader running slow or even freeze, lower the worker number to avoid potential slowness/freeze if necessary.
  warnings.warn(
len(fake_loader): 33
len(real_loader): 33

0it [00:00, ?it/s]
1it [00:27, 27.72s/it]
2it [00:28, 11.95s/it]
3it [00:30,  7.43s/it]
4it [00:33,  5.46s/it]
5it [00:38,  5.52s/it]
6it [00:39,  4.03s/it]
7it [00:42,  3.72s/it]
8it [00:44,  3.15s/it]
9it [00:54,  5.19s/it]
10it [00:55,  4.00s/it]
11it [00:58,  3.62s/it]
12it [01:01,  3.25s/it]
13it [01:10,  4.98s/it]
14it [01:11,  3.81s/it]
15it [01:13,  3.47s/it]
16it [01:15,  3.05s/it]
17it [01:25,  5.07s/it]
18it [01:26,  3.83s/it]
19it [01:28,  3.39s/it]
20it [01:30,  2.93s/it]
21it [01:40,  5.09s/it]
22it [01:42,  3.96s/it]
23it [01:46,  3.96s/it]
24it [01:48,  3.36s/it]
25it [01:55,  4.66s/it]
26it [01:56,  3.47s/it]
27it [01:57,  2.65s/it]
28it [01:57,  1.95s/it]
29it [02:03,  3.20s/it]
30it [02:04,  2.33s/it]
31it [02:04,  1.75s/it]
32it [02:04,  1.31s/it]
33it [02:06,  1.34s/it]
33it [02:06,  3.83s/it]
Compute metrics for 2072 samples
final/VideoMetricType.FVD : 182.196060
{'final/VideoMetricType.FVD': 182.19606018066406}
Number of frames in the videos: 16
Real data options:
{'class_name': 'tools.utils.dataset.VideoFramesFolderDataset', 'path': '/scratch/s224075134/temporal_diffusion/datasets/video/ucf101/images', 'cfg': {'max_num_frames': 10000}, 'load_n_consecutive': 16, 'subsample_factor': 3, 'discard_short_videos': True, 'xflip': False, 'resolution': 256, 'use_labels': False}
Fake data options:
{'class_name': 'tools.utils.dataset.VideoDataset', 'path': 'generation/ucf101_img256/000-FusedMatLatteIMG-XL-128-512-2-concat-F16S3-ucf101_img256-ImageNetPretrained-Compile-Amp-loadpixel/ddpm_250/0670000', 'cfg': {'max_num_frames': 10000}, 'load_n_consecutive': 16, 'load_n_consecutive_random_offset': False, 'subsample_factor': 1, 'xflip': False, 'resolution': 256, 'use_labels': False}
3
self._path generation/ucf101_img256/000-FusedMatLatteIMG-XL-128-512-2-concat-F16S3-ucf101_img256-ImageNetPretrained-Compile-Amp-loadpixel/ddpm_250/0670000
num_items: 2072
len(real_dataset): 13298
/scratch/s224075134/miniconda/envs/latte/lib/python3.12/site-packages/torch/utils/data/dataloader.py:617: UserWarning: This DataLoader will create 4 worker processes in total. Our suggested max number of worker in current system is 2, which is smaller than what this DataLoader is going to create. Please be aware that excessive worker creation might get DataLoader running slow or even freeze, lower the worker number to avoid potential slowness/freeze if necessary.
  warnings.warn(
len(fake_loader): 33
len(real_loader): 33

0it [00:00, ?it/s]
1it [00:27, 27.61s/it]
2it [00:28, 11.83s/it]
3it [00:30,  7.29s/it]
4it [00:32,  5.20s/it]
5it [00:39,  5.78s/it]
6it [00:41,  4.77s/it]
7it [00:44,  4.09s/it]
8it [00:46,  3.47s/it]
9it [00:54,  4.81s/it]
10it [00:57,  4.24s/it]
11it [01:00,  3.80s/it]
12it [01:02,  3.32s/it]
13it [01:10,  4.60s/it]
14it [01:13,  4.38s/it]
15it [01:15,  3.61s/it]
16it [01:18,  3.37s/it]
17it [01:25,  4.46s/it]
18it [01:29,  4.24s/it]
19it [01:31,  3.73s/it]
20it [01:33,  3.27s/it]
21it [01:41,  4.47s/it]
22it [01:45,  4.36s/it]
23it [01:47,  3.80s/it]
24it [01:50,  3.31s/it]
25it [01:56,  4.24s/it]
26it [01:59,  3.86s/it]
27it [02:00,  2.94s/it]
28it [02:00,  2.15s/it]
29it [02:05,  3.02s/it]
30it [02:07,  2.61s/it]
31it [02:08,  2.09s/it]
32it [02:08,  1.55s/it]
33it [02:09,  1.42s/it]
33it [02:09,  3.93s/it]
Compute metrics for 2072 samples
final/VideoMetricType.FVD : 196.441986
{'final/VideoMetricType.FVD': 196.44198608398438}
Number of frames in the videos: 16
Real data options:
{'class_name': 'tools.utils.dataset.VideoFramesFolderDataset', 'path': '/scratch/s224075134/temporal_diffusion/datasets/video/ucf101/images', 'cfg': {'max_num_frames': 10000}, 'load_n_consecutive': 16, 'subsample_factor': 3, 'discard_short_videos': True, 'xflip': False, 'resolution': 256, 'use_labels': False}
Fake data options:
{'class_name': 'tools.utils.dataset.VideoDataset', 'path': 'generation/ucf101_img256/000-FusedMatLatteIMG-XL-128-512-2-concat-F16S3-ucf101_img256-ImageNetPretrained-Compile-Amp-loadpixel/ddpm_250/0670000', 'cfg': {'max_num_frames': 10000}, 'load_n_consecutive': 16, 'load_n_consecutive_random_offset': False, 'subsample_factor': 1, 'xflip': False, 'resolution': 256, 'use_labels': False}
3
self._path generation/ucf101_img256/000-FusedMatLatteIMG-XL-128-512-2-concat-F16S3-ucf101_img256-ImageNetPretrained-Compile-Amp-loadpixel/ddpm_250/0670000
num_items: 2072
len(real_dataset): 13298
/scratch/s224075134/miniconda/envs/latte/lib/python3.12/site-packages/torch/utils/data/dataloader.py:617: UserWarning: This DataLoader will create 4 worker processes in total. Our suggested max number of worker in current system is 2, which is smaller than what this DataLoader is going to create. Please be aware that excessive worker creation might get DataLoader running slow or even freeze, lower the worker number to avoid potential slowness/freeze if necessary.
  warnings.warn(
len(fake_loader): 33
len(real_loader): 33

0it [00:00, ?it/s]
1it [00:26, 26.75s/it]
2it [00:27, 11.36s/it]
3it [00:29,  7.03s/it]
4it [00:31,  5.08s/it]
5it [00:39,  6.13s/it]
6it [00:40,  4.57s/it]
7it [00:44,  4.14s/it]
8it [00:45,  3.28s/it]
9it [00:55,  5.40s/it]
10it [00:56,  4.05s/it]
11it [00:59,  3.54s/it]
12it [01:00,  2.99s/it]
13it [01:11,  5.42s/it]
14it [01:13,  4.20s/it]
15it [01:16,  3.81s/it]
16it [01:18,  3.41s/it]
17it [01:27,  4.95s/it]
18it [01:28,  3.76s/it]
19it [01:31,  3.62s/it]
20it [01:33,  3.20s/it]
21it [01:43,  5.20s/it]
22it [01:44,  3.94s/it]
23it [01:46,  3.53s/it]
24it [01:49,  3.13s/it]
25it [01:59,  5.23s/it]
26it [02:00,  3.88s/it]
27it [02:00,  2.85s/it]
28it [02:00,  2.09s/it]
29it [02:07,  3.40s/it]
30it [02:07,  2.48s/it]
31it [02:08,  1.86s/it]
32it [02:08,  1.39s/it]
33it [02:09,  1.39s/it]
33it [02:09,  3.93s/it]
Compute metrics for 2072 samples
final/VideoMetricType.FVD : 191.459915
{'final/VideoMetricType.FVD': 191.4599151611328}
Number of frames in the videos: 16
Real data options:
{'class_name': 'tools.utils.dataset.VideoFramesFolderDataset', 'path': '/scratch/s224075134/temporal_diffusion/datasets/video/ucf101/images', 'cfg': {'max_num_frames': 10000}, 'load_n_consecutive': 16, 'subsample_factor': 3, 'discard_short_videos': True, 'xflip': False, 'resolution': 256, 'use_labels': False}
Fake data options:
{'class_name': 'tools.utils.dataset.VideoDataset', 'path': 'generation/ucf101_img256/000-FusedMatLatteIMG-XL-128-512-2-concat-F16S3-ucf101_img256-ImageNetPretrained-Compile-Amp-loadpixel/ddpm_250/0670000', 'cfg': {'max_num_frames': 10000}, 'load_n_consecutive': 16, 'load_n_consecutive_random_offset': False, 'subsample_factor': 1, 'xflip': False, 'resolution': 256, 'use_labels': False}
3
self._path generation/ucf101_img256/000-FusedMatLatteIMG-XL-128-512-2-concat-F16S3-ucf101_img256-ImageNetPretrained-Compile-Amp-loadpixel/ddpm_250/0670000
num_items: 2072
len(real_dataset): 13298
/scratch/s224075134/miniconda/envs/latte/lib/python3.12/site-packages/torch/utils/data/dataloader.py:617: UserWarning: This DataLoader will create 4 worker processes in total. Our suggested max number of worker in current system is 2, which is smaller than what this DataLoader is going to create. Please be aware that excessive worker creation might get DataLoader running slow or even freeze, lower the worker number to avoid potential slowness/freeze if necessary.
  warnings.warn(
len(fake_loader): 33
len(real_loader): 33

0it [00:00, ?it/s]
1it [00:27, 27.25s/it]
2it [00:27, 11.48s/it]
3it [00:28,  6.81s/it]
4it [00:31,  5.03s/it]
5it [00:39,  6.06s/it]
6it [00:40,  4.56s/it]
7it [00:44,  4.15s/it]
8it [00:45,  3.39s/it]
9it [00:54,  4.96s/it]
10it [00:56,  4.06s/it]
11it [00:59,  3.66s/it]
12it [01:01,  3.15s/it]
13it [01:09,  4.89s/it]
14it [01:13,  4.38s/it]
15it [01:15,  3.82s/it]
16it [01:17,  3.15s/it]
17it [01:25,  4.76s/it]
18it [01:28,  4.18s/it]
19it [01:31,  3.75s/it]
20it [01:33,  3.14s/it]
21it [01:41,  4.70s/it]
22it [01:44,  4.22s/it]
23it [01:47,  3.71s/it]
24it [01:48,  3.19s/it]
25it [01:56,  4.59s/it]
26it [01:58,  3.71s/it]
27it [01:58,  2.73s/it]
28it [01:59,  2.01s/it]
29it [02:05,  3.37s/it]
30it [02:07,  2.76s/it]
31it [02:07,  2.09s/it]
32it [02:07,  1.55s/it]
33it [02:09,  1.47s/it]
33it [02:09,  3.92s/it]
Compute metrics for 2072 samples
final/VideoMetricType.FVD : 185.914413
{'final/VideoMetricType.FVD': 185.91441345214844}
Number of frames in the videos: 16
Real data options:
{'class_name': 'tools.utils.dataset.VideoFramesFolderDataset', 'path': '/scratch/s224075134/temporal_diffusion/datasets/video/ucf101/images', 'cfg': {'max_num_frames': 10000}, 'load_n_consecutive': 16, 'subsample_factor': 3, 'discard_short_videos': True, 'xflip': False, 'resolution': 256, 'use_labels': False}
Fake data options:
{'class_name': 'tools.utils.dataset.VideoDataset', 'path': 'generation/ucf101_img256/000-FusedMatLatteIMG-XL-128-512-2-concat-F16S3-ucf101_img256-ImageNetPretrained-Compile-Amp-loadpixel/ddpm_250/0670000', 'cfg': {'max_num_frames': 10000}, 'load_n_consecutive': 16, 'load_n_consecutive_random_offset': False, 'subsample_factor': 1, 'xflip': False, 'resolution': 256, 'use_labels': False}
3
self._path generation/ucf101_img256/000-FusedMatLatteIMG-XL-128-512-2-concat-F16S3-ucf101_img256-ImageNetPretrained-Compile-Amp-loadpixel/ddpm_250/0670000
num_items: 2072
len(real_dataset): 13298
/scratch/s224075134/miniconda/envs/latte/lib/python3.12/site-packages/torch/utils/data/dataloader.py:617: UserWarning: This DataLoader will create 4 worker processes in total. Our suggested max number of worker in current system is 2, which is smaller than what this DataLoader is going to create. Please be aware that excessive worker creation might get DataLoader running slow or even freeze, lower the worker number to avoid potential slowness/freeze if necessary.
  warnings.warn(
len(fake_loader): 33
len(real_loader): 33

0it [00:00, ?it/s]
1it [00:27, 27.35s/it]
2it [00:27, 11.57s/it]
3it [00:29,  6.94s/it]
4it [00:30,  4.81s/it]
5it [00:38,  5.95s/it]
6it [00:40,  4.66s/it]
7it [00:43,  4.02s/it]
8it [00:45,  3.37s/it]
9it [00:54,  5.20s/it]
10it [00:57,  4.35s/it]
11it [01:00,  3.97s/it]
12it [01:01,  3.17s/it]
13it [01:10,  4.72s/it]
14it [01:13,  4.33s/it]
15it [01:14,  3.35s/it]
16it [01:16,  2.90s/it]
17it [01:25,  4.77s/it]
18it [01:29,  4.52s/it]
19it [01:31,  3.82s/it]
20it [01:33,  3.33s/it]
21it [01:41,  4.50s/it]
22it [01:44,  4.10s/it]
23it [01:46,  3.65s/it]
24it [01:49,  3.30s/it]
25it [01:56,  4.52s/it]
26it [01:58,  3.79s/it]
27it [01:59,  2.86s/it]
28it [01:59,  2.14s/it]
29it [02:05,  3.27s/it]
30it [02:07,  2.79s/it]
31it [02:07,  2.07s/it]
32it [02:08,  1.54s/it]
33it [02:09,  1.42s/it]
33it [02:09,  3.92s/it]
Compute metrics for 2072 samples
final/VideoMetricType.FVD : 183.615219
{'final/VideoMetricType.FVD': 183.61521911621094}
Number of frames in the videos: 16
Real data options:
{'class_name': 'tools.utils.dataset.VideoFramesFolderDataset', 'path': '/scratch/s224075134/temporal_diffusion/datasets/video/ucf101/images', 'cfg': {'max_num_frames': 10000}, 'load_n_consecutive': 16, 'subsample_factor': 3, 'discard_short_videos': True, 'xflip': False, 'resolution': 256, 'use_labels': False}
Fake data options:
{'class_name': 'tools.utils.dataset.VideoDataset', 'path': 'generation/ucf101_img256/000-FusedMatLatteIMG-XL-128-512-2-concat-F16S3-ucf101_img256-ImageNetPretrained-Compile-Amp-loadpixel/ddpm_250/0670000', 'cfg': {'max_num_frames': 10000}, 'load_n_consecutive': 16, 'load_n_consecutive_random_offset': False, 'subsample_factor': 1, 'xflip': False, 'resolution': 256, 'use_labels': False}
3
self._path generation/ucf101_img256/000-FusedMatLatteIMG-XL-128-512-2-concat-F16S3-ucf101_img256-ImageNetPretrained-Compile-Amp-loadpixel/ddpm_250/0670000
num_items: 2072
len(real_dataset): 13298
/scratch/s224075134/miniconda/envs/latte/lib/python3.12/site-packages/torch/utils/data/dataloader.py:617: UserWarning: This DataLoader will create 4 worker processes in total. Our suggested max number of worker in current system is 2, which is smaller than what this DataLoader is going to create. Please be aware that excessive worker creation might get DataLoader running slow or even freeze, lower the worker number to avoid potential slowness/freeze if necessary.
  warnings.warn(
len(fake_loader): 33
len(real_loader): 33

0it [00:00, ?it/s]
1it [00:27, 27.18s/it]
2it [00:27, 11.49s/it]
3it [00:29,  6.99s/it]
4it [00:31,  5.24s/it]
5it [00:39,  6.08s/it]
6it [00:41,  4.58s/it]
7it [00:44,  4.29s/it]
8it [00:46,  3.46s/it]
9it [00:55,  5.13s/it]
10it [00:56,  3.98s/it]
11it [00:59,  3.75s/it]
12it [01:02,  3.36s/it]
13it [01:11,  4.95s/it]
14it [01:12,  3.90s/it]
15it [01:15,  3.71s/it]
16it [01:18,  3.28s/it]
17it [01:26,  4.74s/it]
18it [01:27,  3.86s/it]
19it [01:31,  3.63s/it]
20it [01:32,  2.97s/it]
21it [01:41,  4.79s/it]
22it [01:43,  4.02s/it]
23it [01:47,  3.84s/it]
24it [01:48,  3.18s/it]
25it [01:56,  4.68s/it]
26it [01:58,  3.75s/it]
27it [01:59,  2.76s/it]
28it [02:00,  2.28s/it]
29it [02:05,  3.28s/it]
30it [02:06,  2.59s/it]
31it [02:07,  1.95s/it]
32it [02:07,  1.56s/it]
33it [02:09,  1.43s/it]
33it [02:09,  3.91s/it]
Compute metrics for 2072 samples
final/VideoMetricType.FVD : 187.006516
{'final/VideoMetricType.FVD': 187.0065155029297}
Number of frames in the videos: 16
Real data options:
{'class_name': 'tools.utils.dataset.VideoFramesFolderDataset', 'path': '/scratch/s224075134/temporal_diffusion/datasets/video/ucf101/images', 'cfg': {'max_num_frames': 10000}, 'load_n_consecutive': 16, 'subsample_factor': 3, 'discard_short_videos': True, 'xflip': False, 'resolution': 256, 'use_labels': False}
Fake data options:
{'class_name': 'tools.utils.dataset.VideoDataset', 'path': 'generation/ucf101_img256/000-FusedMatLatteIMG-XL-128-512-2-concat-F16S3-ucf101_img256-ImageNetPretrained-Compile-Amp-loadpixel/ddpm_250/0670000', 'cfg': {'max_num_frames': 10000}, 'load_n_consecutive': 16, 'load_n_consecutive_random_offset': False, 'subsample_factor': 1, 'xflip': False, 'resolution': 256, 'use_labels': False}
3
self._path generation/ucf101_img256/000-FusedMatLatteIMG-XL-128-512-2-concat-F16S3-ucf101_img256-ImageNetPretrained-Compile-Amp-loadpixel/ddpm_250/0670000
num_items: 2072
len(real_dataset): 13298
/scratch/s224075134/miniconda/envs/latte/lib/python3.12/site-packages/torch/utils/data/dataloader.py:617: UserWarning: This DataLoader will create 4 worker processes in total. Our suggested max number of worker in current system is 2, which is smaller than what this DataLoader is going to create. Please be aware that excessive worker creation might get DataLoader running slow or even freeze, lower the worker number to avoid potential slowness/freeze if necessary.
  warnings.warn(
len(fake_loader): 33
len(real_loader): 33

0it [00:00, ?it/s]
1it [00:28, 28.56s/it]
2it [00:29, 12.18s/it]
3it [00:31,  7.56s/it]
4it [00:33,  5.41s/it]
5it [00:39,  5.82s/it]
6it [00:41,  4.36s/it]
7it [00:44,  4.03s/it]
8it [00:46,  3.34s/it]
9it [00:55,  5.11s/it]
10it [00:57,  3.93s/it]
11it [01:00,  3.79s/it]
12it [01:02,  3.19s/it]
13it [01:10,  4.77s/it]
14it [01:12,  3.75s/it]
15it [01:15,  3.74s/it]
16it [01:17,  3.17s/it]
17it [01:26,  4.95s/it]
18it [01:28,  3.95s/it]
19it [01:31,  3.71s/it]
20it [01:33,  3.12s/it]
21it [01:42,  4.86s/it]
22it [01:43,  3.70s/it]
23it [01:47,  3.80s/it]
24it [01:48,  3.07s/it]
25it [01:58,  5.04s/it]
26it [01:58,  3.75s/it]
27it [02:00,  2.97s/it]
28it [02:00,  2.17s/it]
29it [02:06,  3.44s/it]
30it [02:07,  2.51s/it]
31it [02:07,  1.91s/it]
32it [02:07,  1.43s/it]
33it [02:09,  1.47s/it]
33it [02:09,  3.93s/it]
Compute metrics for 2072 samples
final/VideoMetricType.FVD : 186.124649
{'final/VideoMetricType.FVD': 186.12464904785156}
Number of frames in the videos: 16
Real data options:
{'class_name': 'tools.utils.dataset.VideoFramesFolderDataset', 'path': '/scratch/s224075134/temporal_diffusion/datasets/video/ucf101/images', 'cfg': {'max_num_frames': 10000}, 'load_n_consecutive': 16, 'subsample_factor': 3, 'discard_short_videos': True, 'xflip': False, 'resolution': 256, 'use_labels': False}
Fake data options:
{'class_name': 'tools.utils.dataset.VideoDataset', 'path': 'generation/ucf101_img256/000-FusedMatLatteIMG-XL-128-512-2-concat-F16S3-ucf101_img256-ImageNetPretrained-Compile-Amp-loadpixel/ddpm_250/0670000', 'cfg': {'max_num_frames': 10000}, 'load_n_consecutive': 16, 'load_n_consecutive_random_offset': False, 'subsample_factor': 1, 'xflip': False, 'resolution': 256, 'use_labels': False}
3
self._path generation/ucf101_img256/000-FusedMatLatteIMG-XL-128-512-2-concat-F16S3-ucf101_img256-ImageNetPretrained-Compile-Amp-loadpixel/ddpm_250/0670000
num_items: 2072
len(real_dataset): 13298
/scratch/s224075134/miniconda/envs/latte/lib/python3.12/site-packages/torch/utils/data/dataloader.py:617: UserWarning: This DataLoader will create 4 worker processes in total. Our suggested max number of worker in current system is 2, which is smaller than what this DataLoader is going to create. Please be aware that excessive worker creation might get DataLoader running slow or even freeze, lower the worker number to avoid potential slowness/freeze if necessary.
  warnings.warn(
len(fake_loader): 33
len(real_loader): 33

0it [00:00, ?it/s]
1it [00:27, 27.33s/it]
2it [00:27, 11.58s/it]
3it [00:29,  6.83s/it]
4it [00:30,  4.64s/it]
5it [00:39,  6.14s/it]
6it [00:40,  4.62s/it]
7it [00:44,  4.23s/it]
8it [00:45,  3.39s/it]
9it [00:54,  5.16s/it]
10it [00:56,  4.08s/it]
11it [01:00,  3.96s/it]
12it [01:02,  3.30s/it]
13it [01:11,  5.03s/it]
14it [01:12,  4.02s/it]
15it [01:16,  3.82s/it]
16it [01:17,  3.19s/it]
17it [01:27,  5.02s/it]
18it [01:28,  3.93s/it]
19it [01:31,  3.69s/it]
20it [01:33,  3.13s/it]
21it [01:42,  4.85s/it]
22it [01:43,  3.90s/it]
23it [01:47,  3.84s/it]
24it [01:48,  3.07s/it]
25it [01:57,  4.74s/it]
26it [01:58,  3.72s/it]
27it [01:59,  2.73s/it]
28it [01:59,  2.01s/it]
29it [02:06,  3.38s/it]
30it [02:06,  2.55s/it]
31it [02:07,  1.91s/it]
32it [02:07,  1.43s/it]
33it [02:08,  1.38s/it]
33it [02:08,  3.91s/it]
Compute metrics for 2072 samples
final/VideoMetricType.FVD : 190.742859
{'final/VideoMetricType.FVD': 190.74285888671875}
Number of frames in the videos: 16
Real data options:
{'class_name': 'tools.utils.dataset.VideoFramesFolderDataset', 'path': '/scratch/s224075134/temporal_diffusion/datasets/video/ucf101/images', 'cfg': {'max_num_frames': 10000}, 'load_n_consecutive': 16, 'subsample_factor': 3, 'discard_short_videos': True, 'xflip': False, 'resolution': 256, 'use_labels': False}
Fake data options:
{'class_name': 'tools.utils.dataset.VideoDataset', 'path': 'generation/ucf101_img256/000-FusedMatLatteIMG-XL-128-512-2-concat-F16S3-ucf101_img256-ImageNetPretrained-Compile-Amp-loadpixel/ddpm_250/0670000', 'cfg': {'max_num_frames': 10000}, 'load_n_consecutive': 16, 'load_n_consecutive_random_offset': False, 'subsample_factor': 1, 'xflip': False, 'resolution': 256, 'use_labels': False}
3
self._path generation/ucf101_img256/000-FusedMatLatteIMG-XL-128-512-2-concat-F16S3-ucf101_img256-ImageNetPretrained-Compile-Amp-loadpixel/ddpm_250/0670000
num_items: 2072
len(real_dataset): 13298
/scratch/s224075134/miniconda/envs/latte/lib/python3.12/site-packages/torch/utils/data/dataloader.py:617: UserWarning: This DataLoader will create 4 worker processes in total. Our suggested max number of worker in current system is 2, which is smaller than what this DataLoader is going to create. Please be aware that excessive worker creation might get DataLoader running slow or even freeze, lower the worker number to avoid potential slowness/freeze if necessary.
  warnings.warn(
len(fake_loader): 33
len(real_loader): 33

0it [00:00, ?it/s]
1it [00:27, 27.20s/it]
2it [00:27, 11.52s/it]
3it [00:29,  7.12s/it]
4it [00:31,  5.06s/it]
5it [00:38,  5.69s/it]
6it [00:39,  4.23s/it]
7it [00:43,  3.98s/it]
8it [00:45,  3.44s/it]
9it [00:53,  4.74s/it]
10it [00:55,  3.89s/it]
11it [00:58,  3.76s/it]
12it [01:00,  3.23s/it]
13it [01:08,  4.67s/it]
14it [01:10,  3.88s/it]
15it [01:13,  3.74s/it]
16it [01:15,  3.11s/it]
17it [01:24,  4.77s/it]
18it [01:25,  3.77s/it]
19it [01:28,  3.56s/it]
20it [01:30,  3.16s/it]
21it [01:39,  4.65s/it]
22it [01:41,  3.82s/it]
23it [01:44,  3.69s/it]
24it [01:46,  3.12s/it]
25it [01:54,  4.61s/it]
26it [01:55,  3.62s/it]
27it [01:56,  2.66s/it]
28it [01:56,  2.10s/it]
29it [02:03,  3.41s/it]
30it [02:03,  2.54s/it]
31it [02:04,  1.90s/it]
32it [02:04,  1.50s/it]
33it [02:06,  1.46s/it]
33it [02:06,  3.83s/it]
Compute metrics for 2072 samples
final/VideoMetricType.FVD : 190.975159
{'final/VideoMetricType.FVD': 190.97515869140625}
Number of frames in the videos: 16
Real data options:
{'class_name': 'tools.utils.dataset.VideoFramesFolderDataset', 'path': '/scratch/s224075134/temporal_diffusion/datasets/video/ucf101/images', 'cfg': {'max_num_frames': 10000}, 'load_n_consecutive': 16, 'subsample_factor': 3, 'discard_short_videos': True, 'xflip': False, 'resolution': 256, 'use_labels': False}
Fake data options:
{'class_name': 'tools.utils.dataset.VideoDataset', 'path': 'generation/ucf101_img256/000-FusedMatLatteIMG-XL-128-512-2-concat-F16S3-ucf101_img256-ImageNetPretrained-Compile-Amp-loadpixel/ddpm_250/0670000', 'cfg': {'max_num_frames': 10000}, 'load_n_consecutive': 16, 'load_n_consecutive_random_offset': False, 'subsample_factor': 1, 'xflip': False, 'resolution': 256, 'use_labels': False}
3
self._path generation/ucf101_img256/000-FusedMatLatteIMG-XL-128-512-2-concat-F16S3-ucf101_img256-ImageNetPretrained-Compile-Amp-loadpixel/ddpm_250/0670000
num_items: 2072
len(real_dataset): 13298
/scratch/s224075134/miniconda/envs/latte/lib/python3.12/site-packages/torch/utils/data/dataloader.py:617: UserWarning: This DataLoader will create 4 worker processes in total. Our suggested max number of worker in current system is 2, which is smaller than what this DataLoader is going to create. Please be aware that excessive worker creation might get DataLoader running slow or even freeze, lower the worker number to avoid potential slowness/freeze if necessary.
  warnings.warn(
len(fake_loader): 33
len(real_loader): 33

0it [00:00, ?it/s]
1it [00:27, 27.71s/it]
2it [00:28, 11.70s/it]
3it [00:29,  6.93s/it]
4it [00:31,  4.88s/it]
5it [00:39,  6.18s/it]
6it [00:40,  4.39s/it]
7it [00:43,  3.77s/it]
8it [00:45,  3.39s/it]
9it [00:55,  5.42s/it]
10it [00:56,  4.10s/it]
11it [00:59,  3.76s/it]
12it [01:01,  3.28s/it]
13it [01:11,  5.08s/it]
14it [01:12,  3.93s/it]
15it [01:15,  3.75s/it]
16it [01:17,  3.31s/it]
17it [01:26,  4.96s/it]
18it [01:27,  3.77s/it]
19it [01:30,  3.38s/it]
20it [01:33,  3.28s/it]
21it [01:42,  4.98s/it]
22it [01:43,  3.98s/it]
23it [01:46,  3.62s/it]
24it [01:48,  3.11s/it]
25it [01:57,  4.97s/it]
26it [01:58,  3.78s/it]
27it [01:59,  2.86s/it]
28it [02:00,  2.16s/it]
29it [02:06,  3.45s/it]
30it [02:07,  2.57s/it]
31it [02:07,  1.93s/it]
32it [02:07,  1.44s/it]
33it [02:09,  1.50s/it]
33it [02:09,  3.93s/it]
Compute metrics for 2072 samples
final/VideoMetricType.FVD : 197.464218
{'final/VideoMetricType.FVD': 197.46421813964844}
Number of frames in the videos: 16
Real data options:
{'class_name': 'tools.utils.dataset.VideoFramesFolderDataset', 'path': '/scratch/s224075134/temporal_diffusion/datasets/video/ucf101/images', 'cfg': {'max_num_frames': 10000}, 'load_n_consecutive': 16, 'subsample_factor': 3, 'discard_short_videos': True, 'xflip': False, 'resolution': 256, 'use_labels': False}
Fake data options:
{'class_name': 'tools.utils.dataset.VideoDataset', 'path': 'generation/ucf101_img256/000-FusedMatLatteIMG-XL-128-512-2-concat-F16S3-ucf101_img256-ImageNetPretrained-Compile-Amp-loadpixel/ddpm_250/0670000', 'cfg': {'max_num_frames': 10000}, 'load_n_consecutive': 16, 'load_n_consecutive_random_offset': False, 'subsample_factor': 1, 'xflip': False, 'resolution': 256, 'use_labels': False}
3
self._path generation/ucf101_img256/000-FusedMatLatteIMG-XL-128-512-2-concat-F16S3-ucf101_img256-ImageNetPretrained-Compile-Amp-loadpixel/ddpm_250/0670000
num_items: 2072
len(real_dataset): 13298
/scratch/s224075134/miniconda/envs/latte/lib/python3.12/site-packages/torch/utils/data/dataloader.py:617: UserWarning: This DataLoader will create 4 worker processes in total. Our suggested max number of worker in current system is 2, which is smaller than what this DataLoader is going to create. Please be aware that excessive worker creation might get DataLoader running slow or even freeze, lower the worker number to avoid potential slowness/freeze if necessary.
  warnings.warn(
len(fake_loader): 33
len(real_loader): 33

0it [00:00, ?it/s]
1it [00:27, 27.98s/it]
2it [00:28, 11.82s/it]
3it [00:29,  7.03s/it]
4it [00:31,  4.99s/it]
5it [00:39,  5.86s/it]
6it [00:40,  4.45s/it]
7it [00:44,  4.09s/it]
8it [00:46,  3.46s/it]
9it [00:54,  4.86s/it]
10it [00:55,  3.75s/it]
11it [01:00,  4.04s/it]
12it [01:01,  3.23s/it]
13it [01:10,  4.86s/it]
14it [01:11,  3.81s/it]
15it [01:15,  3.98s/it]
16it [01:17,  3.31s/it]
17it [01:25,  4.69s/it]
18it [01:28,  4.10s/it]
19it [01:30,  3.67s/it]
20it [01:34,  3.53s/it]
21it [01:41,  4.56s/it]
22it [01:44,  4.16s/it]
23it [01:47,  3.70s/it]
24it [01:49,  3.43s/it]
25it [01:56,  4.52s/it]
26it [01:59,  3.81s/it]
27it [01:59,  2.92s/it]
28it [02:01,  2.40s/it]
29it [02:05,  3.08s/it]
30it [02:07,  2.79s/it]
31it [02:08,  2.07s/it]
32it [02:09,  1.70s/it]
33it [02:10,  1.53s/it]
33it [02:10,  3.95s/it]
Compute metrics for 2072 samples
final/VideoMetricType.FVD : 192.090408
{'final/VideoMetricType.FVD': 192.0904083251953}
Number of frames in the videos: 16
Real data options:
{'class_name': 'tools.utils.dataset.VideoFramesFolderDataset', 'path': '/scratch/s224075134/temporal_diffusion/datasets/video/ucf101/images', 'cfg': {'max_num_frames': 10000}, 'load_n_consecutive': 16, 'subsample_factor': 3, 'discard_short_videos': True, 'xflip': False, 'resolution': 256, 'use_labels': False}
Fake data options:
{'class_name': 'tools.utils.dataset.VideoDataset', 'path': 'generation/ucf101_img256/000-FusedMatLatteIMG-XL-128-512-2-concat-F16S3-ucf101_img256-ImageNetPretrained-Compile-Amp-loadpixel/ddpm_250/0670000', 'cfg': {'max_num_frames': 10000}, 'load_n_consecutive': 16, 'load_n_consecutive_random_offset': False, 'subsample_factor': 1, 'xflip': False, 'resolution': 256, 'use_labels': False}
3
self._path generation/ucf101_img256/000-FusedMatLatteIMG-XL-128-512-2-concat-F16S3-ucf101_img256-ImageNetPretrained-Compile-Amp-loadpixel/ddpm_250/0670000
num_items: 2072
len(real_dataset): 13298
/scratch/s224075134/miniconda/envs/latte/lib/python3.12/site-packages/torch/utils/data/dataloader.py:617: UserWarning: This DataLoader will create 4 worker processes in total. Our suggested max number of worker in current system is 2, which is smaller than what this DataLoader is going to create. Please be aware that excessive worker creation might get DataLoader running slow or even freeze, lower the worker number to avoid potential slowness/freeze if necessary.
  warnings.warn(
len(fake_loader): 33
len(real_loader): 33

0it [00:00, ?it/s]
1it [00:27, 27.58s/it]
2it [00:28, 11.66s/it]
3it [00:30,  7.28s/it]
4it [00:32,  5.28s/it]
5it [00:39,  6.01s/it]
6it [00:41,  4.49s/it]
7it [00:44,  4.14s/it]
8it [00:46,  3.45s/it]
9it [00:55,  5.02s/it]
10it [00:56,  3.87s/it]
11it [00:59,  3.56s/it]
12it [01:01,  3.18s/it]
13it [01:10,  4.87s/it]
14it [01:11,  3.86s/it]
15it [01:15,  3.74s/it]
16it [01:17,  3.17s/it]
17it [01:26,  4.91s/it]
18it [01:27,  3.83s/it]
19it [01:31,  3.79s/it]
20it [01:32,  3.14s/it]
21it [01:41,  4.97s/it]
22it [01:43,  3.96s/it]
23it [01:46,  3.73s/it]
24it [01:48,  3.14s/it]
25it [01:57,  4.86s/it]
26it [01:58,  3.61s/it]
27it [01:58,  2.76s/it]
28it [01:59,  2.20s/it]
29it [02:06,  3.59s/it]
30it [02:06,  2.61s/it]
31it [02:07,  1.95s/it]
32it [02:07,  1.47s/it]
33it [02:09,  1.55s/it]
33it [02:09,  3.93s/it]
Compute metrics for 2072 samples
final/VideoMetricType.FVD : 191.764771
{'final/VideoMetricType.FVD': 191.7647705078125}
Number of frames in the videos: 16
Real data options:
{'class_name': 'tools.utils.dataset.VideoFramesFolderDataset', 'path': '/scratch/s224075134/temporal_diffusion/datasets/video/ucf101/images', 'cfg': {'max_num_frames': 10000}, 'load_n_consecutive': 16, 'subsample_factor': 3, 'discard_short_videos': True, 'xflip': False, 'resolution': 256, 'use_labels': False}
Fake data options:
{'class_name': 'tools.utils.dataset.VideoDataset', 'path': 'generation/ucf101_img256/000-FusedMatLatteIMG-XL-128-512-2-concat-F16S3-ucf101_img256-ImageNetPretrained-Compile-Amp-loadpixel/ddpm_250/0670000', 'cfg': {'max_num_frames': 10000}, 'load_n_consecutive': 16, 'load_n_consecutive_random_offset': False, 'subsample_factor': 1, 'xflip': False, 'resolution': 256, 'use_labels': False}
3
self._path generation/ucf101_img256/000-FusedMatLatteIMG-XL-128-512-2-concat-F16S3-ucf101_img256-ImageNetPretrained-Compile-Amp-loadpixel/ddpm_250/0670000
num_items: 2072
len(real_dataset): 13298
/scratch/s224075134/miniconda/envs/latte/lib/python3.12/site-packages/torch/utils/data/dataloader.py:617: UserWarning: This DataLoader will create 4 worker processes in total. Our suggested max number of worker in current system is 2, which is smaller than what this DataLoader is going to create. Please be aware that excessive worker creation might get DataLoader running slow or even freeze, lower the worker number to avoid potential slowness/freeze if necessary.
  warnings.warn(
len(fake_loader): 33
len(real_loader): 33

0it [00:00, ?it/s]
1it [00:26, 26.22s/it]
2it [00:26, 11.20s/it]
3it [00:28,  6.83s/it]
4it [00:30,  4.83s/it]
5it [00:38,  6.14s/it]
6it [00:40,  4.52s/it]
7it [00:43,  4.19s/it]
8it [00:45,  3.51s/it]
9it [00:53,  4.86s/it]
10it [00:54,  3.69s/it]
11it [00:58,  3.73s/it]
12it [01:00,  3.20s/it]
13it [01:07,  4.53s/it]
14it [01:10,  3.94s/it]
15it [01:13,  3.63s/it]
16it [01:15,  3.25s/it]
17it [01:23,  4.59s/it]
18it [01:25,  3.91s/it]
19it [01:28,  3.66s/it]
20it [01:30,  3.09s/it]
21it [01:38,  4.51s/it]
22it [01:40,  3.88s/it]
23it [01:44,  3.63s/it]
24it [01:45,  3.10s/it]
25it [01:54,  4.63s/it]
26it [01:55,  3.67s/it]
27it [01:55,  2.70s/it]
28it [01:56,  2.07s/it]
29it [02:02,  3.37s/it]
30it [02:04,  2.68s/it]
31it [02:04,  2.01s/it]
32it [02:04,  1.51s/it]
33it [02:06,  1.42s/it]
33it [02:06,  3.82s/it]
Compute metrics for 2072 samples
final/VideoMetricType.FVD : 193.223068
{'final/VideoMetricType.FVD': 193.2230682373047}
Number of frames in the videos: 16
Real data options:
{'class_name': 'tools.utils.dataset.VideoFramesFolderDataset', 'path': '/scratch/s224075134/temporal_diffusion/datasets/video/ucf101/images', 'cfg': {'max_num_frames': 10000}, 'load_n_consecutive': 16, 'subsample_factor': 3, 'discard_short_videos': True, 'xflip': False, 'resolution': 256, 'use_labels': False}
Fake data options:
{'class_name': 'tools.utils.dataset.VideoDataset', 'path': 'generation/ucf101_img256/000-FusedMatLatteIMG-XL-128-512-2-concat-F16S3-ucf101_img256-ImageNetPretrained-Compile-Amp-loadpixel/ddpm_250/0670000', 'cfg': {'max_num_frames': 10000}, 'load_n_consecutive': 16, 'load_n_consecutive_random_offset': False, 'subsample_factor': 1, 'xflip': False, 'resolution': 256, 'use_labels': False}
3
self._path generation/ucf101_img256/000-FusedMatLatteIMG-XL-128-512-2-concat-F16S3-ucf101_img256-ImageNetPretrained-Compile-Amp-loadpixel/ddpm_250/0670000
num_items: 2072
len(real_dataset): 13298
/scratch/s224075134/miniconda/envs/latte/lib/python3.12/site-packages/torch/utils/data/dataloader.py:617: UserWarning: This DataLoader will create 4 worker processes in total. Our suggested max number of worker in current system is 2, which is smaller than what this DataLoader is going to create. Please be aware that excessive worker creation might get DataLoader running slow or even freeze, lower the worker number to avoid potential slowness/freeze if necessary.
  warnings.warn(
len(fake_loader): 33
len(real_loader): 33

0it [00:00, ?it/s]
1it [00:27, 27.66s/it]
2it [00:28, 11.84s/it]
3it [00:29,  7.14s/it]
4it [00:32,  5.36s/it]
5it [00:38,  5.69s/it]
6it [00:40,  4.16s/it]
7it [00:43,  3.88s/it]
8it [00:45,  3.37s/it]
9it [00:54,  4.94s/it]
10it [00:54,  3.67s/it]
11it [00:58,  3.54s/it]
12it [01:00,  3.23s/it]
13it [01:09,  4.95s/it]
14it [01:10,  3.71s/it]
15it [01:14,  3.70s/it]
16it [01:16,  3.24s/it]
17it [01:25,  4.92s/it]
18it [01:26,  3.88s/it]
19it [01:29,  3.70s/it]
20it [01:31,  3.22s/it]
21it [01:40,  4.77s/it]
22it [01:41,  3.72s/it]
23it [01:44,  3.36s/it]
24it [01:46,  3.07s/it]
25it [01:55,  4.83s/it]
26it [01:56,  3.66s/it]
27it [01:57,  2.81s/it]
28it [01:57,  2.11s/it]
29it [02:03,  3.38s/it]
30it [02:04,  2.46s/it]
31it [02:04,  1.85s/it]
32it [02:05,  1.39s/it]
33it [02:06,  1.35s/it]
33it [02:06,  3.83s/it]
Compute metrics for 2072 samples
final/VideoMetricType.FVD : 196.252609
{'final/VideoMetricType.FVD': 196.2526092529297}
Number of frames in the videos: 16
Real data options:
{'class_name': 'tools.utils.dataset.VideoFramesFolderDataset', 'path': '/scratch/s224075134/temporal_diffusion/datasets/video/ucf101/images', 'cfg': {'max_num_frames': 10000}, 'load_n_consecutive': 16, 'subsample_factor': 3, 'discard_short_videos': True, 'xflip': False, 'resolution': 256, 'use_labels': False}
Fake data options:
{'class_name': 'tools.utils.dataset.VideoDataset', 'path': 'generation/ucf101_img256/000-FusedMatLatteIMG-XL-128-512-2-concat-F16S3-ucf101_img256-ImageNetPretrained-Compile-Amp-loadpixel/ddpm_250/0670000', 'cfg': {'max_num_frames': 10000}, 'load_n_consecutive': 16, 'load_n_consecutive_random_offset': False, 'subsample_factor': 1, 'xflip': False, 'resolution': 256, 'use_labels': False}
3
self._path generation/ucf101_img256/000-FusedMatLatteIMG-XL-128-512-2-concat-F16S3-ucf101_img256-ImageNetPretrained-Compile-Amp-loadpixel/ddpm_250/0670000
num_items: 2072
len(real_dataset): 13298
/scratch/s224075134/miniconda/envs/latte/lib/python3.12/site-packages/torch/utils/data/dataloader.py:617: UserWarning: This DataLoader will create 4 worker processes in total. Our suggested max number of worker in current system is 2, which is smaller than what this DataLoader is going to create. Please be aware that excessive worker creation might get DataLoader running slow or even freeze, lower the worker number to avoid potential slowness/freeze if necessary.
  warnings.warn(
len(fake_loader): 33
len(real_loader): 33

0it [00:00, ?it/s]
1it [00:26, 26.35s/it]
2it [00:26, 11.19s/it]
3it [00:29,  7.28s/it]
4it [00:31,  5.29s/it]
5it [00:37,  5.61s/it]
6it [00:39,  4.08s/it]
7it [00:43,  4.24s/it]
8it [00:45,  3.41s/it]
9it [00:53,  5.00s/it]
10it [00:55,  3.92s/it]
11it [00:58,  3.70s/it]
12it [01:00,  3.28s/it]
13it [01:08,  4.60s/it]
14it [01:09,  3.50s/it]
15it [01:14,  3.84s/it]
16it [01:15,  3.06s/it]
17it [01:23,  4.74s/it]
18it [01:24,  3.63s/it]
19it [01:29,  3.87s/it]
20it [01:31,  3.20s/it]
21it [01:38,  4.54s/it]
22it [01:40,  3.68s/it]
23it [01:44,  3.66s/it]
24it [01:45,  3.10s/it]
25it [01:54,  4.64s/it]
26it [01:54,  3.41s/it]
27it [01:55,  2.74s/it]
28it [01:56,  2.15s/it]
29it [02:02,  3.29s/it]
30it [02:02,  2.40s/it]
31it [02:03,  2.02s/it]
32it [02:04,  1.53s/it]
33it [02:05,  1.46s/it]
33it [02:05,  3.81s/it]
Compute metrics for 2072 samples
final/VideoMetricType.FVD : 193.501663
{'final/VideoMetricType.FVD': 193.5016632080078}
Number of frames in the videos: 16
Real data options:
{'class_name': 'tools.utils.dataset.VideoFramesFolderDataset', 'path': '/scratch/s224075134/temporal_diffusion/datasets/video/ucf101/images', 'cfg': {'max_num_frames': 10000}, 'load_n_consecutive': 16, 'subsample_factor': 3, 'discard_short_videos': True, 'xflip': False, 'resolution': 256, 'use_labels': False}
Fake data options:
{'class_name': 'tools.utils.dataset.VideoDataset', 'path': 'generation/ucf101_img256/000-FusedMatLatteIMG-XL-128-512-2-concat-F16S3-ucf101_img256-ImageNetPretrained-Compile-Amp-loadpixel/ddpm_250/0670000', 'cfg': {'max_num_frames': 10000}, 'load_n_consecutive': 16, 'load_n_consecutive_random_offset': False, 'subsample_factor': 1, 'xflip': False, 'resolution': 256, 'use_labels': False}
3
self._path generation/ucf101_img256/000-FusedMatLatteIMG-XL-128-512-2-concat-F16S3-ucf101_img256-ImageNetPretrained-Compile-Amp-loadpixel/ddpm_250/0670000
num_items: 2072
len(real_dataset): 13298
/scratch/s224075134/miniconda/envs/latte/lib/python3.12/site-packages/torch/utils/data/dataloader.py:617: UserWarning: This DataLoader will create 4 worker processes in total. Our suggested max number of worker in current system is 2, which is smaller than what this DataLoader is going to create. Please be aware that excessive worker creation might get DataLoader running slow or even freeze, lower the worker number to avoid potential slowness/freeze if necessary.
  warnings.warn(
len(fake_loader): 33
len(real_loader): 33

0it [00:00, ?it/s]
1it [00:26, 26.94s/it]
2it [00:27, 11.52s/it]
3it [00:29,  7.03s/it]
4it [00:30,  4.86s/it]
5it [00:39,  6.10s/it]
6it [00:40,  4.62s/it]
7it [00:44,  4.18s/it]
8it [00:46,  3.46s/it]
9it [00:54,  5.01s/it]
10it [00:56,  3.97s/it]
11it [01:00,  3.93s/it]
12it [01:01,  3.20s/it]
13it [01:10,  4.85s/it]
14it [01:11,  3.82s/it]
15it [01:16,  4.01s/it]
16it [01:17,  3.32s/it]
17it [01:25,  4.60s/it]
18it [01:26,  3.65s/it]
19it [01:31,  4.05s/it]
20it [01:33,  3.26s/it]
21it [01:41,  4.64s/it]
22it [01:43,  3.98s/it]
23it [01:46,  3.81s/it]
24it [01:48,  3.08s/it]
25it [01:56,  4.60s/it]
26it [01:58,  3.69s/it]
27it [01:59,  3.04s/it]
28it [01:59,  2.22s/it]
29it [02:05,  3.38s/it]
30it [02:06,  2.63s/it]
31it [02:08,  2.21s/it]
32it [02:08,  1.63s/it]
33it [02:09,  1.48s/it]
33it [02:09,  3.93s/it]
Compute metrics for 2072 samples
final/VideoMetricType.FVD : 198.319397
{'final/VideoMetricType.FVD': 198.31939697265625}
Number of frames in the videos: 16
Real data options:
{'class_name': 'tools.utils.dataset.VideoFramesFolderDataset', 'path': '/scratch/s224075134/temporal_diffusion/datasets/video/ucf101/images', 'cfg': {'max_num_frames': 10000}, 'load_n_consecutive': 16, 'subsample_factor': 3, 'discard_short_videos': True, 'xflip': False, 'resolution': 256, 'use_labels': False}
Fake data options:
{'class_name': 'tools.utils.dataset.VideoDataset', 'path': 'generation/ucf101_img256/000-FusedMatLatteIMG-XL-128-512-2-concat-F16S3-ucf101_img256-ImageNetPretrained-Compile-Amp-loadpixel/ddpm_250/0670000', 'cfg': {'max_num_frames': 10000}, 'load_n_consecutive': 16, 'load_n_consecutive_random_offset': False, 'subsample_factor': 1, 'xflip': False, 'resolution': 256, 'use_labels': False}
3
self._path generation/ucf101_img256/000-FusedMatLatteIMG-XL-128-512-2-concat-F16S3-ucf101_img256-ImageNetPretrained-Compile-Amp-loadpixel/ddpm_250/0670000
num_items: 2072
len(real_dataset): 13298
/scratch/s224075134/miniconda/envs/latte/lib/python3.12/site-packages/torch/utils/data/dataloader.py:617: UserWarning: This DataLoader will create 4 worker processes in total. Our suggested max number of worker in current system is 2, which is smaller than what this DataLoader is going to create. Please be aware that excessive worker creation might get DataLoader running slow or even freeze, lower the worker number to avoid potential slowness/freeze if necessary.
  warnings.warn(
len(fake_loader): 33
len(real_loader): 33

0it [00:00, ?it/s]
1it [00:28, 28.43s/it]
2it [00:29, 12.18s/it]
3it [00:31,  7.76s/it]
4it [00:33,  5.51s/it]
5it [00:39,  5.74s/it]
6it [00:40,  4.08s/it]
7it [00:43,  3.55s/it]
8it [00:45,  3.09s/it]
9it [00:55,  5.25s/it]
10it [00:55,  3.75s/it]
11it [00:58,  3.32s/it]
12it [01:00,  3.05s/it]
13it [01:12,  5.64s/it]
14it [01:13,  4.28s/it]
15it [01:15,  3.69s/it]
16it [01:17,  3.24s/it]
17it [01:27,  5.26s/it]
18it [01:28,  3.96s/it]
19it [01:31,  3.68s/it]
20it [01:34,  3.35s/it]
21it [01:42,  4.96s/it]
22it [01:44,  3.91s/it]
23it [01:48,  3.83s/it]
24it [01:50,  3.26s/it]
25it [01:59,  5.08s/it]
26it [02:00,  3.80s/it]
27it [02:01,  2.92s/it]
28it [02:01,  2.14s/it]
29it [02:09,  3.80s/it]
30it [02:09,  2.76s/it]
31it [02:09,  2.05s/it]
32it [02:10,  1.53s/it]
33it [02:12,  1.73s/it]
33it [02:12,  4.01s/it]
Compute metrics for 2072 samples
final/VideoMetricType.FVD : 193.876892
{'final/VideoMetricType.FVD': 193.87689208984375}
Number of frames in the videos: 16
Real data options:
{'class_name': 'tools.utils.dataset.VideoFramesFolderDataset', 'path': '/scratch/s224075134/temporal_diffusion/datasets/video/ucf101/images', 'cfg': {'max_num_frames': 10000}, 'load_n_consecutive': 16, 'subsample_factor': 3, 'discard_short_videos': True, 'xflip': False, 'resolution': 256, 'use_labels': False}
Fake data options:
{'class_name': 'tools.utils.dataset.VideoDataset', 'path': 'generation/ucf101_img256/000-FusedMatLatteIMG-XL-128-512-2-concat-F16S3-ucf101_img256-ImageNetPretrained-Compile-Amp-loadpixel/ddpm_250/0670000', 'cfg': {'max_num_frames': 10000}, 'load_n_consecutive': 16, 'load_n_consecutive_random_offset': False, 'subsample_factor': 1, 'xflip': False, 'resolution': 256, 'use_labels': False}
3
self._path generation/ucf101_img256/000-FusedMatLatteIMG-XL-128-512-2-concat-F16S3-ucf101_img256-ImageNetPretrained-Compile-Amp-loadpixel/ddpm_250/0670000
num_items: 2072
len(real_dataset): 13298
/scratch/s224075134/miniconda/envs/latte/lib/python3.12/site-packages/torch/utils/data/dataloader.py:617: UserWarning: This DataLoader will create 4 worker processes in total. Our suggested max number of worker in current system is 2, which is smaller than what this DataLoader is going to create. Please be aware that excessive worker creation might get DataLoader running slow or even freeze, lower the worker number to avoid potential slowness/freeze if necessary.
  warnings.warn(
len(fake_loader): 33
len(real_loader): 33

0it [00:00, ?it/s]
1it [00:26, 26.15s/it]
2it [00:26, 11.15s/it]
3it [00:29,  7.20s/it]
4it [00:31,  5.31s/it]
5it [00:39,  6.06s/it]
6it [00:40,  4.59s/it]
7it [00:44,  4.26s/it]
8it [00:46,  3.50s/it]
9it [00:54,  5.01s/it]
10it [00:56,  3.99s/it]
11it [00:59,  3.61s/it]
12it [01:00,  2.90s/it]
13it [01:10,  5.06s/it]
14it [01:11,  4.00s/it]
15it [01:15,  3.73s/it]
16it [01:17,  3.20s/it]
17it [01:25,  4.75s/it]
18it [01:27,  4.00s/it]
19it [01:30,  3.60s/it]
20it [01:31,  2.99s/it]
21it [01:41,  4.93s/it]
22it [01:43,  4.19s/it]
23it [01:46,  3.74s/it]
24it [01:48,  3.14s/it]
25it [01:57,  5.08s/it]
26it [01:58,  3.82s/it]
27it [01:59,  2.96s/it]
28it [02:00,  2.21s/it]
29it [02:06,  3.47s/it]
30it [02:06,  2.52s/it]
31it [02:07,  1.90s/it]
32it [02:07,  1.42s/it]
33it [02:08,  1.41s/it]
33it [02:09,  3.91s/it]
Compute metrics for 2072 samples
final/VideoMetricType.FVD : 203.897614
{'final/VideoMetricType.FVD': 203.89761352539062}
Number of frames in the videos: 16
Real data options:
{'class_name': 'tools.utils.dataset.VideoFramesFolderDataset', 'path': '/scratch/s224075134/temporal_diffusion/datasets/video/ucf101/images', 'cfg': {'max_num_frames': 10000}, 'load_n_consecutive': 16, 'subsample_factor': 3, 'discard_short_videos': True, 'xflip': False, 'resolution': 256, 'use_labels': False}
Fake data options:
{'class_name': 'tools.utils.dataset.VideoDataset', 'path': 'generation/ucf101_img256/000-FusedMatLatteIMG-XL-128-512-2-concat-F16S3-ucf101_img256-ImageNetPretrained-Compile-Amp-loadpixel/ddpm_250/0670000', 'cfg': {'max_num_frames': 10000}, 'load_n_consecutive': 16, 'load_n_consecutive_random_offset': False, 'subsample_factor': 1, 'xflip': False, 'resolution': 256, 'use_labels': False}
3
self._path generation/ucf101_img256/000-FusedMatLatteIMG-XL-128-512-2-concat-F16S3-ucf101_img256-ImageNetPretrained-Compile-Amp-loadpixel/ddpm_250/0670000
num_items: 2072
len(real_dataset): 13298
/scratch/s224075134/miniconda/envs/latte/lib/python3.12/site-packages/torch/utils/data/dataloader.py:617: UserWarning: This DataLoader will create 4 worker processes in total. Our suggested max number of worker in current system is 2, which is smaller than what this DataLoader is going to create. Please be aware that excessive worker creation might get DataLoader running slow or even freeze, lower the worker number to avoid potential slowness/freeze if necessary.
  warnings.warn(
len(fake_loader): 33
len(real_loader): 33

0it [00:00, ?it/s]
1it [00:27, 27.09s/it]
2it [00:27, 11.59s/it]
3it [00:30,  7.40s/it]
4it [00:32,  5.40s/it]
5it [00:38,  5.60s/it]
6it [00:41,  4.64s/it]
7it [00:43,  3.92s/it]
8it [00:45,  3.23s/it]
9it [00:54,  5.00s/it]
10it [00:56,  4.10s/it]
11it [00:59,  3.63s/it]
12it [01:01,  3.25s/it]
13it [01:10,  4.93s/it]
14it [01:10,  3.68s/it]
15it [01:15,  3.84s/it]
16it [01:17,  3.24s/it]
17it [01:25,  4.94s/it]
18it [01:27,  3.94s/it]
19it [01:30,  3.66s/it]
20it [01:32,  3.12s/it]
21it [01:41,  4.82s/it]
22it [01:42,  3.86s/it]
23it [01:46,  3.93s/it]
24it [01:48,  3.13s/it]
25it [01:56,  4.68s/it]
26it [01:57,  3.69s/it]
27it [01:59,  3.01s/it]
28it [01:59,  2.25s/it]
29it [02:05,  3.27s/it]
30it [02:06,  2.70s/it]
31it [02:07,  2.04s/it]
32it [02:07,  1.51s/it]
33it [02:08,  1.42s/it]
33it [02:08,  3.91s/it]
Compute metrics for 2072 samples
final/VideoMetricType.FVD : 202.752396
{'final/VideoMetricType.FVD': 202.7523956298828}
Number of frames in the videos: 16
Real data options:
{'class_name': 'tools.utils.dataset.VideoFramesFolderDataset', 'path': '/scratch/s224075134/temporal_diffusion/datasets/video/ucf101/images', 'cfg': {'max_num_frames': 10000}, 'load_n_consecutive': 16, 'subsample_factor': 3, 'discard_short_videos': True, 'xflip': False, 'resolution': 256, 'use_labels': False}
Fake data options:
{'class_name': 'tools.utils.dataset.VideoDataset', 'path': 'generation/ucf101_img256/000-FusedMatLatteIMG-XL-128-512-2-concat-F16S3-ucf101_img256-ImageNetPretrained-Compile-Amp-loadpixel/ddpm_250/0670000', 'cfg': {'max_num_frames': 10000}, 'load_n_consecutive': 16, 'load_n_consecutive_random_offset': False, 'subsample_factor': 1, 'xflip': False, 'resolution': 256, 'use_labels': False}
3
self._path generation/ucf101_img256/000-FusedMatLatteIMG-XL-128-512-2-concat-F16S3-ucf101_img256-ImageNetPretrained-Compile-Amp-loadpixel/ddpm_250/0670000
num_items: 2072
len(real_dataset): 13298
/scratch/s224075134/miniconda/envs/latte/lib/python3.12/site-packages/torch/utils/data/dataloader.py:617: UserWarning: This DataLoader will create 4 worker processes in total. Our suggested max number of worker in current system is 2, which is smaller than what this DataLoader is going to create. Please be aware that excessive worker creation might get DataLoader running slow or even freeze, lower the worker number to avoid potential slowness/freeze if necessary.
  warnings.warn(
len(fake_loader): 33
len(real_loader): 33

0it [00:00, ?it/s]
1it [00:27, 27.45s/it]
2it [00:28, 11.77s/it]
3it [00:30,  7.54s/it]
4it [00:32,  5.33s/it]
5it [00:39,  5.89s/it]
6it [00:41,  4.59s/it]
7it [00:44,  4.16s/it]
8it [00:46,  3.39s/it]
9it [00:54,  4.91s/it]
10it [00:56,  3.93s/it]
11it [00:59,  3.68s/it]
12it [01:02,  3.36s/it]
13it [01:10,  4.77s/it]
14it [01:11,  3.69s/it]
15it [01:15,  3.66s/it]
16it [01:17,  3.15s/it]
17it [01:25,  4.76s/it]
18it [01:27,  3.78s/it]
19it [01:30,  3.60s/it]
20it [01:32,  3.19s/it]
21it [01:41,  4.96s/it]
22it [01:43,  3.89s/it]
23it [01:46,  3.70s/it]
24it [01:48,  3.18s/it]
25it [01:56,  4.79s/it]
26it [01:57,  3.50s/it]
27it [01:58,  2.88s/it]
28it [01:59,  2.25s/it]
29it [02:06,  3.68s/it]
30it [02:06,  2.68s/it]
31it [02:07,  2.00s/it]
32it [02:07,  1.49s/it]
33it [02:09,  1.54s/it]
33it [02:09,  3.92s/it]
Compute metrics for 2072 samples
final/VideoMetricType.FVD : 189.149490
{'final/VideoMetricType.FVD': 189.1494903564453}
Number of frames in the videos: 16
Real data options:
{'class_name': 'tools.utils.dataset.VideoFramesFolderDataset', 'path': '/scratch/s224075134/temporal_diffusion/datasets/video/ucf101/images', 'cfg': {'max_num_frames': 10000}, 'load_n_consecutive': 16, 'subsample_factor': 3, 'discard_short_videos': True, 'xflip': False, 'resolution': 256, 'use_labels': False}
Fake data options:
{'class_name': 'tools.utils.dataset.VideoDataset', 'path': 'generation/ucf101_img256/000-FusedMatLatteIMG-XL-128-512-2-concat-F16S3-ucf101_img256-ImageNetPretrained-Compile-Amp-loadpixel/ddpm_250/0670000', 'cfg': {'max_num_frames': 10000}, 'load_n_consecutive': 16, 'load_n_consecutive_random_offset': False, 'subsample_factor': 1, 'xflip': False, 'resolution': 256, 'use_labels': False}
3
self._path generation/ucf101_img256/000-FusedMatLatteIMG-XL-128-512-2-concat-F16S3-ucf101_img256-ImageNetPretrained-Compile-Amp-loadpixel/ddpm_250/0670000
num_items: 2072
len(real_dataset): 13298
/scratch/s224075134/miniconda/envs/latte/lib/python3.12/site-packages/torch/utils/data/dataloader.py:617: UserWarning: This DataLoader will create 4 worker processes in total. Our suggested max number of worker in current system is 2, which is smaller than what this DataLoader is going to create. Please be aware that excessive worker creation might get DataLoader running slow or even freeze, lower the worker number to avoid potential slowness/freeze if necessary.
  warnings.warn(
len(fake_loader): 33
len(real_loader): 33

0it [00:00, ?it/s]
1it [00:27, 27.70s/it]
2it [00:28, 11.83s/it]
3it [00:30,  7.36s/it]
4it [00:32,  5.28s/it]
5it [00:39,  5.71s/it]
6it [00:40,  4.13s/it]
7it [00:42,  3.52s/it]
8it [00:44,  3.18s/it]
9it [00:54,  5.29s/it]
10it [00:56,  4.08s/it]
11it [00:59,  3.86s/it]
12it [01:01,  3.34s/it]
13it [01:09,  4.84s/it]
14it [01:11,  3.95s/it]
15it [01:14,  3.69s/it]
16it [01:16,  3.05s/it]
17it [01:24,  4.50s/it]
18it [01:25,  3.60s/it]
19it [01:28,  3.26s/it]
20it [01:31,  3.11s/it]
21it [01:39,  4.67s/it]
22it [01:42,  4.10s/it]
23it [01:44,  3.63s/it]
24it [01:46,  3.18s/it]
25it [01:54,  4.56s/it]
26it [01:56,  3.75s/it]
27it [01:57,  2.83s/it]
28it [01:57,  2.08s/it]
29it [02:02,  3.05s/it]
30it [02:03,  2.40s/it]
31it [02:04,  1.81s/it]
32it [02:04,  1.37s/it]
33it [02:05,  1.36s/it]
33it [02:05,  3.81s/it]
Compute metrics for 2072 samples
final/VideoMetricType.FVD : 188.807724
{'final/VideoMetricType.FVD': 188.80772399902344}
Number of frames in the videos: 16
Real data options:
{'class_name': 'tools.utils.dataset.VideoFramesFolderDataset', 'path': '/scratch/s224075134/temporal_diffusion/datasets/video/ucf101/images', 'cfg': {'max_num_frames': 10000}, 'load_n_consecutive': 16, 'subsample_factor': 3, 'discard_short_videos': True, 'xflip': False, 'resolution': 256, 'use_labels': False}
Fake data options:
{'class_name': 'tools.utils.dataset.VideoDataset', 'path': 'generation/ucf101_img256/000-FusedMatLatteIMG-XL-128-512-2-concat-F16S3-ucf101_img256-ImageNetPretrained-Compile-Amp-loadpixel/ddpm_250/0670000', 'cfg': {'max_num_frames': 10000}, 'load_n_consecutive': 16, 'load_n_consecutive_random_offset': False, 'subsample_factor': 1, 'xflip': False, 'resolution': 256, 'use_labels': False}
3
self._path generation/ucf101_img256/000-FusedMatLatteIMG-XL-128-512-2-concat-F16S3-ucf101_img256-ImageNetPretrained-Compile-Amp-loadpixel/ddpm_250/0670000
num_items: 2072
len(real_dataset): 13298
/scratch/s224075134/miniconda/envs/latte/lib/python3.12/site-packages/torch/utils/data/dataloader.py:617: UserWarning: This DataLoader will create 4 worker processes in total. Our suggested max number of worker in current system is 2, which is smaller than what this DataLoader is going to create. Please be aware that excessive worker creation might get DataLoader running slow or even freeze, lower the worker number to avoid potential slowness/freeze if necessary.
  warnings.warn(
len(fake_loader): 33
len(real_loader): 33

0it [00:00, ?it/s]
1it [00:27, 27.89s/it]
2it [00:28, 11.80s/it]
3it [00:29,  6.93s/it]
4it [00:31,  4.91s/it]
5it [00:40,  6.31s/it]
6it [00:41,  4.64s/it]
7it [00:44,  4.14s/it]
8it [00:46,  3.46s/it]
9it [00:56,  5.32s/it]
10it [00:58,  4.27s/it]
11it [01:00,  3.84s/it]
12it [01:02,  3.25s/it]
13it [01:11,  4.95s/it]
14it [01:12,  3.85s/it]
15it [01:16,  3.73s/it]
16it [01:18,  3.18s/it]
17it [01:27,  4.87s/it]
18it [01:28,  3.79s/it]
19it [01:30,  3.42s/it]
20it [01:33,  3.01s/it]
21it [01:42,  5.05s/it]
22it [01:44,  4.11s/it]
23it [01:48,  3.90s/it]
24it [01:49,  3.27s/it]
25it [01:57,  4.58s/it]
26it [01:59,  3.75s/it]
27it [01:59,  2.79s/it]
28it [02:00,  2.05s/it]
29it [02:06,  3.29s/it]
30it [02:07,  2.65s/it]
31it [02:08,  1.99s/it]
32it [02:08,  1.48s/it]
33it [02:09,  1.38s/it]
33it [02:09,  3.93s/it]
Compute metrics for 2072 samples
final/VideoMetricType.FVD : 204.012329
{'final/VideoMetricType.FVD': 204.0123291015625}
Number of frames in the videos: 16
Real data options:
{'class_name': 'tools.utils.dataset.VideoFramesFolderDataset', 'path': '/scratch/s224075134/temporal_diffusion/datasets/video/ucf101/images', 'cfg': {'max_num_frames': 10000}, 'load_n_consecutive': 16, 'subsample_factor': 3, 'discard_short_videos': True, 'xflip': False, 'resolution': 256, 'use_labels': False}
Fake data options:
{'class_name': 'tools.utils.dataset.VideoDataset', 'path': 'generation/ucf101_img256/000-FusedMatLatteIMG-XL-128-512-2-concat-F16S3-ucf101_img256-ImageNetPretrained-Compile-Amp-loadpixel/ddpm_250/0670000', 'cfg': {'max_num_frames': 10000}, 'load_n_consecutive': 16, 'load_n_consecutive_random_offset': False, 'subsample_factor': 1, 'xflip': False, 'resolution': 256, 'use_labels': False}
3
self._path generation/ucf101_img256/000-FusedMatLatteIMG-XL-128-512-2-concat-F16S3-ucf101_img256-ImageNetPretrained-Compile-Amp-loadpixel/ddpm_250/0670000
num_items: 2072
len(real_dataset): 13298
/scratch/s224075134/miniconda/envs/latte/lib/python3.12/site-packages/torch/utils/data/dataloader.py:617: UserWarning: This DataLoader will create 4 worker processes in total. Our suggested max number of worker in current system is 2, which is smaller than what this DataLoader is going to create. Please be aware that excessive worker creation might get DataLoader running slow or even freeze, lower the worker number to avoid potential slowness/freeze if necessary.
  warnings.warn(
len(fake_loader): 33
len(real_loader): 33

0it [00:00, ?it/s]
1it [00:26, 26.64s/it]
2it [00:27, 11.40s/it]
3it [00:29,  7.05s/it]
4it [00:31,  5.15s/it]
5it [00:38,  5.84s/it]
6it [00:39,  4.21s/it]
7it [00:43,  3.99s/it]
8it [00:45,  3.47s/it]
9it [00:54,  5.06s/it]
10it [00:54,  3.78s/it]
11it [00:59,  4.05s/it]
12it [01:01,  3.37s/it]
13it [01:10,  5.08s/it]
14it [01:11,  3.90s/it]
15it [01:14,  3.61s/it]
16it [01:17,  3.37s/it]
17it [01:25,  4.74s/it]
18it [01:26,  3.61s/it]
19it [01:31,  4.00s/it]
20it [01:32,  3.18s/it]
21it [01:41,  4.90s/it]
22it [01:42,  3.82s/it]
23it [01:47,  4.00s/it]
24it [01:48,  3.18s/it]
25it [01:57,  4.90s/it]
26it [01:57,  3.64s/it]
27it [01:59,  3.09s/it]
28it [02:00,  2.31s/it]
29it [02:05,  3.29s/it]
30it [02:06,  2.40s/it]
31it [02:07,  2.04s/it]
32it [02:07,  1.55s/it]
33it [02:09,  1.50s/it]
33it [02:09,  3.92s/it]
Compute metrics for 2072 samples
final/VideoMetricType.FVD : 176.592529
{'final/VideoMetricType.FVD': 176.592529296875}
Number of frames in the videos: 16
Real data options:
{'class_name': 'tools.utils.dataset.VideoFramesFolderDataset', 'path': '/scratch/s224075134/temporal_diffusion/datasets/video/ucf101/images', 'cfg': {'max_num_frames': 10000}, 'load_n_consecutive': 16, 'subsample_factor': 3, 'discard_short_videos': True, 'xflip': False, 'resolution': 256, 'use_labels': False}
Fake data options:
{'class_name': 'tools.utils.dataset.VideoDataset', 'path': 'generation/ucf101_img256/000-FusedMatLatteIMG-XL-128-512-2-concat-F16S3-ucf101_img256-ImageNetPretrained-Compile-Amp-loadpixel/ddpm_250/0670000', 'cfg': {'max_num_frames': 10000}, 'load_n_consecutive': 16, 'load_n_consecutive_random_offset': False, 'subsample_factor': 1, 'xflip': False, 'resolution': 256, 'use_labels': False}
3
self._path generation/ucf101_img256/000-FusedMatLatteIMG-XL-128-512-2-concat-F16S3-ucf101_img256-ImageNetPretrained-Compile-Amp-loadpixel/ddpm_250/0670000
num_items: 2072
len(real_dataset): 13298
/scratch/s224075134/miniconda/envs/latte/lib/python3.12/site-packages/torch/utils/data/dataloader.py:617: UserWarning: This DataLoader will create 4 worker processes in total. Our suggested max number of worker in current system is 2, which is smaller than what this DataLoader is going to create. Please be aware that excessive worker creation might get DataLoader running slow or even freeze, lower the worker number to avoid potential slowness/freeze if necessary.
  warnings.warn(
len(fake_loader): 33
len(real_loader): 33

0it [00:00, ?it/s]
1it [00:27, 27.15s/it]
2it [00:27, 11.58s/it]
3it [00:29,  6.93s/it]
4it [00:31,  4.93s/it]
5it [00:38,  5.92s/it]
6it [00:41,  4.83s/it]
7it [00:44,  4.18s/it]
8it [00:46,  3.50s/it]
9it [00:54,  4.93s/it]
10it [00:56,  4.18s/it]
11it [00:59,  3.68s/it]
12it [01:01,  3.18s/it]
13it [01:09,  4.67s/it]
14it [01:13,  4.31s/it]
15it [01:15,  3.87s/it]
16it [01:18,  3.40s/it]
17it [01:25,  4.42s/it]
18it [01:28,  4.21s/it]
19it [01:31,  3.67s/it]
20it [01:33,  3.22s/it]
21it [01:41,  4.60s/it]
22it [01:43,  3.97s/it]
23it [01:46,  3.59s/it]
24it [01:48,  3.24s/it]
25it [01:56,  4.59s/it]
26it [01:58,  3.75s/it]
27it [01:59,  2.91s/it]
28it [01:59,  2.13s/it]
29it [02:06,  3.44s/it]
30it [02:06,  2.53s/it]
31it [02:07,  2.20s/it]
32it [02:08,  1.64s/it]
33it [02:09,  1.49s/it]
33it [02:09,  3.92s/it]
Compute metrics for 2072 samples
final/VideoMetricType.FVD : 190.367783
{'final/VideoMetricType.FVD': 190.36778259277344}
Number of frames in the videos: 16
Real data options:
{'class_name': 'tools.utils.dataset.VideoFramesFolderDataset', 'path': '/scratch/s224075134/temporal_diffusion/datasets/video/ucf101/images', 'cfg': {'max_num_frames': 10000}, 'load_n_consecutive': 16, 'subsample_factor': 3, 'discard_short_videos': True, 'xflip': False, 'resolution': 256, 'use_labels': False}
Fake data options:
{'class_name': 'tools.utils.dataset.VideoDataset', 'path': 'generation/ucf101_img256/000-FusedMatLatteIMG-XL-128-512-2-concat-F16S3-ucf101_img256-ImageNetPretrained-Compile-Amp-loadpixel/ddpm_250/0670000', 'cfg': {'max_num_frames': 10000}, 'load_n_consecutive': 16, 'load_n_consecutive_random_offset': False, 'subsample_factor': 1, 'xflip': False, 'resolution': 256, 'use_labels': False}
3
self._path generation/ucf101_img256/000-FusedMatLatteIMG-XL-128-512-2-concat-F16S3-ucf101_img256-ImageNetPretrained-Compile-Amp-loadpixel/ddpm_250/0670000
num_items: 2072
len(real_dataset): 13298
/scratch/s224075134/miniconda/envs/latte/lib/python3.12/site-packages/torch/utils/data/dataloader.py:617: UserWarning: This DataLoader will create 4 worker processes in total. Our suggested max number of worker in current system is 2, which is smaller than what this DataLoader is going to create. Please be aware that excessive worker creation might get DataLoader running slow or even freeze, lower the worker number to avoid potential slowness/freeze if necessary.
  warnings.warn(
len(fake_loader): 33
len(real_loader): 33

0it [00:00, ?it/s]
1it [00:27, 27.30s/it]
2it [00:28, 11.69s/it]
3it [00:29,  7.08s/it]
4it [00:31,  5.05s/it]
5it [00:39,  5.98s/it]
6it [00:40,  4.47s/it]
7it [00:43,  4.07s/it]
8it [00:45,  3.34s/it]
9it [00:54,  5.14s/it]
10it [00:57,  4.23s/it]
11it [00:59,  3.80s/it]
12it [01:01,  3.24s/it]
13it [01:10,  4.99s/it]
14it [01:12,  3.99s/it]
15it [01:15,  3.58s/it]
16it [01:16,  3.04s/it]
17it [01:25,  4.85s/it]
18it [01:28,  4.26s/it]
19it [01:32,  3.92s/it]
20it [01:33,  3.29s/it]
21it [01:41,  4.61s/it]
22it [01:44,  4.25s/it]
23it [01:47,  3.67s/it]
24it [01:49,  3.15s/it]
25it [01:56,  4.52s/it]
26it [01:59,  4.09s/it]
27it [02:01,  3.17s/it]
28it [02:01,  2.39s/it]
29it [02:05,  2.77s/it]
30it [02:07,  2.68s/it]
31it [02:08,  2.00s/it]
32it [02:08,  1.49s/it]
33it [02:09,  1.38s/it]
33it [02:09,  3.93s/it]
Compute metrics for 2072 samples
final/VideoMetricType.FVD : 196.054993
{'final/VideoMetricType.FVD': 196.05499267578125}
Number of frames in the videos: 16
Real data options:
{'class_name': 'tools.utils.dataset.VideoFramesFolderDataset', 'path': '/scratch/s224075134/temporal_diffusion/datasets/video/ucf101/images', 'cfg': {'max_num_frames': 10000}, 'load_n_consecutive': 16, 'subsample_factor': 3, 'discard_short_videos': True, 'xflip': False, 'resolution': 256, 'use_labels': False}
Fake data options:
{'class_name': 'tools.utils.dataset.VideoDataset', 'path': 'generation/ucf101_img256/000-FusedMatLatteIMG-XL-128-512-2-concat-F16S3-ucf101_img256-ImageNetPretrained-Compile-Amp-loadpixel/ddpm_250/0670000', 'cfg': {'max_num_frames': 10000}, 'load_n_consecutive': 16, 'load_n_consecutive_random_offset': False, 'subsample_factor': 1, 'xflip': False, 'resolution': 256, 'use_labels': False}
3
self._path generation/ucf101_img256/000-FusedMatLatteIMG-XL-128-512-2-concat-F16S3-ucf101_img256-ImageNetPretrained-Compile-Amp-loadpixel/ddpm_250/0670000
num_items: 2072
len(real_dataset): 13298
/scratch/s224075134/miniconda/envs/latte/lib/python3.12/site-packages/torch/utils/data/dataloader.py:617: UserWarning: This DataLoader will create 4 worker processes in total. Our suggested max number of worker in current system is 2, which is smaller than what this DataLoader is going to create. Please be aware that excessive worker creation might get DataLoader running slow or even freeze, lower the worker number to avoid potential slowness/freeze if necessary.
  warnings.warn(
len(fake_loader): 33
len(real_loader): 33

0it [00:00, ?it/s]
1it [00:26, 26.52s/it]
2it [00:27, 11.30s/it]
3it [00:28,  6.87s/it]
4it [00:30,  4.92s/it]
5it [00:38,  6.00s/it]
6it [00:40,  4.73s/it]
7it [00:44,  4.30s/it]
8it [00:46,  3.64s/it]
9it [00:53,  4.72s/it]
10it [00:56,  4.28s/it]
11it [00:59,  3.81s/it]
12it [01:01,  3.26s/it]
13it [01:08,  4.37s/it]
14it [01:12,  4.37s/it]
15it [01:15,  3.95s/it]
16it [01:17,  3.24s/it]
17it [01:24,  4.36s/it]
18it [01:28,  4.24s/it]
19it [01:31,  3.90s/it]
20it [01:33,  3.25s/it]
21it [01:39,  4.15s/it]
22it [01:44,  4.26s/it]
23it [01:46,  3.84s/it]
24it [01:48,  3.11s/it]
25it [01:55,  4.32s/it]
26it [01:58,  3.87s/it]
27it [01:59,  3.00s/it]
28it [01:59,  2.20s/it]
29it [02:04,  2.95s/it]
30it [02:07,  2.91s/it]
31it [02:07,  2.25s/it]
32it [02:08,  1.66s/it]
33it [02:09,  1.50s/it]
33it [02:09,  3.92s/it]
Compute metrics for 2072 samples
final/VideoMetricType.FVD : 197.623398
{'final/VideoMetricType.FVD': 197.62339782714844}
Number of frames in the videos: 16
Real data options:
{'class_name': 'tools.utils.dataset.VideoFramesFolderDataset', 'path': '/scratch/s224075134/temporal_diffusion/datasets/video/ucf101/images', 'cfg': {'max_num_frames': 10000}, 'load_n_consecutive': 16, 'subsample_factor': 3, 'discard_short_videos': True, 'xflip': False, 'resolution': 256, 'use_labels': False}
Fake data options:
{'class_name': 'tools.utils.dataset.VideoDataset', 'path': 'generation/ucf101_img256/000-FusedMatLatteIMG-XL-128-512-2-concat-F16S3-ucf101_img256-ImageNetPretrained-Compile-Amp-loadpixel/ddpm_250/0670000', 'cfg': {'max_num_frames': 10000}, 'load_n_consecutive': 16, 'load_n_consecutive_random_offset': False, 'subsample_factor': 1, 'xflip': False, 'resolution': 256, 'use_labels': False}
3
self._path generation/ucf101_img256/000-FusedMatLatteIMG-XL-128-512-2-concat-F16S3-ucf101_img256-ImageNetPretrained-Compile-Amp-loadpixel/ddpm_250/0670000
num_items: 2072
len(real_dataset): 13298
/scratch/s224075134/miniconda/envs/latte/lib/python3.12/site-packages/torch/utils/data/dataloader.py:617: UserWarning: This DataLoader will create 4 worker processes in total. Our suggested max number of worker in current system is 2, which is smaller than what this DataLoader is going to create. Please be aware that excessive worker creation might get DataLoader running slow or even freeze, lower the worker number to avoid potential slowness/freeze if necessary.
  warnings.warn(
len(fake_loader): 33
len(real_loader): 33

0it [00:00, ?it/s]
1it [00:27, 27.90s/it]
2it [00:28, 11.88s/it]
3it [00:30,  7.42s/it]
4it [00:32,  5.25s/it]
5it [00:38,  5.63s/it]
6it [00:40,  4.20s/it]
7it [00:42,  3.61s/it]
8it [00:44,  3.07s/it]
9it [00:54,  5.14s/it]
10it [00:56,  4.32s/it]
11it [00:58,  3.58s/it]
12it [01:00,  3.05s/it]
13it [01:09,  4.93s/it]
14it [01:12,  4.21s/it]
15it [01:15,  3.98s/it]
16it [01:17,  3.34s/it]
17it [01:25,  4.80s/it]
18it [01:28,  4.11s/it]
19it [01:31,  3.96s/it]
20it [01:33,  3.19s/it]
21it [01:41,  4.58s/it]
22it [01:44,  4.22s/it]
23it [01:48,  4.01s/it]
24it [01:49,  3.19s/it]
25it [01:56,  4.41s/it]
26it [01:58,  3.77s/it]
27it [02:00,  3.18s/it]
28it [02:00,  2.32s/it]
29it [02:05,  2.97s/it]
30it [02:06,  2.51s/it]
31it [02:08,  2.12s/it]
32it [02:08,  1.57s/it]
33it [02:09,  1.44s/it]
33it [02:09,  3.93s/it]
Compute metrics for 2072 samples
final/VideoMetricType.FVD : 190.217575
{'final/VideoMetricType.FVD': 190.2175750732422}
Number of frames in the videos: 16
Real data options:
{'class_name': 'tools.utils.dataset.VideoFramesFolderDataset', 'path': '/scratch/s224075134/temporal_diffusion/datasets/video/ucf101/images', 'cfg': {'max_num_frames': 10000}, 'load_n_consecutive': 16, 'subsample_factor': 3, 'discard_short_videos': True, 'xflip': False, 'resolution': 256, 'use_labels': False}
Fake data options:
{'class_name': 'tools.utils.dataset.VideoDataset', 'path': 'generation/ucf101_img256/000-FusedMatLatteIMG-XL-128-512-2-concat-F16S3-ucf101_img256-ImageNetPretrained-Compile-Amp-loadpixel/ddpm_250/0670000', 'cfg': {'max_num_frames': 10000}, 'load_n_consecutive': 16, 'load_n_consecutive_random_offset': False, 'subsample_factor': 1, 'xflip': False, 'resolution': 256, 'use_labels': False}
3
self._path generation/ucf101_img256/000-FusedMatLatteIMG-XL-128-512-2-concat-F16S3-ucf101_img256-ImageNetPretrained-Compile-Amp-loadpixel/ddpm_250/0670000
num_items: 2072
len(real_dataset): 13298
/scratch/s224075134/miniconda/envs/latte/lib/python3.12/site-packages/torch/utils/data/dataloader.py:617: UserWarning: This DataLoader will create 4 worker processes in total. Our suggested max number of worker in current system is 2, which is smaller than what this DataLoader is going to create. Please be aware that excessive worker creation might get DataLoader running slow or even freeze, lower the worker number to avoid potential slowness/freeze if necessary.
  warnings.warn(
len(fake_loader): 33
len(real_loader): 33

0it [00:00, ?it/s]
1it [00:28, 28.25s/it]
2it [00:28, 12.07s/it]
3it [00:30,  7.35s/it]
4it [00:32,  5.20s/it]
5it [00:39,  5.74s/it]
6it [00:40,  4.11s/it]
7it [00:42,  3.49s/it]
8it [00:44,  3.17s/it]
9it [00:55,  5.37s/it]
10it [00:56,  4.08s/it]
11it [00:58,  3.58s/it]
12it [01:00,  3.12s/it]
13it [01:10,  5.23s/it]
14it [01:12,  4.11s/it]
15it [01:15,  3.88s/it]
16it [01:17,  3.29s/it]
17it [01:26,  4.97s/it]
18it [01:27,  3.87s/it]
19it [01:31,  3.63s/it]
20it [01:33,  3.32s/it]
21it [01:42,  4.96s/it]
22it [01:43,  3.89s/it]
23it [01:46,  3.59s/it]
24it [01:48,  3.09s/it]
25it [01:57,  4.92s/it]
26it [01:58,  3.64s/it]
27it [01:59,  2.79s/it]
28it [01:59,  2.10s/it]
29it [02:06,  3.36s/it]
30it [02:06,  2.49s/it]
31it [02:06,  1.86s/it]
32it [02:07,  1.39s/it]
33it [02:08,  1.47s/it]
33it [02:08,  3.91s/it]
Compute metrics for 2072 samples
final/VideoMetricType.FVD : 194.694641
{'final/VideoMetricType.FVD': 194.69464111328125}
Number of frames in the videos: 16
Real data options:
{'class_name': 'tools.utils.dataset.VideoFramesFolderDataset', 'path': '/scratch/s224075134/temporal_diffusion/datasets/video/ucf101/images', 'cfg': {'max_num_frames': 10000}, 'load_n_consecutive': 16, 'subsample_factor': 3, 'discard_short_videos': True, 'xflip': False, 'resolution': 256, 'use_labels': False}
Fake data options:
{'class_name': 'tools.utils.dataset.VideoDataset', 'path': 'generation/ucf101_img256/000-FusedMatLatteIMG-XL-128-512-2-concat-F16S3-ucf101_img256-ImageNetPretrained-Compile-Amp-loadpixel/ddpm_250/0670000', 'cfg': {'max_num_frames': 10000}, 'load_n_consecutive': 16, 'load_n_consecutive_random_offset': False, 'subsample_factor': 1, 'xflip': False, 'resolution': 256, 'use_labels': False}
3
self._path generation/ucf101_img256/000-FusedMatLatteIMG-XL-128-512-2-concat-F16S3-ucf101_img256-ImageNetPretrained-Compile-Amp-loadpixel/ddpm_250/0670000
num_items: 2072
len(real_dataset): 13298
/scratch/s224075134/miniconda/envs/latte/lib/python3.12/site-packages/torch/utils/data/dataloader.py:617: UserWarning: This DataLoader will create 4 worker processes in total. Our suggested max number of worker in current system is 2, which is smaller than what this DataLoader is going to create. Please be aware that excessive worker creation might get DataLoader running slow or even freeze, lower the worker number to avoid potential slowness/freeze if necessary.
  warnings.warn(
len(fake_loader): 33
len(real_loader): 33

0it [00:00, ?it/s]
1it [00:26, 26.70s/it]
2it [00:27, 11.48s/it]
3it [00:29,  7.24s/it]
4it [00:31,  5.11s/it]
5it [00:39,  6.26s/it]
6it [00:41,  4.71s/it]
7it [00:45,  4.33s/it]
8it [00:46,  3.43s/it]
9it [00:55,  5.12s/it]
10it [00:56,  4.01s/it]
11it [01:00,  3.71s/it]
12it [01:01,  3.08s/it]
13it [01:09,  4.64s/it]
14it [01:11,  3.65s/it]
15it [01:15,  3.91s/it]
16it [01:17,  3.15s/it]
17it [01:25,  4.68s/it]
18it [01:26,  3.57s/it]
19it [01:32,  4.25s/it]
20it [01:34,  3.54s/it]
21it [01:41,  4.62s/it]
22it [01:42,  3.57s/it]
23it [01:47,  4.10s/it]
24it [01:48,  3.21s/it]
25it [01:56,  4.66s/it]
26it [01:57,  3.45s/it]
27it [02:00,  3.26s/it]
28it [02:00,  2.38s/it]
29it [02:05,  3.18s/it]
30it [02:06,  2.32s/it]
31it [02:08,  2.27s/it]
32it [02:08,  1.68s/it]
33it [02:09,  1.52s/it]
33it [02:09,  3.93s/it]
Compute metrics for 2072 samples
final/VideoMetricType.FVD : 202.213806
{'final/VideoMetricType.FVD': 202.21380615234375}
Number of frames in the videos: 16
Real data options:
{'class_name': 'tools.utils.dataset.VideoFramesFolderDataset', 'path': '/scratch/s224075134/temporal_diffusion/datasets/video/ucf101/images', 'cfg': {'max_num_frames': 10000}, 'load_n_consecutive': 16, 'subsample_factor': 3, 'discard_short_videos': True, 'xflip': False, 'resolution': 256, 'use_labels': False}
Fake data options:
{'class_name': 'tools.utils.dataset.VideoDataset', 'path': 'generation/ucf101_img256/000-FusedMatLatteIMG-XL-128-512-2-concat-F16S3-ucf101_img256-ImageNetPretrained-Compile-Amp-loadpixel/ddpm_250/0670000', 'cfg': {'max_num_frames': 10000}, 'load_n_consecutive': 16, 'load_n_consecutive_random_offset': False, 'subsample_factor': 1, 'xflip': False, 'resolution': 256, 'use_labels': False}
3
self._path generation/ucf101_img256/000-FusedMatLatteIMG-XL-128-512-2-concat-F16S3-ucf101_img256-ImageNetPretrained-Compile-Amp-loadpixel/ddpm_250/0670000
num_items: 2072
len(real_dataset): 13298
/scratch/s224075134/miniconda/envs/latte/lib/python3.12/site-packages/torch/utils/data/dataloader.py:617: UserWarning: This DataLoader will create 4 worker processes in total. Our suggested max number of worker in current system is 2, which is smaller than what this DataLoader is going to create. Please be aware that excessive worker creation might get DataLoader running slow or even freeze, lower the worker number to avoid potential slowness/freeze if necessary.
  warnings.warn(
len(fake_loader): 33
len(real_loader): 33

0it [00:00, ?it/s]
1it [00:27, 27.51s/it]
2it [00:28, 11.74s/it]
3it [00:30,  7.29s/it]
4it [00:32,  5.36s/it]
5it [00:39,  5.88s/it]
6it [00:40,  4.33s/it]
7it [00:43,  3.96s/it]
8it [00:45,  3.28s/it]
9it [00:54,  5.10s/it]
10it [00:55,  3.85s/it]
11it [00:58,  3.52s/it]
12it [01:01,  3.26s/it]
13it [01:09,  4.78s/it]
14it [01:12,  4.21s/it]
15it [01:15,  3.89s/it]
16it [01:17,  3.29s/it]
17it [01:25,  4.68s/it]
18it [01:28,  4.09s/it]
19it [01:31,  3.71s/it]
20it [01:33,  3.27s/it]
21it [01:41,  4.73s/it]
22it [01:43,  4.07s/it]
23it [01:46,  3.74s/it]
24it [01:49,  3.26s/it]
25it [01:56,  4.64s/it]
26it [01:58,  3.66s/it]
27it [01:58,  2.69s/it]
28it [02:00,  2.32s/it]
29it [02:06,  3.39s/it]
30it [02:06,  2.58s/it]
31it [02:07,  1.94s/it]
32it [02:07,  1.56s/it]
33it [02:09,  1.45s/it]
33it [02:09,  3.92s/it]
Compute metrics for 2072 samples
final/VideoMetricType.FVD : 196.862595
{'final/VideoMetricType.FVD': 196.8625946044922}
Number of frames in the videos: 16
Real data options:
{'class_name': 'tools.utils.dataset.VideoFramesFolderDataset', 'path': '/scratch/s224075134/temporal_diffusion/datasets/video/ucf101/images', 'cfg': {'max_num_frames': 10000}, 'load_n_consecutive': 16, 'subsample_factor': 3, 'discard_short_videos': True, 'xflip': False, 'resolution': 256, 'use_labels': False}
Fake data options:
{'class_name': 'tools.utils.dataset.VideoDataset', 'path': 'generation/ucf101_img256/000-FusedMatLatteIMG-XL-128-512-2-concat-F16S3-ucf101_img256-ImageNetPretrained-Compile-Amp-loadpixel/ddpm_250/0670000', 'cfg': {'max_num_frames': 10000}, 'load_n_consecutive': 16, 'load_n_consecutive_random_offset': False, 'subsample_factor': 1, 'xflip': False, 'resolution': 256, 'use_labels': False}
3
self._path generation/ucf101_img256/000-FusedMatLatteIMG-XL-128-512-2-concat-F16S3-ucf101_img256-ImageNetPretrained-Compile-Amp-loadpixel/ddpm_250/0670000
num_items: 2072
len(real_dataset): 13298
/scratch/s224075134/miniconda/envs/latte/lib/python3.12/site-packages/torch/utils/data/dataloader.py:617: UserWarning: This DataLoader will create 4 worker processes in total. Our suggested max number of worker in current system is 2, which is smaller than what this DataLoader is going to create. Please be aware that excessive worker creation might get DataLoader running slow or even freeze, lower the worker number to avoid potential slowness/freeze if necessary.
  warnings.warn(
len(fake_loader): 33
len(real_loader): 33

0it [00:00, ?it/s]
1it [00:26, 26.23s/it]
2it [00:27, 11.34s/it]
3it [00:29,  7.17s/it]
4it [00:31,  5.09s/it]
5it [00:38,  5.71s/it]
6it [00:39,  4.28s/it]
7it [00:42,  3.82s/it]
8it [00:44,  3.21s/it]
9it [00:52,  4.66s/it]
10it [00:55,  4.39s/it]
11it [00:58,  3.79s/it]
12it [01:00,  3.13s/it]
13it [01:07,  4.48s/it]
14it [01:11,  4.19s/it]
15it [01:13,  3.65s/it]
16it [01:15,  3.19s/it]
17it [01:22,  4.35s/it]
18it [01:26,  4.22s/it]
19it [01:28,  3.57s/it]
20it [01:30,  3.11s/it]
21it [01:37,  4.26s/it]
22it [01:41,  4.24s/it]
23it [01:44,  3.75s/it]
24it [01:46,  3.23s/it]
25it [01:52,  4.21s/it]
26it [01:55,  3.78s/it]
27it [01:56,  2.83s/it]
28it [01:56,  2.08s/it]
29it [02:01,  2.98s/it]
30it [02:04,  2.79s/it]
31it [02:04,  2.08s/it]
32it [02:04,  1.54s/it]
33it [02:05,  1.42s/it]
33it [02:06,  3.82s/it]
Compute metrics for 2072 samples
final/VideoMetricType.FVD : 187.720673
{'final/VideoMetricType.FVD': 187.72067260742188}
Number of frames in the videos: 16
Real data options:
{'class_name': 'tools.utils.dataset.VideoFramesFolderDataset', 'path': '/scratch/s224075134/temporal_diffusion/datasets/video/ucf101/images', 'cfg': {'max_num_frames': 10000}, 'load_n_consecutive': 16, 'subsample_factor': 3, 'discard_short_videos': True, 'xflip': False, 'resolution': 256, 'use_labels': False}
Fake data options:
{'class_name': 'tools.utils.dataset.VideoDataset', 'path': 'generation/ucf101_img256/000-FusedMatLatteIMG-XL-128-512-2-concat-F16S3-ucf101_img256-ImageNetPretrained-Compile-Amp-loadpixel/ddpm_250/0670000', 'cfg': {'max_num_frames': 10000}, 'load_n_consecutive': 16, 'load_n_consecutive_random_offset': False, 'subsample_factor': 1, 'xflip': False, 'resolution': 256, 'use_labels': False}
3
self._path generation/ucf101_img256/000-FusedMatLatteIMG-XL-128-512-2-concat-F16S3-ucf101_img256-ImageNetPretrained-Compile-Amp-loadpixel/ddpm_250/0670000
num_items: 2072
len(real_dataset): 13298
/scratch/s224075134/miniconda/envs/latte/lib/python3.12/site-packages/torch/utils/data/dataloader.py:617: UserWarning: This DataLoader will create 4 worker processes in total. Our suggested max number of worker in current system is 2, which is smaller than what this DataLoader is going to create. Please be aware that excessive worker creation might get DataLoader running slow or even freeze, lower the worker number to avoid potential slowness/freeze if necessary.
  warnings.warn(
len(fake_loader): 33
len(real_loader): 33

0it [00:00, ?it/s]
1it [00:27, 27.99s/it]
2it [00:28, 12.01s/it]
3it [00:31,  7.56s/it]
4it [00:33,  5.52s/it]
5it [00:39,  5.81s/it]
6it [00:41,  4.28s/it]
7it [00:44,  3.84s/it]
8it [00:46,  3.40s/it]
9it [00:55,  5.17s/it]
10it [00:57,  4.04s/it]
11it [01:00,  3.88s/it]
12it [01:02,  3.27s/it]
13it [01:10,  4.71s/it]
14it [01:12,  3.76s/it]
15it [01:15,  3.69s/it]
16it [01:17,  3.23s/it]
17it [01:25,  4.75s/it]
18it [01:28,  4.22s/it]
19it [01:32,  3.91s/it]
20it [01:34,  3.32s/it]
21it [01:41,  4.56s/it]
22it [01:45,  4.33s/it]
23it [01:46,  3.41s/it]
24it [01:49,  3.15s/it]
25it [01:57,  4.67s/it]
26it [01:59,  3.94s/it]
27it [02:00,  2.98s/it]
28it [02:00,  2.23s/it]
29it [02:06,  3.11s/it]
30it [02:07,  2.65s/it]
31it [02:07,  1.98s/it]
32it [02:08,  1.47s/it]
33it [02:09,  1.37s/it]
33it [02:09,  3.93s/it]
Compute metrics for 2072 samples
final/VideoMetricType.FVD : 201.149002
{'final/VideoMetricType.FVD': 201.1490020751953}
Number of frames in the videos: 16
Real data options:
{'class_name': 'tools.utils.dataset.VideoFramesFolderDataset', 'path': '/scratch/s224075134/temporal_diffusion/datasets/video/ucf101/images', 'cfg': {'max_num_frames': 10000}, 'load_n_consecutive': 16, 'subsample_factor': 3, 'discard_short_videos': True, 'xflip': False, 'resolution': 256, 'use_labels': False}
Fake data options:
{'class_name': 'tools.utils.dataset.VideoDataset', 'path': 'generation/ucf101_img256/000-FusedMatLatteIMG-XL-128-512-2-concat-F16S3-ucf101_img256-ImageNetPretrained-Compile-Amp-loadpixel/ddpm_250/0670000', 'cfg': {'max_num_frames': 10000}, 'load_n_consecutive': 16, 'load_n_consecutive_random_offset': False, 'subsample_factor': 1, 'xflip': False, 'resolution': 256, 'use_labels': False}
3
self._path generation/ucf101_img256/000-FusedMatLatteIMG-XL-128-512-2-concat-F16S3-ucf101_img256-ImageNetPretrained-Compile-Amp-loadpixel/ddpm_250/0670000
num_items: 2072
len(real_dataset): 13298
/scratch/s224075134/miniconda/envs/latte/lib/python3.12/site-packages/torch/utils/data/dataloader.py:617: UserWarning: This DataLoader will create 4 worker processes in total. Our suggested max number of worker in current system is 2, which is smaller than what this DataLoader is going to create. Please be aware that excessive worker creation might get DataLoader running slow or even freeze, lower the worker number to avoid potential slowness/freeze if necessary.
  warnings.warn(
len(fake_loader): 33
len(real_loader): 33

0it [00:00, ?it/s]
1it [00:27, 27.52s/it]
2it [00:28, 11.66s/it]
3it [00:30,  7.31s/it]
4it [00:32,  5.21s/it]
5it [00:40,  6.18s/it]
6it [00:41,  4.66s/it]
7it [00:45,  4.21s/it]
8it [00:47,  3.58s/it]
9it [00:55,  5.07s/it]
10it [00:56,  3.82s/it]
11it [00:59,  3.37s/it]
12it [01:01,  3.15s/it]
13it [01:11,  5.10s/it]
14it [01:12,  4.02s/it]
15it [01:16,  3.93s/it]
16it [01:18,  3.34s/it]
17it [01:26,  4.82s/it]
18it [01:28,  4.00s/it]
19it [01:31,  3.61s/it]
20it [01:33,  3.10s/it]
21it [01:42,  4.84s/it]
22it [01:44,  4.05s/it]
23it [01:47,  3.66s/it]
24it [01:49,  3.19s/it]
25it [01:58,  4.92s/it]
26it [01:59,  3.82s/it]
27it [02:00,  2.88s/it]
28it [02:00,  2.17s/it]
29it [02:06,  3.26s/it]
30it [02:07,  2.55s/it]
31it [02:07,  1.91s/it]
32it [02:08,  1.43s/it]
33it [02:09,  1.34s/it]
33it [02:09,  3.92s/it]
Compute metrics for 2072 samples
final/VideoMetricType.FVD : 191.777374
{'final/VideoMetricType.FVD': 191.77737426757812}
Number of frames in the videos: 16
Real data options:
{'class_name': 'tools.utils.dataset.VideoFramesFolderDataset', 'path': '/scratch/s224075134/temporal_diffusion/datasets/video/ucf101/images', 'cfg': {'max_num_frames': 10000}, 'load_n_consecutive': 16, 'subsample_factor': 3, 'discard_short_videos': True, 'xflip': False, 'resolution': 256, 'use_labels': False}
Fake data options:
{'class_name': 'tools.utils.dataset.VideoDataset', 'path': 'generation/ucf101_img256/000-FusedMatLatteIMG-XL-128-512-2-concat-F16S3-ucf101_img256-ImageNetPretrained-Compile-Amp-loadpixel/ddpm_250/0670000', 'cfg': {'max_num_frames': 10000}, 'load_n_consecutive': 16, 'load_n_consecutive_random_offset': False, 'subsample_factor': 1, 'xflip': False, 'resolution': 256, 'use_labels': False}
3
self._path generation/ucf101_img256/000-FusedMatLatteIMG-XL-128-512-2-concat-F16S3-ucf101_img256-ImageNetPretrained-Compile-Amp-loadpixel/ddpm_250/0670000
num_items: 2072
len(real_dataset): 13298
/scratch/s224075134/miniconda/envs/latte/lib/python3.12/site-packages/torch/utils/data/dataloader.py:617: UserWarning: This DataLoader will create 4 worker processes in total. Our suggested max number of worker in current system is 2, which is smaller than what this DataLoader is going to create. Please be aware that excessive worker creation might get DataLoader running slow or even freeze, lower the worker number to avoid potential slowness/freeze if necessary.
  warnings.warn(
len(fake_loader): 33
len(real_loader): 33

0it [00:00, ?it/s]
1it [00:27, 27.05s/it]
2it [00:27, 11.49s/it]
3it [00:29,  7.18s/it]
4it [00:31,  5.07s/it]
5it [00:38,  5.82s/it]
6it [00:40,  4.41s/it]
7it [00:43,  4.10s/it]
8it [00:45,  3.21s/it]
9it [00:54,  4.99s/it]
10it [00:55,  3.96s/it]
11it [00:59,  3.88s/it]
12it [01:01,  3.31s/it]
13it [01:09,  4.83s/it]
14it [01:10,  3.67s/it]
15it [01:14,  3.83s/it]
16it [01:16,  3.14s/it]
17it [01:24,  4.73s/it]
18it [01:26,  3.93s/it]
19it [01:31,  3.98s/it]
20it [01:32,  3.30s/it]
21it [01:41,  4.80s/it]
22it [01:42,  3.85s/it]
23it [01:46,  3.96s/it]
24it [01:48,  3.18s/it]
25it [01:56,  4.84s/it]
26it [01:58,  3.70s/it]
27it [01:58,  2.81s/it]
28it [01:59,  2.06s/it]
29it [02:05,  3.48s/it]
30it [02:06,  2.67s/it]
31it [02:07,  2.04s/it]
32it [02:07,  1.53s/it]
33it [02:08,  1.48s/it]
33it [02:09,  3.91s/it]
Compute metrics for 2072 samples
final/VideoMetricType.FVD : 193.143570
{'final/VideoMetricType.FVD': 193.14356994628906}
Number of frames in the videos: 16
Real data options:
{'class_name': 'tools.utils.dataset.VideoFramesFolderDataset', 'path': '/scratch/s224075134/temporal_diffusion/datasets/video/ucf101/images', 'cfg': {'max_num_frames': 10000}, 'load_n_consecutive': 16, 'subsample_factor': 3, 'discard_short_videos': True, 'xflip': False, 'resolution': 256, 'use_labels': False}
Fake data options:
{'class_name': 'tools.utils.dataset.VideoDataset', 'path': 'generation/ucf101_img256/000-FusedMatLatteIMG-XL-128-512-2-concat-F16S3-ucf101_img256-ImageNetPretrained-Compile-Amp-loadpixel/ddpm_250/0670000', 'cfg': {'max_num_frames': 10000}, 'load_n_consecutive': 16, 'load_n_consecutive_random_offset': False, 'subsample_factor': 1, 'xflip': False, 'resolution': 256, 'use_labels': False}
3
self._path generation/ucf101_img256/000-FusedMatLatteIMG-XL-128-512-2-concat-F16S3-ucf101_img256-ImageNetPretrained-Compile-Amp-loadpixel/ddpm_250/0670000
num_items: 2072
len(real_dataset): 13298
/scratch/s224075134/miniconda/envs/latte/lib/python3.12/site-packages/torch/utils/data/dataloader.py:617: UserWarning: This DataLoader will create 4 worker processes in total. Our suggested max number of worker in current system is 2, which is smaller than what this DataLoader is going to create. Please be aware that excessive worker creation might get DataLoader running slow or even freeze, lower the worker number to avoid potential slowness/freeze if necessary.
  warnings.warn(
len(fake_loader): 33
len(real_loader): 33

0it [00:00, ?it/s]
1it [00:27, 27.96s/it]
2it [00:28, 11.83s/it]
3it [00:29,  7.05s/it]
4it [00:31,  4.95s/it]
5it [00:39,  5.87s/it]
6it [00:40,  4.26s/it]
7it [00:42,  3.76s/it]
8it [00:45,  3.50s/it]
9it [00:55,  5.43s/it]
10it [00:56,  4.15s/it]
11it [01:00,  3.89s/it]
12it [01:02,  3.34s/it]
13it [01:10,  4.86s/it]
14it [01:11,  3.72s/it]
15it [01:15,  3.67s/it]
16it [01:17,  3.16s/it]
17it [01:25,  4.72s/it]
18it [01:26,  3.60s/it]
19it [01:30,  3.67s/it]
20it [01:32,  3.09s/it]
21it [01:41,  4.97s/it]
22it [01:42,  3.87s/it]
23it [01:47,  4.06s/it]
24it [01:48,  3.18s/it]
25it [01:56,  4.75s/it]
26it [01:57,  3.58s/it]
27it [01:58,  2.87s/it]
28it [01:59,  2.12s/it]
29it [02:05,  3.34s/it]
30it [02:06,  2.51s/it]
31it [02:07,  2.15s/it]
32it [02:07,  1.62s/it]
33it [02:08,  1.48s/it]
33it [02:09,  3.91s/it]
Compute metrics for 2072 samples
final/VideoMetricType.FVD : 197.972137
{'final/VideoMetricType.FVD': 197.97213745117188}
Number of frames in the videos: 16
Real data options:
{'class_name': 'tools.utils.dataset.VideoFramesFolderDataset', 'path': '/scratch/s224075134/temporal_diffusion/datasets/video/ucf101/images', 'cfg': {'max_num_frames': 10000}, 'load_n_consecutive': 16, 'subsample_factor': 3, 'discard_short_videos': True, 'xflip': False, 'resolution': 256, 'use_labels': False}
Fake data options:
{'class_name': 'tools.utils.dataset.VideoDataset', 'path': 'generation/ucf101_img256/000-FusedMatLatteIMG-XL-128-512-2-concat-F16S3-ucf101_img256-ImageNetPretrained-Compile-Amp-loadpixel/ddpm_250/0670000', 'cfg': {'max_num_frames': 10000}, 'load_n_consecutive': 16, 'load_n_consecutive_random_offset': False, 'subsample_factor': 1, 'xflip': False, 'resolution': 256, 'use_labels': False}
3
self._path generation/ucf101_img256/000-FusedMatLatteIMG-XL-128-512-2-concat-F16S3-ucf101_img256-ImageNetPretrained-Compile-Amp-loadpixel/ddpm_250/0670000
num_items: 2072
len(real_dataset): 13298
/scratch/s224075134/miniconda/envs/latte/lib/python3.12/site-packages/torch/utils/data/dataloader.py:617: UserWarning: This DataLoader will create 4 worker processes in total. Our suggested max number of worker in current system is 2, which is smaller than what this DataLoader is going to create. Please be aware that excessive worker creation might get DataLoader running slow or even freeze, lower the worker number to avoid potential slowness/freeze if necessary.
  warnings.warn(
len(fake_loader): 33
len(real_loader): 33

0it [00:00, ?it/s]
1it [00:26, 26.99s/it]
2it [00:27, 11.50s/it]
3it [00:29,  6.89s/it]
4it [00:30,  4.74s/it]
5it [00:38,  5.78s/it]
6it [00:39,  4.40s/it]
7it [00:43,  4.06s/it]
8it [00:45,  3.37s/it]
9it [00:53,  4.86s/it]
10it [00:55,  3.95s/it]
11it [00:58,  3.70s/it]
12it [01:00,  3.20s/it]
13it [01:08,  4.73s/it]
14it [01:10,  3.82s/it]
15it [01:13,  3.61s/it]
16it [01:15,  3.22s/it]
17it [01:23,  4.64s/it]
18it [01:25,  3.93s/it]
19it [01:29,  3.70s/it]
20it [01:30,  3.12s/it]
21it [01:38,  4.59s/it]
22it [01:40,  3.64s/it]
23it [01:44,  3.70s/it]
24it [01:45,  3.12s/it]
25it [01:54,  4.64s/it]
26it [01:55,  3.62s/it]
27it [01:55,  2.70s/it]
28it [01:56,  1.98s/it]
29it [02:02,  3.37s/it]
30it [02:03,  2.52s/it]
31it [02:03,  1.94s/it]
32it [02:04,  1.45s/it]
33it [02:05,  1.41s/it]
33it [02:05,  3.81s/it]
Compute metrics for 2072 samples
final/VideoMetricType.FVD : 192.562241
{'final/VideoMetricType.FVD': 192.56224060058594}
Number of frames in the videos: 16
Real data options:
{'class_name': 'tools.utils.dataset.VideoFramesFolderDataset', 'path': '/scratch/s224075134/temporal_diffusion/datasets/video/ucf101/images', 'cfg': {'max_num_frames': 10000}, 'load_n_consecutive': 16, 'subsample_factor': 3, 'discard_short_videos': True, 'xflip': False, 'resolution': 256, 'use_labels': False}
Fake data options:
{'class_name': 'tools.utils.dataset.VideoDataset', 'path': 'generation/ucf101_img256/000-FusedMatLatteIMG-XL-128-512-2-concat-F16S3-ucf101_img256-ImageNetPretrained-Compile-Amp-loadpixel/ddpm_250/0670000', 'cfg': {'max_num_frames': 10000}, 'load_n_consecutive': 16, 'load_n_consecutive_random_offset': False, 'subsample_factor': 1, 'xflip': False, 'resolution': 256, 'use_labels': False}
3
self._path generation/ucf101_img256/000-FusedMatLatteIMG-XL-128-512-2-concat-F16S3-ucf101_img256-ImageNetPretrained-Compile-Amp-loadpixel/ddpm_250/0670000
num_items: 2072
len(real_dataset): 13298
/scratch/s224075134/miniconda/envs/latte/lib/python3.12/site-packages/torch/utils/data/dataloader.py:617: UserWarning: This DataLoader will create 4 worker processes in total. Our suggested max number of worker in current system is 2, which is smaller than what this DataLoader is going to create. Please be aware that excessive worker creation might get DataLoader running slow or even freeze, lower the worker number to avoid potential slowness/freeze if necessary.
  warnings.warn(
len(fake_loader): 33
len(real_loader): 33

0it [00:00, ?it/s]
1it [00:26, 26.37s/it]
2it [00:26, 11.21s/it]
3it [00:28,  6.69s/it]
4it [00:30,  4.97s/it]
5it [00:37,  5.80s/it]
6it [00:40,  4.65s/it]
7it [00:42,  3.91s/it]
8it [00:44,  3.34s/it]
9it [00:52,  4.81s/it]
10it [00:56,  4.31s/it]
11it [00:58,  3.81s/it]
12it [01:00,  3.26s/it]
13it [01:07,  4.36s/it]
14it [01:10,  4.04s/it]
15it [01:14,  3.79s/it]
16it [01:15,  3.20s/it]
17it [01:23,  4.47s/it]
18it [01:25,  3.87s/it]
19it [01:29,  3.87s/it]
20it [01:31,  3.22s/it]
21it [01:38,  4.34s/it]
22it [01:41,  3.96s/it]
23it [01:45,  3.92s/it]
24it [01:46,  3.23s/it]
25it [01:53,  4.19s/it]
26it [01:55,  3.60s/it]
27it [01:57,  3.02s/it]
28it [01:57,  2.23s/it]
29it [02:02,  2.94s/it]
30it [02:03,  2.58s/it]
31it [02:05,  2.19s/it]
32it [02:05,  1.62s/it]
33it [02:06,  1.47s/it]
33it [02:06,  3.84s/it]
Compute metrics for 2072 samples
final/VideoMetricType.FVD : 195.639175
{'final/VideoMetricType.FVD': 195.63917541503906}
Number of frames in the videos: 16
Real data options:
{'class_name': 'tools.utils.dataset.VideoFramesFolderDataset', 'path': '/scratch/s224075134/temporal_diffusion/datasets/video/ucf101/images', 'cfg': {'max_num_frames': 10000}, 'load_n_consecutive': 16, 'subsample_factor': 3, 'discard_short_videos': True, 'xflip': False, 'resolution': 256, 'use_labels': False}
Fake data options:
{'class_name': 'tools.utils.dataset.VideoDataset', 'path': 'generation/ucf101_img256/000-FusedMatLatteIMG-XL-128-512-2-concat-F16S3-ucf101_img256-ImageNetPretrained-Compile-Amp-loadpixel/ddpm_250/0670000', 'cfg': {'max_num_frames': 10000}, 'load_n_consecutive': 16, 'load_n_consecutive_random_offset': False, 'subsample_factor': 1, 'xflip': False, 'resolution': 256, 'use_labels': False}
3
self._path generation/ucf101_img256/000-FusedMatLatteIMG-XL-128-512-2-concat-F16S3-ucf101_img256-ImageNetPretrained-Compile-Amp-loadpixel/ddpm_250/0670000
num_items: 2072
len(real_dataset): 13298
/scratch/s224075134/miniconda/envs/latte/lib/python3.12/site-packages/torch/utils/data/dataloader.py:617: UserWarning: This DataLoader will create 4 worker processes in total. Our suggested max number of worker in current system is 2, which is smaller than what this DataLoader is going to create. Please be aware that excessive worker creation might get DataLoader running slow or even freeze, lower the worker number to avoid potential slowness/freeze if necessary.
  warnings.warn(
len(fake_loader): 33
len(real_loader): 33

0it [00:00, ?it/s]
1it [00:26, 26.53s/it]
2it [00:27, 11.34s/it]
3it [00:28,  6.75s/it]
4it [00:30,  4.67s/it]
5it [00:38,  6.06s/it]
6it [00:39,  4.33s/it]
7it [00:42,  3.88s/it]
8it [00:44,  3.45s/it]
9it [00:53,  5.13s/it]
10it [00:54,  3.84s/it]
11it [00:57,  3.37s/it]
12it [01:00,  3.27s/it]
13it [01:09,  5.08s/it]
14it [01:10,  3.91s/it]
15it [01:13,  3.73s/it]
16it [01:15,  3.18s/it]
17it [01:24,  4.90s/it]
18it [01:25,  3.77s/it]
19it [01:28,  3.38s/it]
20it [01:30,  3.11s/it]
21it [01:39,  4.85s/it]
22it [01:41,  3.93s/it]
23it [01:44,  3.78s/it]
24it [01:47,  3.28s/it]
25it [01:55,  4.78s/it]
26it [01:55,  3.51s/it]
27it [01:56,  2.67s/it]
28it [01:56,  1.96s/it]
29it [02:03,  3.36s/it]
30it [02:03,  2.45s/it]
31it [02:04,  1.84s/it]
32it [02:04,  1.38s/it]
33it [02:05,  1.35s/it]
33it [02:05,  3.82s/it]
Compute metrics for 2072 samples
final/VideoMetricType.FVD : 186.296997
{'final/VideoMetricType.FVD': 186.2969970703125}
Number of frames in the videos: 16
Real data options:
{'class_name': 'tools.utils.dataset.VideoFramesFolderDataset', 'path': '/scratch/s224075134/temporal_diffusion/datasets/video/ucf101/images', 'cfg': {'max_num_frames': 10000}, 'load_n_consecutive': 16, 'subsample_factor': 3, 'discard_short_videos': True, 'xflip': False, 'resolution': 256, 'use_labels': False}
Fake data options:
{'class_name': 'tools.utils.dataset.VideoDataset', 'path': 'generation/ucf101_img256/000-FusedMatLatteIMG-XL-128-512-2-concat-F16S3-ucf101_img256-ImageNetPretrained-Compile-Amp-loadpixel/ddpm_250/0670000', 'cfg': {'max_num_frames': 10000}, 'load_n_consecutive': 16, 'load_n_consecutive_random_offset': False, 'subsample_factor': 1, 'xflip': False, 'resolution': 256, 'use_labels': False}
3
self._path generation/ucf101_img256/000-FusedMatLatteIMG-XL-128-512-2-concat-F16S3-ucf101_img256-ImageNetPretrained-Compile-Amp-loadpixel/ddpm_250/0670000
num_items: 2072
len(real_dataset): 13298
/scratch/s224075134/miniconda/envs/latte/lib/python3.12/site-packages/torch/utils/data/dataloader.py:617: UserWarning: This DataLoader will create 4 worker processes in total. Our suggested max number of worker in current system is 2, which is smaller than what this DataLoader is going to create. Please be aware that excessive worker creation might get DataLoader running slow or even freeze, lower the worker number to avoid potential slowness/freeze if necessary.
  warnings.warn(
len(fake_loader): 33
len(real_loader): 33

0it [00:00, ?it/s]
1it [00:27, 27.72s/it]
2it [00:28, 11.78s/it]
3it [00:29,  7.13s/it]
4it [00:31,  4.97s/it]
5it [00:39,  5.89s/it]
6it [00:40,  4.26s/it]
7it [00:42,  3.58s/it]
8it [00:44,  3.18s/it]
9it [00:54,  5.35s/it]
10it [00:56,  4.16s/it]
11it [00:59,  3.83s/it]
12it [01:01,  3.38s/it]
13it [01:10,  5.01s/it]
14it [01:12,  4.11s/it]
15it [01:15,  3.79s/it]
16it [01:16,  3.06s/it]
17it [01:26,  4.93s/it]
18it [01:27,  3.91s/it]
19it [01:30,  3.41s/it]
20it [01:32,  3.02s/it]
21it [01:42,  5.07s/it]
22it [01:43,  4.03s/it]
23it [01:46,  3.79s/it]
24it [01:48,  3.30s/it]
25it [01:57,  4.96s/it]
26it [01:59,  3.89s/it]
27it [02:00,  2.99s/it]
28it [02:00,  2.29s/it]
29it [02:06,  3.34s/it]
30it [02:07,  2.58s/it]
31it [02:07,  1.93s/it]
32it [02:08,  1.44s/it]
33it [02:09,  1.35s/it]
33it [02:09,  3.92s/it]
Compute metrics for 2072 samples
final/VideoMetricType.FVD : 187.200760
{'final/VideoMetricType.FVD': 187.2007598876953}
Number of frames in the videos: 16
Real data options:
{'class_name': 'tools.utils.dataset.VideoFramesFolderDataset', 'path': '/scratch/s224075134/temporal_diffusion/datasets/video/ucf101/images', 'cfg': {'max_num_frames': 10000}, 'load_n_consecutive': 16, 'subsample_factor': 3, 'discard_short_videos': True, 'xflip': False, 'resolution': 256, 'use_labels': False}
Fake data options:
{'class_name': 'tools.utils.dataset.VideoDataset', 'path': 'generation/ucf101_img256/000-FusedMatLatteIMG-XL-128-512-2-concat-F16S3-ucf101_img256-ImageNetPretrained-Compile-Amp-loadpixel/ddpm_250/0670000', 'cfg': {'max_num_frames': 10000}, 'load_n_consecutive': 16, 'load_n_consecutive_random_offset': False, 'subsample_factor': 1, 'xflip': False, 'resolution': 256, 'use_labels': False}
3
self._path generation/ucf101_img256/000-FusedMatLatteIMG-XL-128-512-2-concat-F16S3-ucf101_img256-ImageNetPretrained-Compile-Amp-loadpixel/ddpm_250/0670000
num_items: 2072
len(real_dataset): 13298
/scratch/s224075134/miniconda/envs/latte/lib/python3.12/site-packages/torch/utils/data/dataloader.py:617: UserWarning: This DataLoader will create 4 worker processes in total. Our suggested max number of worker in current system is 2, which is smaller than what this DataLoader is going to create. Please be aware that excessive worker creation might get DataLoader running slow or even freeze, lower the worker number to avoid potential slowness/freeze if necessary.
  warnings.warn(
len(fake_loader): 33
len(real_loader): 33

0it [00:00, ?it/s]
1it [00:28, 28.63s/it]
2it [00:29, 12.25s/it]
3it [00:31,  7.51s/it]
4it [00:32,  5.22s/it]
5it [00:38,  5.46s/it]
6it [00:40,  4.07s/it]
7it [00:43,  3.71s/it]
8it [00:45,  3.24s/it]
9it [00:54,  4.96s/it]
10it [00:56,  4.14s/it]
11it [00:58,  3.59s/it]
12it [01:00,  2.98s/it]
13it [01:09,  4.87s/it]
14it [01:12,  4.21s/it]
15it [01:15,  3.92s/it]
16it [01:17,  3.24s/it]
17it [01:25,  4.82s/it]
18it [01:27,  3.88s/it]
19it [01:30,  3.71s/it]
20it [01:32,  3.21s/it]
21it [01:40,  4.62s/it]
22it [01:43,  4.01s/it]
23it [01:45,  3.56s/it]
24it [01:47,  3.14s/it]
25it [01:56,  4.72s/it]
26it [01:58,  3.88s/it]
27it [01:58,  2.92s/it]
28it [01:59,  2.20s/it]
29it [02:05,  3.47s/it]
30it [02:07,  2.76s/it]
31it [02:07,  2.06s/it]
32it [02:07,  1.57s/it]
33it [02:09,  1.46s/it]
33it [02:09,  3.92s/it]
Compute metrics for 2072 samples
final/VideoMetricType.FVD : 197.349915
{'final/VideoMetricType.FVD': 197.34991455078125}
Number of frames in the videos: 16
Real data options:
{'class_name': 'tools.utils.dataset.VideoFramesFolderDataset', 'path': '/scratch/s224075134/temporal_diffusion/datasets/video/ucf101/images', 'cfg': {'max_num_frames': 10000}, 'load_n_consecutive': 16, 'subsample_factor': 3, 'discard_short_videos': True, 'xflip': False, 'resolution': 256, 'use_labels': False}
Fake data options:
{'class_name': 'tools.utils.dataset.VideoDataset', 'path': 'generation/ucf101_img256/000-FusedMatLatteIMG-XL-128-512-2-concat-F16S3-ucf101_img256-ImageNetPretrained-Compile-Amp-loadpixel/ddpm_250/0670000', 'cfg': {'max_num_frames': 10000}, 'load_n_consecutive': 16, 'load_n_consecutive_random_offset': False, 'subsample_factor': 1, 'xflip': False, 'resolution': 256, 'use_labels': False}
3
self._path generation/ucf101_img256/000-FusedMatLatteIMG-XL-128-512-2-concat-F16S3-ucf101_img256-ImageNetPretrained-Compile-Amp-loadpixel/ddpm_250/0670000
num_items: 2072
len(real_dataset): 13298
/scratch/s224075134/miniconda/envs/latte/lib/python3.12/site-packages/torch/utils/data/dataloader.py:617: UserWarning: This DataLoader will create 4 worker processes in total. Our suggested max number of worker in current system is 2, which is smaller than what this DataLoader is going to create. Please be aware that excessive worker creation might get DataLoader running slow or even freeze, lower the worker number to avoid potential slowness/freeze if necessary.
  warnings.warn(
len(fake_loader): 33
len(real_loader): 33

0it [00:00, ?it/s]
1it [00:26, 26.89s/it]
2it [00:27, 11.49s/it]
3it [00:29,  7.22s/it]
4it [00:31,  5.05s/it]
5it [00:38,  5.73s/it]
6it [00:39,  4.33s/it]
7it [00:43,  4.05s/it]
8it [00:45,  3.38s/it]
9it [00:53,  4.96s/it]
10it [00:55,  3.99s/it]
11it [00:58,  3.59s/it]
12it [01:00,  3.03s/it]
13it [01:09,  4.81s/it]
14it [01:10,  3.86s/it]
15it [01:13,  3.42s/it]
16it [01:14,  2.90s/it]
17it [01:24,  4.86s/it]
18it [01:27,  4.28s/it]
19it [01:28,  3.51s/it]
20it [01:30,  2.99s/it]
21it [01:39,  4.80s/it]
22it [01:41,  3.97s/it]
23it [01:44,  3.73s/it]
24it [01:46,  3.13s/it]
25it [01:54,  4.65s/it]
26it [01:55,  3.62s/it]
27it [01:56,  2.67s/it]
28it [01:56,  1.97s/it]
29it [02:03,  3.38s/it]
30it [02:03,  2.53s/it]
31it [02:04,  1.90s/it]
32it [02:04,  1.43s/it]
33it [02:06,  1.43s/it]
33it [02:06,  3.83s/it]
Compute metrics for 2072 samples
final/VideoMetricType.FVD : 179.778427
{'final/VideoMetricType.FVD': 179.77842712402344}
Number of frames in the videos: 16
Real data options:
{'class_name': 'tools.utils.dataset.VideoFramesFolderDataset', 'path': '/scratch/s224075134/temporal_diffusion/datasets/video/ucf101/images', 'cfg': {'max_num_frames': 10000}, 'load_n_consecutive': 16, 'subsample_factor': 3, 'discard_short_videos': True, 'xflip': False, 'resolution': 256, 'use_labels': False}
Fake data options:
{'class_name': 'tools.utils.dataset.VideoDataset', 'path': 'generation/ucf101_img256/000-FusedMatLatteIMG-XL-128-512-2-concat-F16S3-ucf101_img256-ImageNetPretrained-Compile-Amp-loadpixel/ddpm_250/0670000', 'cfg': {'max_num_frames': 10000}, 'load_n_consecutive': 16, 'load_n_consecutive_random_offset': False, 'subsample_factor': 1, 'xflip': False, 'resolution': 256, 'use_labels': False}
3
self._path generation/ucf101_img256/000-FusedMatLatteIMG-XL-128-512-2-concat-F16S3-ucf101_img256-ImageNetPretrained-Compile-Amp-loadpixel/ddpm_250/0670000
num_items: 2072
len(real_dataset): 13298
/scratch/s224075134/miniconda/envs/latte/lib/python3.12/site-packages/torch/utils/data/dataloader.py:617: UserWarning: This DataLoader will create 4 worker processes in total. Our suggested max number of worker in current system is 2, which is smaller than what this DataLoader is going to create. Please be aware that excessive worker creation might get DataLoader running slow or even freeze, lower the worker number to avoid potential slowness/freeze if necessary.
  warnings.warn(
len(fake_loader): 33
len(real_loader): 33

0it [00:00, ?it/s]
1it [00:26, 26.44s/it]
2it [00:27, 11.33s/it]
3it [00:28,  6.93s/it]
4it [00:30,  4.90s/it]
5it [00:37,  5.70s/it]
6it [00:39,  4.28s/it]
7it [00:42,  3.93s/it]
8it [00:44,  3.36s/it]
9it [00:52,  4.78s/it]
10it [00:53,  3.71s/it]
11it [00:57,  3.68s/it]
12it [00:59,  3.05s/it]
13it [01:07,  4.79s/it]
14it [01:09,  3.80s/it]
15it [01:12,  3.60s/it]
16it [01:14,  3.14s/it]
17it [01:22,  4.64s/it]
18it [01:24,  3.66s/it]
19it [01:27,  3.56s/it]
20it [01:29,  3.03s/it]
21it [01:37,  4.57s/it]
22it [01:39,  3.85s/it]
23it [01:42,  3.69s/it]
24it [01:44,  3.16s/it]
25it [01:52,  4.64s/it]
26it [01:54,  3.66s/it]
27it [01:55,  2.78s/it]
28it [01:55,  2.11s/it]
29it [02:01,  3.22s/it]
30it [02:02,  2.56s/it]
31it [02:02,  1.91s/it]
32it [02:03,  1.43s/it]
33it [02:04,  1.44s/it]
33it [02:04,  3.78s/it]
Compute metrics for 2072 samples
final/VideoMetricType.FVD : 176.399643
{'final/VideoMetricType.FVD': 176.39964294433594}
Number of frames in the videos: 16
Real data options:
{'class_name': 'tools.utils.dataset.VideoFramesFolderDataset', 'path': '/scratch/s224075134/temporal_diffusion/datasets/video/ucf101/images', 'cfg': {'max_num_frames': 10000}, 'load_n_consecutive': 16, 'subsample_factor': 3, 'discard_short_videos': True, 'xflip': False, 'resolution': 256, 'use_labels': False}
Fake data options:
{'class_name': 'tools.utils.dataset.VideoDataset', 'path': 'generation/ucf101_img256/000-FusedMatLatteIMG-XL-128-512-2-concat-F16S3-ucf101_img256-ImageNetPretrained-Compile-Amp-loadpixel/ddpm_250/0670000', 'cfg': {'max_num_frames': 10000}, 'load_n_consecutive': 16, 'load_n_consecutive_random_offset': False, 'subsample_factor': 1, 'xflip': False, 'resolution': 256, 'use_labels': False}
3
self._path generation/ucf101_img256/000-FusedMatLatteIMG-XL-128-512-2-concat-F16S3-ucf101_img256-ImageNetPretrained-Compile-Amp-loadpixel/ddpm_250/0670000
num_items: 2072
len(real_dataset): 13298
/scratch/s224075134/miniconda/envs/latte/lib/python3.12/site-packages/torch/utils/data/dataloader.py:617: UserWarning: This DataLoader will create 4 worker processes in total. Our suggested max number of worker in current system is 2, which is smaller than what this DataLoader is going to create. Please be aware that excessive worker creation might get DataLoader running slow or even freeze, lower the worker number to avoid potential slowness/freeze if necessary.
  warnings.warn(
len(fake_loader): 33
len(real_loader): 33

0it [00:00, ?it/s]
1it [00:27, 27.70s/it]
2it [00:28, 11.84s/it]
3it [00:30,  7.47s/it]
4it [00:33,  5.44s/it]
5it [00:39,  5.75s/it]
6it [00:40,  4.27s/it]
7it [00:43,  3.81s/it]
8it [00:45,  3.32s/it]
9it [00:55,  5.17s/it]
10it [00:56,  3.92s/it]
11it [00:58,  3.43s/it]
12it [01:00,  2.99s/it]
13it [01:11,  5.26s/it]
14it [01:12,  3.99s/it]
15it [01:15,  3.72s/it]
16it [01:17,  3.29s/it]
17it [01:26,  5.06s/it]
18it [01:27,  3.89s/it]
19it [01:31,  3.75s/it]
20it [01:33,  3.34s/it]
21it [01:42,  5.14s/it]
22it [01:44,  4.14s/it]
23it [01:48,  3.87s/it]
24it [01:49,  3.23s/it]
25it [01:58,  4.92s/it]
26it [01:59,  3.67s/it]
27it [02:00,  2.84s/it]
28it [02:00,  2.13s/it]
29it [02:06,  3.24s/it]
30it [02:06,  2.36s/it]
31it [02:07,  1.78s/it]
32it [02:07,  1.33s/it]
33it [02:09,  1.36s/it]
33it [02:09,  3.91s/it]
Compute metrics for 2072 samples
final/VideoMetricType.FVD : 194.267212
{'final/VideoMetricType.FVD': 194.2672119140625}
Number of frames in the videos: 16
Real data options:
{'class_name': 'tools.utils.dataset.VideoFramesFolderDataset', 'path': '/scratch/s224075134/temporal_diffusion/datasets/video/ucf101/images', 'cfg': {'max_num_frames': 10000}, 'load_n_consecutive': 16, 'subsample_factor': 3, 'discard_short_videos': True, 'xflip': False, 'resolution': 256, 'use_labels': False}
Fake data options:
{'class_name': 'tools.utils.dataset.VideoDataset', 'path': 'generation/ucf101_img256/000-FusedMatLatteIMG-XL-128-512-2-concat-F16S3-ucf101_img256-ImageNetPretrained-Compile-Amp-loadpixel/ddpm_250/0670000', 'cfg': {'max_num_frames': 10000}, 'load_n_consecutive': 16, 'load_n_consecutive_random_offset': False, 'subsample_factor': 1, 'xflip': False, 'resolution': 256, 'use_labels': False}
3
self._path generation/ucf101_img256/000-FusedMatLatteIMG-XL-128-512-2-concat-F16S3-ucf101_img256-ImageNetPretrained-Compile-Amp-loadpixel/ddpm_250/0670000
num_items: 2072
len(real_dataset): 13298
/scratch/s224075134/miniconda/envs/latte/lib/python3.12/site-packages/torch/utils/data/dataloader.py:617: UserWarning: This DataLoader will create 4 worker processes in total. Our suggested max number of worker in current system is 2, which is smaller than what this DataLoader is going to create. Please be aware that excessive worker creation might get DataLoader running slow or even freeze, lower the worker number to avoid potential slowness/freeze if necessary.
  warnings.warn(
len(fake_loader): 33
len(real_loader): 33

0it [00:00, ?it/s]
1it [00:27, 27.49s/it]
2it [00:28, 11.75s/it]
3it [00:30,  7.52s/it]
4it [00:33,  5.56s/it]
5it [00:39,  5.78s/it]
6it [00:40,  4.27s/it]
7it [00:44,  4.08s/it]
8it [00:46,  3.38s/it]
9it [00:55,  5.07s/it]
10it [00:57,  4.12s/it]
11it [00:59,  3.46s/it]
12it [01:00,  2.88s/it]
13it [01:10,  4.99s/it]
14it [01:11,  3.82s/it]
15it [01:14,  3.45s/it]
16it [01:16,  3.16s/it]
17it [01:26,  5.14s/it]
18it [01:27,  3.89s/it]
19it [01:30,  3.68s/it]
20it [01:32,  3.25s/it]
21it [01:42,  5.12s/it]
22it [01:43,  4.06s/it]
23it [01:46,  3.68s/it]
24it [01:48,  3.15s/it]
25it [01:57,  4.88s/it]
26it [01:58,  3.62s/it]
27it [01:59,  2.82s/it]
28it [01:59,  2.18s/it]
29it [02:06,  3.48s/it]
30it [02:06,  2.53s/it]
31it [02:07,  1.90s/it]
32it [02:07,  1.42s/it]
33it [02:09,  1.51s/it]
33it [02:09,  3.92s/it]
Compute metrics for 2072 samples
final/VideoMetricType.FVD : 201.320190
{'final/VideoMetricType.FVD': 201.3201904296875}
Number of frames in the videos: 16
Real data options:
{'class_name': 'tools.utils.dataset.VideoFramesFolderDataset', 'path': '/scratch/s224075134/temporal_diffusion/datasets/video/ucf101/images', 'cfg': {'max_num_frames': 10000}, 'load_n_consecutive': 16, 'subsample_factor': 3, 'discard_short_videos': True, 'xflip': False, 'resolution': 256, 'use_labels': False}
Fake data options:
{'class_name': 'tools.utils.dataset.VideoDataset', 'path': 'generation/ucf101_img256/000-FusedMatLatteIMG-XL-128-512-2-concat-F16S3-ucf101_img256-ImageNetPretrained-Compile-Amp-loadpixel/ddpm_250/0670000', 'cfg': {'max_num_frames': 10000}, 'load_n_consecutive': 16, 'load_n_consecutive_random_offset': False, 'subsample_factor': 1, 'xflip': False, 'resolution': 256, 'use_labels': False}
3
self._path generation/ucf101_img256/000-FusedMatLatteIMG-XL-128-512-2-concat-F16S3-ucf101_img256-ImageNetPretrained-Compile-Amp-loadpixel/ddpm_250/0670000
num_items: 2072
len(real_dataset): 13298
/scratch/s224075134/miniconda/envs/latte/lib/python3.12/site-packages/torch/utils/data/dataloader.py:617: UserWarning: This DataLoader will create 4 worker processes in total. Our suggested max number of worker in current system is 2, which is smaller than what this DataLoader is going to create. Please be aware that excessive worker creation might get DataLoader running slow or even freeze, lower the worker number to avoid potential slowness/freeze if necessary.
  warnings.warn(
len(fake_loader): 33
len(real_loader): 33

0it [00:00, ?it/s]
1it [00:26, 26.85s/it]
2it [00:27, 11.40s/it]
3it [00:29,  7.10s/it]
4it [00:31,  5.23s/it]
5it [00:38,  5.85s/it]
6it [00:40,  4.39s/it]
7it [00:43,  3.99s/it]
8it [00:45,  3.36s/it]
9it [00:54,  5.04s/it]
10it [00:55,  3.95s/it]
11it [00:59,  3.90s/it]
12it [01:01,  3.36s/it]
13it [01:10,  4.94s/it]
14it [01:11,  3.88s/it]
15it [01:15,  3.73s/it]
16it [01:16,  3.15s/it]
17it [01:25,  4.79s/it]
18it [01:27,  4.12s/it]
19it [01:30,  3.56s/it]
20it [01:32,  3.08s/it]
21it [01:41,  4.82s/it]
22it [01:43,  3.97s/it]
23it [01:46,  3.79s/it]
24it [01:48,  3.26s/it]
25it [01:56,  4.66s/it]
26it [01:58,  3.79s/it]
27it [01:58,  2.87s/it]
28it [01:59,  2.15s/it]
29it [02:05,  3.39s/it]
30it [02:06,  2.65s/it]
31it [02:06,  1.98s/it]
32it [02:07,  1.55s/it]
33it [02:08,  1.46s/it]
33it [02:08,  3.91s/it]
Compute metrics for 2072 samples
final/VideoMetricType.FVD : 188.437088
{'final/VideoMetricType.FVD': 188.4370880126953}
Number of frames in the videos: 16
Real data options:
{'class_name': 'tools.utils.dataset.VideoFramesFolderDataset', 'path': '/scratch/s224075134/temporal_diffusion/datasets/video/ucf101/images', 'cfg': {'max_num_frames': 10000}, 'load_n_consecutive': 16, 'subsample_factor': 3, 'discard_short_videos': True, 'xflip': False, 'resolution': 256, 'use_labels': False}
Fake data options:
{'class_name': 'tools.utils.dataset.VideoDataset', 'path': 'generation/ucf101_img256/000-FusedMatLatteIMG-XL-128-512-2-concat-F16S3-ucf101_img256-ImageNetPretrained-Compile-Amp-loadpixel/ddpm_250/0670000', 'cfg': {'max_num_frames': 10000}, 'load_n_consecutive': 16, 'load_n_consecutive_random_offset': False, 'subsample_factor': 1, 'xflip': False, 'resolution': 256, 'use_labels': False}
3
self._path generation/ucf101_img256/000-FusedMatLatteIMG-XL-128-512-2-concat-F16S3-ucf101_img256-ImageNetPretrained-Compile-Amp-loadpixel/ddpm_250/0670000
num_items: 2072
len(real_dataset): 13298
/scratch/s224075134/miniconda/envs/latte/lib/python3.12/site-packages/torch/utils/data/dataloader.py:617: UserWarning: This DataLoader will create 4 worker processes in total. Our suggested max number of worker in current system is 2, which is smaller than what this DataLoader is going to create. Please be aware that excessive worker creation might get DataLoader running slow or even freeze, lower the worker number to avoid potential slowness/freeze if necessary.
  warnings.warn(
len(fake_loader): 33
len(real_loader): 33

0it [00:00, ?it/s]
1it [00:27, 27.45s/it]
2it [00:28, 11.69s/it]
3it [00:30,  7.38s/it]
4it [00:32,  5.25s/it]
5it [00:39,  5.98s/it]
6it [00:41,  4.54s/it]
7it [00:44,  4.17s/it]
8it [00:46,  3.44s/it]
9it [00:54,  4.92s/it]
10it [00:56,  3.80s/it]
11it [00:59,  3.54s/it]
12it [01:01,  3.27s/it]
13it [01:10,  5.07s/it]
14it [01:12,  3.95s/it]
15it [01:15,  3.84s/it]
16it [01:17,  3.22s/it]
17it [01:26,  5.06s/it]
18it [01:28,  3.96s/it]
19it [01:31,  3.72s/it]
20it [01:33,  3.24s/it]
21it [01:42,  4.87s/it]
22it [01:44,  3.98s/it]
23it [01:47,  3.72s/it]
24it [01:49,  3.20s/it]
25it [01:57,  4.72s/it]
26it [01:59,  3.82s/it]
27it [01:59,  2.80s/it]
28it [02:00,  2.06s/it]
29it [02:06,  3.36s/it]
30it [02:07,  2.61s/it]
31it [02:07,  1.95s/it]
32it [02:08,  1.45s/it]
33it [02:09,  1.46s/it]
33it [02:09,  3.93s/it]
Compute metrics for 2072 samples
final/VideoMetricType.FVD : 186.025665
{'final/VideoMetricType.FVD': 186.02566528320312}
Number of frames in the videos: 16
Real data options:
{'class_name': 'tools.utils.dataset.VideoFramesFolderDataset', 'path': '/scratch/s224075134/temporal_diffusion/datasets/video/ucf101/images', 'cfg': {'max_num_frames': 10000}, 'load_n_consecutive': 16, 'subsample_factor': 3, 'discard_short_videos': True, 'xflip': False, 'resolution': 256, 'use_labels': False}
Fake data options:
{'class_name': 'tools.utils.dataset.VideoDataset', 'path': 'generation/ucf101_img256/000-FusedMatLatteIMG-XL-128-512-2-concat-F16S3-ucf101_img256-ImageNetPretrained-Compile-Amp-loadpixel/ddpm_250/0670000', 'cfg': {'max_num_frames': 10000}, 'load_n_consecutive': 16, 'load_n_consecutive_random_offset': False, 'subsample_factor': 1, 'xflip': False, 'resolution': 256, 'use_labels': False}
3
self._path generation/ucf101_img256/000-FusedMatLatteIMG-XL-128-512-2-concat-F16S3-ucf101_img256-ImageNetPretrained-Compile-Amp-loadpixel/ddpm_250/0670000
num_items: 2072
len(real_dataset): 13298
/scratch/s224075134/miniconda/envs/latte/lib/python3.12/site-packages/torch/utils/data/dataloader.py:617: UserWarning: This DataLoader will create 4 worker processes in total. Our suggested max number of worker in current system is 2, which is smaller than what this DataLoader is going to create. Please be aware that excessive worker creation might get DataLoader running slow or even freeze, lower the worker number to avoid potential slowness/freeze if necessary.
  warnings.warn(
len(fake_loader): 33
len(real_loader): 33

0it [00:00, ?it/s]
1it [00:28, 28.07s/it]
2it [00:28, 11.93s/it]
3it [00:30,  7.10s/it]
4it [00:31,  4.92s/it]
5it [00:38,  5.57s/it]
6it [00:39,  4.11s/it]
7it [00:42,  3.86s/it]
8it [00:45,  3.38s/it]
9it [00:53,  4.93s/it]
10it [00:54,  3.75s/it]
11it [00:57,  3.35s/it]
12it [00:59,  3.03s/it]
13it [01:08,  4.91s/it]
14it [01:09,  3.72s/it]
15it [01:12,  3.41s/it]
16it [01:15,  3.24s/it]
17it [01:24,  5.04s/it]
18it [01:25,  3.95s/it]
19it [01:28,  3.65s/it]
20it [01:31,  3.32s/it]
21it [01:39,  4.74s/it]
22it [01:41,  3.79s/it]
23it [01:44,  3.72s/it]
24it [01:46,  3.21s/it]
25it [01:55,  4.88s/it]
26it [01:56,  3.65s/it]
27it [01:56,  2.68s/it]
28it [01:57,  2.02s/it]
29it [02:03,  3.33s/it]
30it [02:03,  2.43s/it]
31it [02:04,  1.83s/it]
32it [02:04,  1.37s/it]
33it [02:05,  1.35s/it]
33it [02:05,  3.82s/it]
Compute metrics for 2072 samples
final/VideoMetricType.FVD : 185.655548
{'final/VideoMetricType.FVD': 185.65554809570312}
Number of frames in the videos: 16
Real data options:
{'class_name': 'tools.utils.dataset.VideoFramesFolderDataset', 'path': '/scratch/s224075134/temporal_diffusion/datasets/video/ucf101/images', 'cfg': {'max_num_frames': 10000}, 'load_n_consecutive': 16, 'subsample_factor': 3, 'discard_short_videos': True, 'xflip': False, 'resolution': 256, 'use_labels': False}
Fake data options:
{'class_name': 'tools.utils.dataset.VideoDataset', 'path': 'generation/ucf101_img256/000-FusedMatLatteIMG-XL-128-512-2-concat-F16S3-ucf101_img256-ImageNetPretrained-Compile-Amp-loadpixel/ddpm_250/0670000', 'cfg': {'max_num_frames': 10000}, 'load_n_consecutive': 16, 'load_n_consecutive_random_offset': False, 'subsample_factor': 1, 'xflip': False, 'resolution': 256, 'use_labels': False}
3
self._path generation/ucf101_img256/000-FusedMatLatteIMG-XL-128-512-2-concat-F16S3-ucf101_img256-ImageNetPretrained-Compile-Amp-loadpixel/ddpm_250/0670000
num_items: 2072
len(real_dataset): 13298
/scratch/s224075134/miniconda/envs/latte/lib/python3.12/site-packages/torch/utils/data/dataloader.py:617: UserWarning: This DataLoader will create 4 worker processes in total. Our suggested max number of worker in current system is 2, which is smaller than what this DataLoader is going to create. Please be aware that excessive worker creation might get DataLoader running slow or even freeze, lower the worker number to avoid potential slowness/freeze if necessary.
  warnings.warn(
len(fake_loader): 33
len(real_loader): 33

0it [00:00, ?it/s]
1it [00:27, 27.85s/it]
2it [00:28, 11.89s/it]
3it [00:30,  7.44s/it]
4it [00:32,  5.27s/it]
5it [00:39,  5.82s/it]
6it [00:40,  4.16s/it]
7it [00:43,  3.80s/it]
8it [00:46,  3.42s/it]
9it [00:55,  5.42s/it]
10it [00:57,  4.26s/it]
11it [01:00,  3.80s/it]
12it [01:02,  3.25s/it]
13it [01:11,  5.03s/it]
14it [01:12,  3.92s/it]
15it [01:16,  3.72s/it]
16it [01:17,  3.18s/it]
17it [01:26,  4.80s/it]
18it [01:27,  3.76s/it]
19it [01:31,  3.58s/it]
20it [01:32,  3.06s/it]
21it [01:42,  4.95s/it]
22it [01:43,  3.84s/it]
23it [01:46,  3.63s/it]
24it [01:48,  3.15s/it]
25it [01:57,  4.95s/it]
26it [01:58,  3.64s/it]
27it [01:59,  2.82s/it]
28it [01:59,  2.11s/it]
29it [02:06,  3.47s/it]
30it [02:06,  2.53s/it]
31it [02:07,  1.90s/it]
32it [02:07,  1.43s/it]
33it [02:08,  1.38s/it]
33it [02:08,  3.90s/it]
Compute metrics for 2072 samples
final/VideoMetricType.FVD : 189.509201
{'final/VideoMetricType.FVD': 189.5092010498047}
Number of frames in the videos: 16
Real data options:
{'class_name': 'tools.utils.dataset.VideoFramesFolderDataset', 'path': '/scratch/s224075134/temporal_diffusion/datasets/video/ucf101/images', 'cfg': {'max_num_frames': 10000}, 'load_n_consecutive': 16, 'subsample_factor': 3, 'discard_short_videos': True, 'xflip': False, 'resolution': 256, 'use_labels': False}
Fake data options:
{'class_name': 'tools.utils.dataset.VideoDataset', 'path': 'generation/ucf101_img256/000-FusedMatLatteIMG-XL-128-512-2-concat-F16S3-ucf101_img256-ImageNetPretrained-Compile-Amp-loadpixel/ddpm_250/0670000', 'cfg': {'max_num_frames': 10000}, 'load_n_consecutive': 16, 'load_n_consecutive_random_offset': False, 'subsample_factor': 1, 'xflip': False, 'resolution': 256, 'use_labels': False}
3
self._path generation/ucf101_img256/000-FusedMatLatteIMG-XL-128-512-2-concat-F16S3-ucf101_img256-ImageNetPretrained-Compile-Amp-loadpixel/ddpm_250/0670000
num_items: 2072
len(real_dataset): 13298
/scratch/s224075134/miniconda/envs/latte/lib/python3.12/site-packages/torch/utils/data/dataloader.py:617: UserWarning: This DataLoader will create 4 worker processes in total. Our suggested max number of worker in current system is 2, which is smaller than what this DataLoader is going to create. Please be aware that excessive worker creation might get DataLoader running slow or even freeze, lower the worker number to avoid potential slowness/freeze if necessary.
  warnings.warn(
len(fake_loader): 33
len(real_loader): 33

0it [00:00, ?it/s]
1it [00:28, 28.15s/it]
2it [00:28, 11.98s/it]
3it [00:30,  7.44s/it]
4it [00:32,  5.30s/it]
5it [00:40,  5.99s/it]
6it [00:41,  4.46s/it]
7it [00:44,  4.00s/it]
8it [00:46,  3.44s/it]
9it [00:54,  4.83s/it]
10it [00:57,  4.12s/it]
11it [00:59,  3.51s/it]
12it [01:00,  2.83s/it]
13it [01:10,  4.86s/it]
14it [01:13,  4.42s/it]
15it [01:15,  3.77s/it]
16it [01:17,  3.17s/it]
17it [01:25,  4.69s/it]
18it [01:29,  4.38s/it]
19it [01:31,  3.60s/it]
20it [01:33,  3.09s/it]
21it [01:41,  4.63s/it]
22it [01:45,  4.41s/it]
23it [01:47,  3.68s/it]
24it [01:48,  3.07s/it]
25it [01:56,  4.54s/it]
26it [01:59,  4.08s/it]
27it [02:00,  2.98s/it]
28it [02:00,  2.18s/it]
29it [02:06,  3.18s/it]
30it [02:08,  2.85s/it]
31it [02:08,  2.11s/it]
32it [02:08,  1.57s/it]
33it [02:10,  1.44s/it]
33it [02:10,  3.95s/it]
Compute metrics for 2072 samples
final/VideoMetricType.FVD : 187.888947
{'final/VideoMetricType.FVD': 187.88894653320312}
Number of frames in the videos: 16
Real data options:
{'class_name': 'tools.utils.dataset.VideoFramesFolderDataset', 'path': '/scratch/s224075134/temporal_diffusion/datasets/video/ucf101/images', 'cfg': {'max_num_frames': 10000}, 'load_n_consecutive': 16, 'subsample_factor': 3, 'discard_short_videos': True, 'xflip': False, 'resolution': 256, 'use_labels': False}
Fake data options:
{'class_name': 'tools.utils.dataset.VideoDataset', 'path': 'generation/ucf101_img256/000-FusedMatLatteIMG-XL-128-512-2-concat-F16S3-ucf101_img256-ImageNetPretrained-Compile-Amp-loadpixel/ddpm_250/0670000', 'cfg': {'max_num_frames': 10000}, 'load_n_consecutive': 16, 'load_n_consecutive_random_offset': False, 'subsample_factor': 1, 'xflip': False, 'resolution': 256, 'use_labels': False}
3
self._path generation/ucf101_img256/000-FusedMatLatteIMG-XL-128-512-2-concat-F16S3-ucf101_img256-ImageNetPretrained-Compile-Amp-loadpixel/ddpm_250/0670000
num_items: 2072
len(real_dataset): 13298
/scratch/s224075134/miniconda/envs/latte/lib/python3.12/site-packages/torch/utils/data/dataloader.py:617: UserWarning: This DataLoader will create 4 worker processes in total. Our suggested max number of worker in current system is 2, which is smaller than what this DataLoader is going to create. Please be aware that excessive worker creation might get DataLoader running slow or even freeze, lower the worker number to avoid potential slowness/freeze if necessary.
  warnings.warn(
len(fake_loader): 33
len(real_loader): 33

0it [00:00, ?it/s]
1it [00:27, 27.12s/it]
2it [00:27, 11.67s/it]
3it [00:30,  7.47s/it]
4it [00:32,  5.27s/it]
5it [00:39,  6.08s/it]
6it [00:41,  4.52s/it]
7it [00:43,  3.85s/it]
8it [00:45,  3.31s/it]
9it [00:55,  5.26s/it]
10it [00:56,  3.95s/it]
11it [00:59,  3.54s/it]
12it [01:01,  3.17s/it]
13it [01:11,  5.15s/it]
14it [01:12,  4.11s/it]
15it [01:16,  3.87s/it]
16it [01:18,  3.31s/it]
17it [01:26,  4.92s/it]
18it [01:28,  3.95s/it]
19it [01:30,  3.38s/it]
20it [01:33,  3.11s/it]
21it [01:42,  5.09s/it]
22it [01:44,  4.01s/it]
23it [01:48,  3.93s/it]
24it [01:49,  3.13s/it]
25it [01:58,  4.88s/it]
26it [01:59,  3.80s/it]
27it [02:00,  2.87s/it]
28it [02:00,  2.15s/it]
29it [02:06,  3.30s/it]
30it [02:07,  2.46s/it]
31it [02:07,  1.85s/it]
32it [02:07,  1.39s/it]
33it [02:09,  1.35s/it]
33it [02:09,  3.92s/it]
Compute metrics for 2072 samples
final/VideoMetricType.FVD : 185.892365
{'final/VideoMetricType.FVD': 185.89236450195312}
Number of frames in the videos: 16
Real data options:
{'class_name': 'tools.utils.dataset.VideoFramesFolderDataset', 'path': '/scratch/s224075134/temporal_diffusion/datasets/video/ucf101/images', 'cfg': {'max_num_frames': 10000}, 'load_n_consecutive': 16, 'subsample_factor': 3, 'discard_short_videos': True, 'xflip': False, 'resolution': 256, 'use_labels': False}
Fake data options:
{'class_name': 'tools.utils.dataset.VideoDataset', 'path': 'generation/ucf101_img256/000-FusedMatLatteIMG-XL-128-512-2-concat-F16S3-ucf101_img256-ImageNetPretrained-Compile-Amp-loadpixel/ddpm_250/0670000', 'cfg': {'max_num_frames': 10000}, 'load_n_consecutive': 16, 'load_n_consecutive_random_offset': False, 'subsample_factor': 1, 'xflip': False, 'resolution': 256, 'use_labels': False}
3
self._path generation/ucf101_img256/000-FusedMatLatteIMG-XL-128-512-2-concat-F16S3-ucf101_img256-ImageNetPretrained-Compile-Amp-loadpixel/ddpm_250/0670000
num_items: 2072
len(real_dataset): 13298
/scratch/s224075134/miniconda/envs/latte/lib/python3.12/site-packages/torch/utils/data/dataloader.py:617: UserWarning: This DataLoader will create 4 worker processes in total. Our suggested max number of worker in current system is 2, which is smaller than what this DataLoader is going to create. Please be aware that excessive worker creation might get DataLoader running slow or even freeze, lower the worker number to avoid potential slowness/freeze if necessary.
  warnings.warn(
len(fake_loader): 33
len(real_loader): 33

0it [00:00, ?it/s]
1it [00:28, 28.88s/it]
2it [00:29, 12.43s/it]
3it [00:31,  7.67s/it]
4it [00:33,  5.36s/it]
5it [00:39,  5.41s/it]
6it [00:40,  4.14s/it]
7it [00:44,  4.02s/it]
8it [00:46,  3.39s/it]
9it [00:54,  4.79s/it]
10it [00:55,  3.76s/it]
11it [01:00,  4.05s/it]
12it [01:02,  3.34s/it]
13it [01:10,  4.85s/it]
14it [01:12,  3.83s/it]
15it [01:16,  3.96s/it]
16it [01:17,  3.16s/it]
17it [01:25,  4.60s/it]
18it [01:27,  3.76s/it]
19it [01:31,  3.94s/it]
20it [01:33,  3.15s/it]
21it [01:41,  4.79s/it]
22it [01:43,  3.79s/it]
23it [01:47,  3.93s/it]
24it [01:48,  3.03s/it]
25it [01:57,  4.83s/it]
26it [01:58,  3.67s/it]
27it [01:59,  3.04s/it]
28it [02:00,  2.27s/it]
29it [02:06,  3.41s/it]
30it [02:06,  2.52s/it]
31it [02:07,  1.97s/it]
32it [02:07,  1.47s/it]
33it [02:09,  1.38s/it]
33it [02:09,  3.92s/it]
Compute metrics for 2072 samples
final/VideoMetricType.FVD : 194.427246
{'final/VideoMetricType.FVD': 194.42724609375}
Number of frames in the videos: 16
Real data options:
{'class_name': 'tools.utils.dataset.VideoFramesFolderDataset', 'path': '/scratch/s224075134/temporal_diffusion/datasets/video/ucf101/images', 'cfg': {'max_num_frames': 10000}, 'load_n_consecutive': 16, 'subsample_factor': 3, 'discard_short_videos': True, 'xflip': False, 'resolution': 256, 'use_labels': False}
Fake data options:
{'class_name': 'tools.utils.dataset.VideoDataset', 'path': 'generation/ucf101_img256/000-FusedMatLatteIMG-XL-128-512-2-concat-F16S3-ucf101_img256-ImageNetPretrained-Compile-Amp-loadpixel/ddpm_250/0670000', 'cfg': {'max_num_frames': 10000}, 'load_n_consecutive': 16, 'load_n_consecutive_random_offset': False, 'subsample_factor': 1, 'xflip': False, 'resolution': 256, 'use_labels': False}
3
self._path generation/ucf101_img256/000-FusedMatLatteIMG-XL-128-512-2-concat-F16S3-ucf101_img256-ImageNetPretrained-Compile-Amp-loadpixel/ddpm_250/0670000
num_items: 2072
len(real_dataset): 13298
/scratch/s224075134/miniconda/envs/latte/lib/python3.12/site-packages/torch/utils/data/dataloader.py:617: UserWarning: This DataLoader will create 4 worker processes in total. Our suggested max number of worker in current system is 2, which is smaller than what this DataLoader is going to create. Please be aware that excessive worker creation might get DataLoader running slow or even freeze, lower the worker number to avoid potential slowness/freeze if necessary.
  warnings.warn(
len(fake_loader): 33
len(real_loader): 33

0it [00:00, ?it/s]
1it [00:26, 26.50s/it]
2it [00:27, 11.29s/it]
3it [00:29,  7.00s/it]
4it [00:30,  4.95s/it]
5it [00:38,  5.91s/it]
6it [00:39,  4.36s/it]
7it [00:42,  3.83s/it]
8it [00:44,  3.35s/it]
9it [00:54,  5.29s/it]
10it [00:56,  4.23s/it]
11it [00:59,  3.78s/it]
12it [01:01,  3.34s/it]
13it [01:09,  4.79s/it]
14it [01:11,  3.89s/it]
15it [01:14,  3.81s/it]
16it [01:16,  3.27s/it]
17it [01:24,  4.69s/it]
18it [01:27,  3.98s/it]
19it [01:30,  3.60s/it]
20it [01:33,  3.51s/it]
21it [01:40,  4.49s/it]
22it [01:42,  3.99s/it]
23it [01:46,  3.91s/it]
24it [01:48,  3.27s/it]
25it [01:55,  4.46s/it]
26it [01:57,  3.74s/it]
27it [01:58,  2.99s/it]
28it [01:59,  2.34s/it]
29it [02:05,  3.22s/it]
30it [02:06,  2.55s/it]
31it [02:07,  2.10s/it]
32it [02:07,  1.72s/it]
33it [02:09,  1.54s/it]
33it [02:09,  3.91s/it]
Compute metrics for 2072 samples
final/VideoMetricType.FVD : 198.675308
{'final/VideoMetricType.FVD': 198.67530822753906}
Number of frames in the videos: 16
Real data options:
{'class_name': 'tools.utils.dataset.VideoFramesFolderDataset', 'path': '/scratch/s224075134/temporal_diffusion/datasets/video/ucf101/images', 'cfg': {'max_num_frames': 10000}, 'load_n_consecutive': 16, 'subsample_factor': 3, 'discard_short_videos': True, 'xflip': False, 'resolution': 256, 'use_labels': False}
Fake data options:
{'class_name': 'tools.utils.dataset.VideoDataset', 'path': 'generation/ucf101_img256/000-FusedMatLatteIMG-XL-128-512-2-concat-F16S3-ucf101_img256-ImageNetPretrained-Compile-Amp-loadpixel/ddpm_250/0670000', 'cfg': {'max_num_frames': 10000}, 'load_n_consecutive': 16, 'load_n_consecutive_random_offset': False, 'subsample_factor': 1, 'xflip': False, 'resolution': 256, 'use_labels': False}
3
self._path generation/ucf101_img256/000-FusedMatLatteIMG-XL-128-512-2-concat-F16S3-ucf101_img256-ImageNetPretrained-Compile-Amp-loadpixel/ddpm_250/0670000
num_items: 2072
len(real_dataset): 13298
/scratch/s224075134/miniconda/envs/latte/lib/python3.12/site-packages/torch/utils/data/dataloader.py:617: UserWarning: This DataLoader will create 4 worker processes in total. Our suggested max number of worker in current system is 2, which is smaller than what this DataLoader is going to create. Please be aware that excessive worker creation might get DataLoader running slow or even freeze, lower the worker number to avoid potential slowness/freeze if necessary.
  warnings.warn(
len(fake_loader): 33
len(real_loader): 33

0it [00:00, ?it/s]
1it [00:26, 26.57s/it]
2it [00:27, 11.41s/it]
3it [00:28,  6.78s/it]
4it [00:30,  4.80s/it]
5it [00:38,  5.88s/it]
6it [00:41,  5.08s/it]
7it [00:42,  3.83s/it]
8it [00:44,  3.17s/it]
9it [00:54,  5.13s/it]
10it [00:56,  4.36s/it]
11it [00:59,  3.86s/it]
12it [01:01,  3.44s/it]
13it [01:09,  4.65s/it]
14it [01:13,  4.34s/it]
15it [01:16,  3.96s/it]
16it [01:18,  3.36s/it]
17it [01:25,  4.43s/it]
18it [01:28,  4.08s/it]
19it [01:31,  3.69s/it]
20it [01:33,  3.22s/it]
21it [01:40,  4.33s/it]
22it [01:44,  4.28s/it]
23it [01:46,  3.59s/it]
24it [01:47,  3.02s/it]
25it [01:56,  4.66s/it]
26it [01:58,  3.93s/it]
27it [01:59,  2.95s/it]
28it [01:59,  2.18s/it]
29it [02:05,  3.26s/it]
30it [02:07,  2.81s/it]
31it [02:07,  2.10s/it]
32it [02:08,  1.60s/it]
33it [02:09,  1.46s/it]
33it [02:09,  3.92s/it]
Compute metrics for 2072 samples
final/VideoMetricType.FVD : 194.570190
{'final/VideoMetricType.FVD': 194.5701904296875}
Number of frames in the videos: 16
Real data options:
{'class_name': 'tools.utils.dataset.VideoFramesFolderDataset', 'path': '/scratch/s224075134/temporal_diffusion/datasets/video/ucf101/images', 'cfg': {'max_num_frames': 10000}, 'load_n_consecutive': 16, 'subsample_factor': 3, 'discard_short_videos': True, 'xflip': False, 'resolution': 256, 'use_labels': False}
Fake data options:
{'class_name': 'tools.utils.dataset.VideoDataset', 'path': 'generation/ucf101_img256/000-FusedMatLatteIMG-XL-128-512-2-concat-F16S3-ucf101_img256-ImageNetPretrained-Compile-Amp-loadpixel/ddpm_250/0670000', 'cfg': {'max_num_frames': 10000}, 'load_n_consecutive': 16, 'load_n_consecutive_random_offset': False, 'subsample_factor': 1, 'xflip': False, 'resolution': 256, 'use_labels': False}
3
self._path generation/ucf101_img256/000-FusedMatLatteIMG-XL-128-512-2-concat-F16S3-ucf101_img256-ImageNetPretrained-Compile-Amp-loadpixel/ddpm_250/0670000
num_items: 2072
len(real_dataset): 13298
/scratch/s224075134/miniconda/envs/latte/lib/python3.12/site-packages/torch/utils/data/dataloader.py:617: UserWarning: This DataLoader will create 4 worker processes in total. Our suggested max number of worker in current system is 2, which is smaller than what this DataLoader is going to create. Please be aware that excessive worker creation might get DataLoader running slow or even freeze, lower the worker number to avoid potential slowness/freeze if necessary.
  warnings.warn(
len(fake_loader): 33
len(real_loader): 33

0it [00:00, ?it/s]
1it [00:25, 25.93s/it]
2it [00:26, 11.04s/it]
3it [00:27,  6.62s/it]
4it [00:30,  5.00s/it]
5it [00:37,  5.78s/it]
6it [00:40,  4.73s/it]
7it [00:43,  4.09s/it]
8it [00:45,  3.43s/it]
9it [00:53,  5.02s/it]
10it [00:55,  4.16s/it]
11it [00:58,  3.61s/it]
12it [01:00,  3.31s/it]
13it [01:09,  4.80s/it]
14it [01:12,  4.27s/it]
15it [01:14,  3.80s/it]
16it [01:16,  3.20s/it]
17it [01:24,  4.71s/it]
18it [01:26,  3.92s/it]
19it [01:30,  3.93s/it]
20it [01:33,  3.40s/it]
21it [01:40,  4.62s/it]
22it [01:42,  3.96s/it]
23it [01:46,  3.92s/it]
24it [01:48,  3.21s/it]
25it [01:56,  4.64s/it]
26it [01:57,  3.62s/it]
27it [01:58,  2.91s/it]
28it [01:59,  2.27s/it]
29it [02:05,  3.46s/it]
30it [02:06,  2.52s/it]
31it [02:07,  2.18s/it]
32it [02:07,  1.62s/it]
33it [02:08,  1.47s/it]
33it [02:09,  3.91s/it]
Compute metrics for 2072 samples
final/VideoMetricType.FVD : 200.408539
{'final/VideoMetricType.FVD': 200.40853881835938}
Number of frames in the videos: 16
Real data options:
{'class_name': 'tools.utils.dataset.VideoFramesFolderDataset', 'path': '/scratch/s224075134/temporal_diffusion/datasets/video/ucf101/images', 'cfg': {'max_num_frames': 10000}, 'load_n_consecutive': 16, 'subsample_factor': 3, 'discard_short_videos': True, 'xflip': False, 'resolution': 256, 'use_labels': False}
Fake data options:
{'class_name': 'tools.utils.dataset.VideoDataset', 'path': 'generation/ucf101_img256/000-FusedMatLatteIMG-XL-128-512-2-concat-F16S3-ucf101_img256-ImageNetPretrained-Compile-Amp-loadpixel/ddpm_250/0670000', 'cfg': {'max_num_frames': 10000}, 'load_n_consecutive': 16, 'load_n_consecutive_random_offset': False, 'subsample_factor': 1, 'xflip': False, 'resolution': 256, 'use_labels': False}
3
self._path generation/ucf101_img256/000-FusedMatLatteIMG-XL-128-512-2-concat-F16S3-ucf101_img256-ImageNetPretrained-Compile-Amp-loadpixel/ddpm_250/0670000
num_items: 2072
len(real_dataset): 13298
/scratch/s224075134/miniconda/envs/latte/lib/python3.12/site-packages/torch/utils/data/dataloader.py:617: UserWarning: This DataLoader will create 4 worker processes in total. Our suggested max number of worker in current system is 2, which is smaller than what this DataLoader is going to create. Please be aware that excessive worker creation might get DataLoader running slow or even freeze, lower the worker number to avoid potential slowness/freeze if necessary.
  warnings.warn(
len(fake_loader): 33
len(real_loader): 33

0it [00:00, ?it/s]
1it [00:28, 28.00s/it]
2it [00:28, 11.93s/it]
3it [00:31,  7.68s/it]
4it [00:33,  5.58s/it]
5it [00:38,  5.32s/it]
6it [00:39,  3.99s/it]
7it [00:42,  3.68s/it]
8it [00:44,  3.15s/it]
9it [00:53,  4.89s/it]
10it [00:55,  3.95s/it]
11it [00:59,  3.81s/it]
12it [01:00,  3.15s/it]
13it [01:08,  4.60s/it]
14it [01:10,  3.71s/it]
15it [01:13,  3.43s/it]
16it [01:15,  3.24s/it]
17it [01:23,  4.64s/it]
18it [01:25,  3.71s/it]
19it [01:28,  3.55s/it]
20it [01:31,  3.37s/it]
21it [01:39,  4.69s/it]
22it [01:40,  3.72s/it]
23it [01:43,  3.57s/it]
24it [01:46,  3.28s/it]
25it [01:54,  4.62s/it]
26it [01:55,  3.61s/it]
27it [01:56,  2.73s/it]
28it [01:56,  2.14s/it]
29it [02:02,  3.29s/it]
30it [02:03,  2.43s/it]
31it [02:03,  1.84s/it]
32it [02:04,  1.47s/it]
33it [02:05,  1.47s/it]
33it [02:05,  3.82s/it]
Compute metrics for 2072 samples
final/VideoMetricType.FVD : 189.413940
{'final/VideoMetricType.FVD': 189.4139404296875}
Number of frames in the videos: 16
Real data options:
{'class_name': 'tools.utils.dataset.VideoFramesFolderDataset', 'path': '/scratch/s224075134/temporal_diffusion/datasets/video/ucf101/images', 'cfg': {'max_num_frames': 10000}, 'load_n_consecutive': 16, 'subsample_factor': 3, 'discard_short_videos': True, 'xflip': False, 'resolution': 256, 'use_labels': False}
Fake data options:
{'class_name': 'tools.utils.dataset.VideoDataset', 'path': 'generation/ucf101_img256/000-FusedMatLatteIMG-XL-128-512-2-concat-F16S3-ucf101_img256-ImageNetPretrained-Compile-Amp-loadpixel/ddpm_250/0670000', 'cfg': {'max_num_frames': 10000}, 'load_n_consecutive': 16, 'load_n_consecutive_random_offset': False, 'subsample_factor': 1, 'xflip': False, 'resolution': 256, 'use_labels': False}
3
self._path generation/ucf101_img256/000-FusedMatLatteIMG-XL-128-512-2-concat-F16S3-ucf101_img256-ImageNetPretrained-Compile-Amp-loadpixel/ddpm_250/0670000
num_items: 2072
len(real_dataset): 13298
/scratch/s224075134/miniconda/envs/latte/lib/python3.12/site-packages/torch/utils/data/dataloader.py:617: UserWarning: This DataLoader will create 4 worker processes in total. Our suggested max number of worker in current system is 2, which is smaller than what this DataLoader is going to create. Please be aware that excessive worker creation might get DataLoader running slow or even freeze, lower the worker number to avoid potential slowness/freeze if necessary.
  warnings.warn(
len(fake_loader): 33
len(real_loader): 33

0it [00:00, ?it/s]
1it [00:26, 26.77s/it]
2it [00:27, 11.37s/it]
3it [00:28,  6.88s/it]
4it [00:30,  4.70s/it]
5it [00:38,  6.10s/it]
6it [00:40,  4.59s/it]
7it [00:43,  4.23s/it]
8it [00:45,  3.47s/it]
9it [00:54,  5.09s/it]
10it [00:55,  3.97s/it]
11it [00:58,  3.60s/it]
12it [01:01,  3.35s/it]
13it [01:10,  4.96s/it]
14it [01:13,  4.34s/it]
15it [01:15,  3.88s/it]
16it [01:17,  3.32s/it]
17it [01:26,  4.80s/it]
18it [01:29,  4.40s/it]
19it [01:32,  3.89s/it]
20it [01:34,  3.33s/it]
21it [01:42,  4.69s/it]
22it [01:44,  4.12s/it]
23it [01:47,  3.77s/it]
24it [01:49,  3.25s/it]
25it [01:58,  4.75s/it]
26it [01:59,  3.83s/it]
27it [02:00,  2.81s/it]
28it [02:01,  2.33s/it]
29it [02:07,  3.49s/it]
30it [02:09,  2.90s/it]
31it [02:09,  2.16s/it]
32it [02:10,  1.65s/it]
33it [02:11,  1.52s/it]
33it [02:11,  3.98s/it]
Compute metrics for 2072 samples
final/VideoMetricType.FVD : 195.842102
{'final/VideoMetricType.FVD': 195.84210205078125}
Number of frames in the videos: 16
Real data options:
{'class_name': 'tools.utils.dataset.VideoFramesFolderDataset', 'path': '/scratch/s224075134/temporal_diffusion/datasets/video/ucf101/images', 'cfg': {'max_num_frames': 10000}, 'load_n_consecutive': 16, 'subsample_factor': 3, 'discard_short_videos': True, 'xflip': False, 'resolution': 256, 'use_labels': False}
Fake data options:
{'class_name': 'tools.utils.dataset.VideoDataset', 'path': 'generation/ucf101_img256/000-FusedMatLatteIMG-XL-128-512-2-concat-F16S3-ucf101_img256-ImageNetPretrained-Compile-Amp-loadpixel/ddpm_250/0670000', 'cfg': {'max_num_frames': 10000}, 'load_n_consecutive': 16, 'load_n_consecutive_random_offset': False, 'subsample_factor': 1, 'xflip': False, 'resolution': 256, 'use_labels': False}
3
self._path generation/ucf101_img256/000-FusedMatLatteIMG-XL-128-512-2-concat-F16S3-ucf101_img256-ImageNetPretrained-Compile-Amp-loadpixel/ddpm_250/0670000
num_items: 2072
len(real_dataset): 13298
/scratch/s224075134/miniconda/envs/latte/lib/python3.12/site-packages/torch/utils/data/dataloader.py:617: UserWarning: This DataLoader will create 4 worker processes in total. Our suggested max number of worker in current system is 2, which is smaller than what this DataLoader is going to create. Please be aware that excessive worker creation might get DataLoader running slow or even freeze, lower the worker number to avoid potential slowness/freeze if necessary.
  warnings.warn(
len(fake_loader): 33
len(real_loader): 33

0it [00:00, ?it/s]
1it [00:28, 28.03s/it]
2it [00:28, 11.84s/it]
3it [00:29,  7.04s/it]
4it [00:31,  4.93s/it]
5it [00:40,  6.24s/it]
6it [00:41,  4.56s/it]
7it [00:44,  4.02s/it]
8it [00:46,  3.42s/it]
9it [00:55,  5.11s/it]
10it [00:57,  4.11s/it]
11it [01:00,  3.84s/it]
12it [01:02,  3.26s/it]
13it [01:11,  4.98s/it]
14it [01:12,  3.92s/it]
15it [01:16,  3.82s/it]
16it [01:18,  3.22s/it]
17it [01:27,  5.03s/it]
18it [01:28,  3.95s/it]
19it [01:32,  3.81s/it]
20it [01:34,  3.24s/it]
21it [01:43,  4.91s/it]
22it [01:43,  3.71s/it]
23it [01:46,  3.24s/it]
24it [01:49,  3.22s/it]
25it [01:59,  5.26s/it]
26it [02:00,  3.96s/it]
27it [02:00,  2.90s/it]
28it [02:00,  2.13s/it]
29it [02:07,  3.34s/it]
30it [02:07,  2.43s/it]
31it [02:07,  1.82s/it]
32it [02:08,  1.36s/it]
33it [02:09,  1.41s/it]
33it [02:09,  3.93s/it]
Compute metrics for 2072 samples
final/VideoMetricType.FVD : 199.387482
{'final/VideoMetricType.FVD': 199.38748168945312}
Number of frames in the videos: 16
Real data options:
{'class_name': 'tools.utils.dataset.VideoFramesFolderDataset', 'path': '/scratch/s224075134/temporal_diffusion/datasets/video/ucf101/images', 'cfg': {'max_num_frames': 10000}, 'load_n_consecutive': 16, 'subsample_factor': 3, 'discard_short_videos': True, 'xflip': False, 'resolution': 256, 'use_labels': False}
Fake data options:
{'class_name': 'tools.utils.dataset.VideoDataset', 'path': 'generation/ucf101_img256/000-FusedMatLatteIMG-XL-128-512-2-concat-F16S3-ucf101_img256-ImageNetPretrained-Compile-Amp-loadpixel/ddpm_250/0670000', 'cfg': {'max_num_frames': 10000}, 'load_n_consecutive': 16, 'load_n_consecutive_random_offset': False, 'subsample_factor': 1, 'xflip': False, 'resolution': 256, 'use_labels': False}
3
self._path generation/ucf101_img256/000-FusedMatLatteIMG-XL-128-512-2-concat-F16S3-ucf101_img256-ImageNetPretrained-Compile-Amp-loadpixel/ddpm_250/0670000
num_items: 2072
len(real_dataset): 13298
/scratch/s224075134/miniconda/envs/latte/lib/python3.12/site-packages/torch/utils/data/dataloader.py:617: UserWarning: This DataLoader will create 4 worker processes in total. Our suggested max number of worker in current system is 2, which is smaller than what this DataLoader is going to create. Please be aware that excessive worker creation might get DataLoader running slow or even freeze, lower the worker number to avoid potential slowness/freeze if necessary.
  warnings.warn(
len(fake_loader): 33
len(real_loader): 33

0it [00:00, ?it/s]
1it [00:27, 27.03s/it]
2it [00:27, 11.59s/it]
3it [00:29,  6.87s/it]
4it [00:30,  4.79s/it]
5it [00:38,  5.97s/it]
6it [00:40,  4.56s/it]
7it [00:43,  4.12s/it]
8it [00:45,  3.51s/it]
9it [00:53,  4.90s/it]
10it [00:57,  4.39s/it]
11it [00:59,  3.72s/it]
12it [01:00,  3.01s/it]
13it [01:09,  4.72s/it]
14it [01:12,  4.20s/it]
15it [01:14,  3.48s/it]
16it [01:15,  2.96s/it]
17it [01:25,  4.88s/it]
18it [01:27,  4.16s/it]
19it [01:30,  3.60s/it]
20it [01:31,  3.06s/it]
21it [01:41,  4.94s/it]
22it [01:43,  4.21s/it]
23it [01:46,  3.78s/it]
24it [01:48,  3.26s/it]
25it [01:56,  4.56s/it]
26it [01:58,  3.75s/it]
27it [01:58,  2.76s/it]
28it [01:59,  2.24s/it]
29it [02:05,  3.43s/it]
30it [02:06,  2.66s/it]
31it [02:07,  2.03s/it]
32it [02:07,  1.63s/it]
33it [02:08,  1.48s/it]
33it [02:09,  3.91s/it]
Compute metrics for 2072 samples
final/VideoMetricType.FVD : 181.432953
{'final/VideoMetricType.FVD': 181.43295288085938}
Number of frames in the videos: 16
Real data options:
{'class_name': 'tools.utils.dataset.VideoFramesFolderDataset', 'path': '/scratch/s224075134/temporal_diffusion/datasets/video/ucf101/images', 'cfg': {'max_num_frames': 10000}, 'load_n_consecutive': 16, 'subsample_factor': 3, 'discard_short_videos': True, 'xflip': False, 'resolution': 256, 'use_labels': False}
Fake data options:
{'class_name': 'tools.utils.dataset.VideoDataset', 'path': 'generation/ucf101_img256/000-FusedMatLatteIMG-XL-128-512-2-concat-F16S3-ucf101_img256-ImageNetPretrained-Compile-Amp-loadpixel/ddpm_250/0670000', 'cfg': {'max_num_frames': 10000}, 'load_n_consecutive': 16, 'load_n_consecutive_random_offset': False, 'subsample_factor': 1, 'xflip': False, 'resolution': 256, 'use_labels': False}
3
self._path generation/ucf101_img256/000-FusedMatLatteIMG-XL-128-512-2-concat-F16S3-ucf101_img256-ImageNetPretrained-Compile-Amp-loadpixel/ddpm_250/0670000
num_items: 2072
len(real_dataset): 13298
/scratch/s224075134/miniconda/envs/latte/lib/python3.12/site-packages/torch/utils/data/dataloader.py:617: UserWarning: This DataLoader will create 4 worker processes in total. Our suggested max number of worker in current system is 2, which is smaller than what this DataLoader is going to create. Please be aware that excessive worker creation might get DataLoader running slow or even freeze, lower the worker number to avoid potential slowness/freeze if necessary.
  warnings.warn(
len(fake_loader): 33
len(real_loader): 33

0it [00:00, ?it/s]
1it [00:27, 27.27s/it]
2it [00:27, 11.63s/it]
3it [00:29,  7.01s/it]
4it [00:31,  4.96s/it]
5it [00:39,  6.07s/it]
6it [00:40,  4.45s/it]
7it [00:43,  3.77s/it]
8it [00:45,  3.37s/it]
9it [00:55,  5.40s/it]
10it [00:56,  4.15s/it]
11it [00:59,  3.65s/it]
12it [01:01,  3.23s/it]
13it [01:10,  4.95s/it]
14it [01:11,  3.87s/it]
15it [01:15,  3.85s/it]
16it [01:17,  3.33s/it]
17it [01:26,  4.94s/it]
18it [01:28,  3.95s/it]
19it [01:31,  3.71s/it]
20it [01:32,  3.08s/it]
21it [01:41,  4.77s/it]
22it [01:42,  3.72s/it]
23it [01:46,  3.75s/it]
24it [01:48,  3.09s/it]
25it [01:56,  4.78s/it]
26it [01:58,  3.72s/it]
27it [01:58,  2.85s/it]
28it [01:59,  2.15s/it]
29it [02:05,  3.43s/it]
30it [02:06,  2.59s/it]
31it [02:07,  2.02s/it]
32it [02:07,  1.51s/it]
33it [02:08,  1.43s/it]
33it [02:08,  3.91s/it]
Compute metrics for 2072 samples
final/VideoMetricType.FVD : 198.292526
{'final/VideoMetricType.FVD': 198.2925262451172}
Number of frames in the videos: 16
Real data options:
{'class_name': 'tools.utils.dataset.VideoFramesFolderDataset', 'path': '/scratch/s224075134/temporal_diffusion/datasets/video/ucf101/images', 'cfg': {'max_num_frames': 10000}, 'load_n_consecutive': 16, 'subsample_factor': 3, 'discard_short_videos': True, 'xflip': False, 'resolution': 256, 'use_labels': False}
Fake data options:
{'class_name': 'tools.utils.dataset.VideoDataset', 'path': 'generation/ucf101_img256/000-FusedMatLatteIMG-XL-128-512-2-concat-F16S3-ucf101_img256-ImageNetPretrained-Compile-Amp-loadpixel/ddpm_250/0670000', 'cfg': {'max_num_frames': 10000}, 'load_n_consecutive': 16, 'load_n_consecutive_random_offset': False, 'subsample_factor': 1, 'xflip': False, 'resolution': 256, 'use_labels': False}
3
self._path generation/ucf101_img256/000-FusedMatLatteIMG-XL-128-512-2-concat-F16S3-ucf101_img256-ImageNetPretrained-Compile-Amp-loadpixel/ddpm_250/0670000
num_items: 2072
len(real_dataset): 13298
/scratch/s224075134/miniconda/envs/latte/lib/python3.12/site-packages/torch/utils/data/dataloader.py:617: UserWarning: This DataLoader will create 4 worker processes in total. Our suggested max number of worker in current system is 2, which is smaller than what this DataLoader is going to create. Please be aware that excessive worker creation might get DataLoader running slow or even freeze, lower the worker number to avoid potential slowness/freeze if necessary.
  warnings.warn(
len(fake_loader): 33
len(real_loader): 33

0it [00:00, ?it/s]
1it [00:28, 28.70s/it]
2it [00:29, 12.25s/it]
3it [00:31,  7.51s/it]
4it [00:33,  5.37s/it]
5it [00:39,  5.66s/it]
6it [00:41,  4.45s/it]
7it [00:44,  4.07s/it]
8it [00:46,  3.18s/it]
9it [00:55,  5.02s/it]
10it [00:57,  4.00s/it]
11it [01:00,  3.83s/it]
12it [01:02,  3.25s/it]
13it [01:11,  4.89s/it]
14it [01:12,  3.86s/it]
15it [01:15,  3.72s/it]
16it [01:17,  3.14s/it]
17it [01:27,  5.01s/it]
18it [01:28,  3.98s/it]
19it [01:32,  3.79s/it]
20it [01:33,  3.18s/it]
21it [01:42,  4.74s/it]
22it [01:43,  3.82s/it]
23it [01:47,  3.78s/it]
24it [01:49,  3.26s/it]
25it [01:58,  4.94s/it]
26it [01:59,  3.65s/it]
27it [01:59,  2.77s/it]
28it [02:00,  2.04s/it]
29it [02:06,  3.47s/it]
30it [02:07,  2.52s/it]
31it [02:07,  1.88s/it]
32it [02:07,  1.41s/it]
33it [02:09,  1.42s/it]
33it [02:09,  3.92s/it]
Compute metrics for 2072 samples
final/VideoMetricType.FVD : 191.363739
{'final/VideoMetricType.FVD': 191.36373901367188}
Number of frames in the videos: 16
Real data options:
{'class_name': 'tools.utils.dataset.VideoFramesFolderDataset', 'path': '/scratch/s224075134/temporal_diffusion/datasets/video/ucf101/images', 'cfg': {'max_num_frames': 10000}, 'load_n_consecutive': 16, 'subsample_factor': 3, 'discard_short_videos': True, 'xflip': False, 'resolution': 256, 'use_labels': False}
Fake data options:
{'class_name': 'tools.utils.dataset.VideoDataset', 'path': 'generation/ucf101_img256/000-FusedMatLatteIMG-XL-128-512-2-concat-F16S3-ucf101_img256-ImageNetPretrained-Compile-Amp-loadpixel/ddpm_250/0670000', 'cfg': {'max_num_frames': 10000}, 'load_n_consecutive': 16, 'load_n_consecutive_random_offset': False, 'subsample_factor': 1, 'xflip': False, 'resolution': 256, 'use_labels': False}
3
self._path generation/ucf101_img256/000-FusedMatLatteIMG-XL-128-512-2-concat-F16S3-ucf101_img256-ImageNetPretrained-Compile-Amp-loadpixel/ddpm_250/0670000
num_items: 2072
len(real_dataset): 13298
/scratch/s224075134/miniconda/envs/latte/lib/python3.12/site-packages/torch/utils/data/dataloader.py:617: UserWarning: This DataLoader will create 4 worker processes in total. Our suggested max number of worker in current system is 2, which is smaller than what this DataLoader is going to create. Please be aware that excessive worker creation might get DataLoader running slow or even freeze, lower the worker number to avoid potential slowness/freeze if necessary.
  warnings.warn(
len(fake_loader): 33
len(real_loader): 33

0it [00:00, ?it/s]
1it [00:28, 28.03s/it]
2it [00:28, 11.98s/it]
3it [00:30,  7.34s/it]
4it [00:32,  5.20s/it]
5it [00:39,  5.87s/it]
6it [00:41,  4.37s/it]
7it [00:44,  4.03s/it]
8it [00:46,  3.45s/it]
9it [00:55,  5.18s/it]
10it [00:57,  4.14s/it]
11it [01:00,  3.88s/it]
12it [01:02,  3.18s/it]
13it [01:11,  4.91s/it]
14it [01:12,  3.97s/it]
15it [01:16,  3.85s/it]
16it [01:18,  3.24s/it]
17it [01:25,  4.50s/it]
18it [01:27,  3.55s/it]
19it [01:30,  3.40s/it]
20it [01:32,  3.09s/it]
21it [01:40,  4.65s/it]
22it [01:43,  4.03s/it]
23it [01:46,  3.85s/it]
24it [01:48,  3.29s/it]
25it [01:55,  4.45s/it]
26it [01:57,  3.72s/it]
27it [01:58,  2.87s/it]
28it [01:59,  2.10s/it]
29it [02:05,  3.39s/it]
30it [02:06,  2.73s/it]
31it [02:07,  2.04s/it]
32it [02:07,  1.52s/it]
33it [02:08,  1.40s/it]
33it [02:08,  3.90s/it]
Compute metrics for 2072 samples
final/VideoMetricType.FVD : 184.593384
{'final/VideoMetricType.FVD': 184.5933837890625}
Number of frames in the videos: 16
Real data options:
{'class_name': 'tools.utils.dataset.VideoFramesFolderDataset', 'path': '/scratch/s224075134/temporal_diffusion/datasets/video/ucf101/images', 'cfg': {'max_num_frames': 10000}, 'load_n_consecutive': 16, 'subsample_factor': 3, 'discard_short_videos': True, 'xflip': False, 'resolution': 256, 'use_labels': False}
Fake data options:
{'class_name': 'tools.utils.dataset.VideoDataset', 'path': 'generation/ucf101_img256/000-FusedMatLatteIMG-XL-128-512-2-concat-F16S3-ucf101_img256-ImageNetPretrained-Compile-Amp-loadpixel/ddpm_250/0670000', 'cfg': {'max_num_frames': 10000}, 'load_n_consecutive': 16, 'load_n_consecutive_random_offset': False, 'subsample_factor': 1, 'xflip': False, 'resolution': 256, 'use_labels': False}
3
self._path generation/ucf101_img256/000-FusedMatLatteIMG-XL-128-512-2-concat-F16S3-ucf101_img256-ImageNetPretrained-Compile-Amp-loadpixel/ddpm_250/0670000
num_items: 2072
len(real_dataset): 13298
/scratch/s224075134/miniconda/envs/latte/lib/python3.12/site-packages/torch/utils/data/dataloader.py:617: UserWarning: This DataLoader will create 4 worker processes in total. Our suggested max number of worker in current system is 2, which is smaller than what this DataLoader is going to create. Please be aware that excessive worker creation might get DataLoader running slow or even freeze, lower the worker number to avoid potential slowness/freeze if necessary.
  warnings.warn(
len(fake_loader): 33
len(real_loader): 33

0it [00:00, ?it/s]
1it [00:26, 26.92s/it]
2it [00:27, 11.42s/it]
3it [00:28,  6.74s/it]
4it [00:29,  4.60s/it]
5it [00:38,  6.18s/it]
6it [00:40,  4.53s/it]
7it [00:44,  4.29s/it]
8it [00:45,  3.32s/it]
9it [00:54,  5.11s/it]
10it [00:55,  4.03s/it]
11it [00:59,  3.82s/it]
12it [01:01,  3.27s/it]
13it [01:10,  5.05s/it]
14it [01:12,  4.10s/it]
15it [01:15,  3.69s/it]
16it [01:16,  3.05s/it]
17it [01:25,  4.88s/it]
18it [01:26,  3.71s/it]
19it [01:30,  3.57s/it]
20it [01:32,  3.30s/it]
21it [01:41,  4.81s/it]
22it [01:42,  3.89s/it]
23it [01:46,  3.69s/it]
24it [01:48,  3.25s/it]
25it [01:56,  4.89s/it]
26it [01:57,  3.64s/it]
27it [01:58,  2.84s/it]
28it [01:59,  2.27s/it]
29it [02:05,  3.40s/it]
30it [02:05,  2.48s/it]
31it [02:07,  2.04s/it]
32it [02:07,  1.58s/it]
33it [02:08,  1.50s/it]
33it [02:08,  3.91s/it]
Compute metrics for 2072 samples
final/VideoMetricType.FVD : 197.404282
{'final/VideoMetricType.FVD': 197.40428161621094}
Number of frames in the videos: 16
Real data options:
{'class_name': 'tools.utils.dataset.VideoFramesFolderDataset', 'path': '/scratch/s224075134/temporal_diffusion/datasets/video/ucf101/images', 'cfg': {'max_num_frames': 10000}, 'load_n_consecutive': 16, 'subsample_factor': 3, 'discard_short_videos': True, 'xflip': False, 'resolution': 256, 'use_labels': False}
Fake data options:
{'class_name': 'tools.utils.dataset.VideoDataset', 'path': 'generation/ucf101_img256/000-FusedMatLatteIMG-XL-128-512-2-concat-F16S3-ucf101_img256-ImageNetPretrained-Compile-Amp-loadpixel/ddpm_250/0670000', 'cfg': {'max_num_frames': 10000}, 'load_n_consecutive': 16, 'load_n_consecutive_random_offset': False, 'subsample_factor': 1, 'xflip': False, 'resolution': 256, 'use_labels': False}
3
self._path generation/ucf101_img256/000-FusedMatLatteIMG-XL-128-512-2-concat-F16S3-ucf101_img256-ImageNetPretrained-Compile-Amp-loadpixel/ddpm_250/0670000
num_items: 2072
len(real_dataset): 13298
/scratch/s224075134/miniconda/envs/latte/lib/python3.12/site-packages/torch/utils/data/dataloader.py:617: UserWarning: This DataLoader will create 4 worker processes in total. Our suggested max number of worker in current system is 2, which is smaller than what this DataLoader is going to create. Please be aware that excessive worker creation might get DataLoader running slow or even freeze, lower the worker number to avoid potential slowness/freeze if necessary.
  warnings.warn(
len(fake_loader): 33
len(real_loader): 33

0it [00:00, ?it/s]
1it [00:27, 27.58s/it]
2it [00:28, 11.78s/it]
3it [00:30,  7.34s/it]
4it [00:32,  5.20s/it]
5it [00:39,  5.80s/it]
6it [00:40,  4.38s/it]
7it [00:43,  3.70s/it]
8it [00:45,  3.39s/it]
9it [00:55,  5.28s/it]
10it [00:56,  4.04s/it]
11it [00:59,  3.67s/it]
12it [01:01,  3.29s/it]
13it [01:09,  4.74s/it]
14it [01:12,  4.16s/it]
15it [01:15,  3.82s/it]
16it [01:17,  3.33s/it]
17it [01:25,  4.56s/it]
18it [01:28,  4.14s/it]
19it [01:30,  3.58s/it]
20it [01:33,  3.26s/it]
21it [01:41,  4.62s/it]
22it [01:44,  4.39s/it]
23it [01:46,  3.66s/it]
24it [01:49,  3.22s/it]
25it [01:56,  4.36s/it]
26it [01:59,  4.11s/it]
27it [02:00,  3.08s/it]
28it [02:00,  2.30s/it]
29it [02:05,  3.06s/it]
30it [02:07,  2.78s/it]
31it [02:08,  2.07s/it]
32it [02:08,  1.53s/it]
33it [02:09,  1.41s/it]
33it [02:09,  3.93s/it]
Compute metrics for 2072 samples
final/VideoMetricType.FVD : 191.723450
{'final/VideoMetricType.FVD': 191.72344970703125}
Number of frames in the videos: 16
Real data options:
{'class_name': 'tools.utils.dataset.VideoFramesFolderDataset', 'path': '/scratch/s224075134/temporal_diffusion/datasets/video/ucf101/images', 'cfg': {'max_num_frames': 10000}, 'load_n_consecutive': 16, 'subsample_factor': 3, 'discard_short_videos': True, 'xflip': False, 'resolution': 256, 'use_labels': False}
Fake data options:
{'class_name': 'tools.utils.dataset.VideoDataset', 'path': 'generation/ucf101_img256/000-FusedMatLatteIMG-XL-128-512-2-concat-F16S3-ucf101_img256-ImageNetPretrained-Compile-Amp-loadpixel/ddpm_250/0670000', 'cfg': {'max_num_frames': 10000}, 'load_n_consecutive': 16, 'load_n_consecutive_random_offset': False, 'subsample_factor': 1, 'xflip': False, 'resolution': 256, 'use_labels': False}
3
self._path generation/ucf101_img256/000-FusedMatLatteIMG-XL-128-512-2-concat-F16S3-ucf101_img256-ImageNetPretrained-Compile-Amp-loadpixel/ddpm_250/0670000
num_items: 2072
len(real_dataset): 13298
/scratch/s224075134/miniconda/envs/latte/lib/python3.12/site-packages/torch/utils/data/dataloader.py:617: UserWarning: This DataLoader will create 4 worker processes in total. Our suggested max number of worker in current system is 2, which is smaller than what this DataLoader is going to create. Please be aware that excessive worker creation might get DataLoader running slow or even freeze, lower the worker number to avoid potential slowness/freeze if necessary.
  warnings.warn(
len(fake_loader): 33
len(real_loader): 33

0it [00:00, ?it/s]
1it [00:27, 27.89s/it]
2it [00:28, 11.78s/it]
3it [00:29,  6.92s/it]
4it [00:30,  4.74s/it]
5it [00:39,  6.13s/it]
6it [00:40,  4.43s/it]
7it [00:44,  4.25s/it]
8it [00:46,  3.61s/it]
9it [00:55,  5.17s/it]
10it [00:57,  4.11s/it]
11it [00:59,  3.69s/it]
12it [01:01,  3.15s/it]
13it [01:11,  5.07s/it]
14it [01:12,  4.02s/it]
15it [01:16,  3.82s/it]
16it [01:18,  3.26s/it]
17it [01:27,  4.99s/it]
18it [01:28,  3.89s/it]
19it [01:31,  3.72s/it]
20it [01:33,  3.23s/it]
21it [01:42,  4.92s/it]
22it [01:44,  3.85s/it]
23it [01:47,  3.58s/it]
24it [01:49,  3.14s/it]
25it [01:58,  5.05s/it]
26it [01:59,  3.71s/it]
27it [02:00,  2.92s/it]
28it [02:00,  2.14s/it]
29it [02:06,  3.35s/it]
30it [02:07,  2.45s/it]
31it [02:07,  1.84s/it]
32it [02:07,  1.38s/it]
33it [02:09,  1.46s/it]
33it [02:09,  3.93s/it]
Compute metrics for 2072 samples
final/VideoMetricType.FVD : 186.252701
{'final/VideoMetricType.FVD': 186.25270080566406}
Number of frames in the videos: 16
Real data options:
{'class_name': 'tools.utils.dataset.VideoFramesFolderDataset', 'path': '/scratch/s224075134/temporal_diffusion/datasets/video/ucf101/images', 'cfg': {'max_num_frames': 10000}, 'load_n_consecutive': 16, 'subsample_factor': 3, 'discard_short_videos': True, 'xflip': False, 'resolution': 256, 'use_labels': False}
Fake data options:
{'class_name': 'tools.utils.dataset.VideoDataset', 'path': 'generation/ucf101_img256/000-FusedMatLatteIMG-XL-128-512-2-concat-F16S3-ucf101_img256-ImageNetPretrained-Compile-Amp-loadpixel/ddpm_250/0670000', 'cfg': {'max_num_frames': 10000}, 'load_n_consecutive': 16, 'load_n_consecutive_random_offset': False, 'subsample_factor': 1, 'xflip': False, 'resolution': 256, 'use_labels': False}
3
self._path generation/ucf101_img256/000-FusedMatLatteIMG-XL-128-512-2-concat-F16S3-ucf101_img256-ImageNetPretrained-Compile-Amp-loadpixel/ddpm_250/0670000
num_items: 2072
len(real_dataset): 13298
/scratch/s224075134/miniconda/envs/latte/lib/python3.12/site-packages/torch/utils/data/dataloader.py:617: UserWarning: This DataLoader will create 4 worker processes in total. Our suggested max number of worker in current system is 2, which is smaller than what this DataLoader is going to create. Please be aware that excessive worker creation might get DataLoader running slow or even freeze, lower the worker number to avoid potential slowness/freeze if necessary.
  warnings.warn(
len(fake_loader): 33
len(real_loader): 33

0it [00:00, ?it/s]
1it [00:28, 28.01s/it]
2it [00:28, 11.92s/it]
3it [00:30,  7.39s/it]
4it [00:32,  5.25s/it]
5it [00:39,  5.92s/it]
6it [00:41,  4.47s/it]
7it [00:44,  4.13s/it]
8it [00:46,  3.41s/it]
9it [00:55,  5.10s/it]
10it [00:57,  4.02s/it]
11it [01:00,  3.71s/it]
12it [01:02,  3.21s/it]
13it [01:11,  5.01s/it]
14it [01:13,  4.02s/it]
15it [01:16,  3.87s/it]
16it [01:18,  3.26s/it]
17it [01:27,  4.95s/it]
18it [01:28,  3.90s/it]
19it [01:31,  3.59s/it]
20it [01:33,  3.21s/it]
21it [01:43,  5.02s/it]
22it [01:44,  3.78s/it]
23it [01:46,  3.35s/it]
24it [01:49,  3.14s/it]
25it [01:59,  5.25s/it]
26it [01:59,  3.89s/it]
27it [02:00,  2.85s/it]
28it [02:00,  2.09s/it]
29it [02:07,  3.36s/it]
30it [02:07,  2.45s/it]
31it [02:07,  1.84s/it]
32it [02:08,  1.38s/it]
33it [02:09,  1.50s/it]
33it [02:10,  3.94s/it]
Compute metrics for 2072 samples
final/VideoMetricType.FVD : 193.034470
{'final/VideoMetricType.FVD': 193.0344696044922}
Number of frames in the videos: 16
Real data options:
{'class_name': 'tools.utils.dataset.VideoFramesFolderDataset', 'path': '/scratch/s224075134/temporal_diffusion/datasets/video/ucf101/images', 'cfg': {'max_num_frames': 10000}, 'load_n_consecutive': 16, 'subsample_factor': 3, 'discard_short_videos': True, 'xflip': False, 'resolution': 256, 'use_labels': False}
Fake data options:
{'class_name': 'tools.utils.dataset.VideoDataset', 'path': 'generation/ucf101_img256/000-FusedMatLatteIMG-XL-128-512-2-concat-F16S3-ucf101_img256-ImageNetPretrained-Compile-Amp-loadpixel/ddpm_250/0670000', 'cfg': {'max_num_frames': 10000}, 'load_n_consecutive': 16, 'load_n_consecutive_random_offset': False, 'subsample_factor': 1, 'xflip': False, 'resolution': 256, 'use_labels': False}
3
self._path generation/ucf101_img256/000-FusedMatLatteIMG-XL-128-512-2-concat-F16S3-ucf101_img256-ImageNetPretrained-Compile-Amp-loadpixel/ddpm_250/0670000
num_items: 2072
len(real_dataset): 13298
/scratch/s224075134/miniconda/envs/latte/lib/python3.12/site-packages/torch/utils/data/dataloader.py:617: UserWarning: This DataLoader will create 4 worker processes in total. Our suggested max number of worker in current system is 2, which is smaller than what this DataLoader is going to create. Please be aware that excessive worker creation might get DataLoader running slow or even freeze, lower the worker number to avoid potential slowness/freeze if necessary.
  warnings.warn(
len(fake_loader): 33
len(real_loader): 33

0it [00:00, ?it/s]
1it [00:27, 27.21s/it]
2it [00:27, 11.61s/it]
3it [00:29,  7.14s/it]
4it [00:31,  5.10s/it]
5it [00:38,  5.64s/it]
6it [00:40,  4.45s/it]
7it [00:44,  4.20s/it]
8it [00:45,  3.34s/it]
9it [00:54,  5.15s/it]
10it [00:55,  3.85s/it]
11it [00:59,  3.81s/it]
12it [01:01,  3.31s/it]
13it [01:10,  4.90s/it]
14it [01:11,  3.89s/it]
15it [01:15,  3.94s/it]
16it [01:17,  3.15s/it]
17it [01:25,  4.76s/it]
18it [01:26,  3.76s/it]
19it [01:30,  3.84s/it]
20it [01:32,  3.08s/it]
21it [01:40,  4.71s/it]
22it [01:42,  3.75s/it]
23it [01:46,  3.98s/it]
24it [01:48,  3.16s/it]
25it [01:56,  4.88s/it]
26it [01:57,  3.71s/it]
27it [01:59,  2.95s/it]
28it [01:59,  2.16s/it]
29it [02:06,  3.49s/it]
30it [02:06,  2.54s/it]
31it [02:07,  2.01s/it]
32it [02:07,  1.50s/it]
33it [02:08,  1.44s/it]
33it [02:08,  3.91s/it]
Compute metrics for 2072 samples
final/VideoMetricType.FVD : 186.671143
{'final/VideoMetricType.FVD': 186.671142578125}
Number of frames in the videos: 16
Real data options:
{'class_name': 'tools.utils.dataset.VideoFramesFolderDataset', 'path': '/scratch/s224075134/temporal_diffusion/datasets/video/ucf101/images', 'cfg': {'max_num_frames': 10000}, 'load_n_consecutive': 16, 'subsample_factor': 3, 'discard_short_videos': True, 'xflip': False, 'resolution': 256, 'use_labels': False}
Fake data options:
{'class_name': 'tools.utils.dataset.VideoDataset', 'path': 'generation/ucf101_img256/000-FusedMatLatteIMG-XL-128-512-2-concat-F16S3-ucf101_img256-ImageNetPretrained-Compile-Amp-loadpixel/ddpm_250/0670000', 'cfg': {'max_num_frames': 10000}, 'load_n_consecutive': 16, 'load_n_consecutive_random_offset': False, 'subsample_factor': 1, 'xflip': False, 'resolution': 256, 'use_labels': False}
3
self._path generation/ucf101_img256/000-FusedMatLatteIMG-XL-128-512-2-concat-F16S3-ucf101_img256-ImageNetPretrained-Compile-Amp-loadpixel/ddpm_250/0670000
num_items: 2072
len(real_dataset): 13298
/scratch/s224075134/miniconda/envs/latte/lib/python3.12/site-packages/torch/utils/data/dataloader.py:617: UserWarning: This DataLoader will create 4 worker processes in total. Our suggested max number of worker in current system is 2, which is smaller than what this DataLoader is going to create. Please be aware that excessive worker creation might get DataLoader running slow or even freeze, lower the worker number to avoid potential slowness/freeze if necessary.
  warnings.warn(
len(fake_loader): 33
len(real_loader): 33

0it [00:00, ?it/s]
1it [00:26, 26.20s/it]
2it [00:27, 11.38s/it]
3it [00:29,  7.01s/it]
4it [00:31,  5.03s/it]
5it [00:38,  5.96s/it]
6it [00:39,  4.37s/it]
7it [00:43,  4.16s/it]
8it [00:45,  3.53s/it]
9it [00:54,  5.01s/it]
10it [00:55,  3.82s/it]
11it [00:57,  3.47s/it]
12it [00:59,  3.03s/it]
13it [01:08,  4.79s/it]
14it [01:10,  3.94s/it]
15it [01:13,  3.62s/it]
16it [01:15,  3.05s/it]
17it [01:23,  4.62s/it]
18it [01:26,  4.22s/it]
19it [01:29,  3.65s/it]
20it [01:31,  3.14s/it]
21it [01:38,  4.41s/it]
22it [01:42,  4.22s/it]
23it [01:44,  3.62s/it]
24it [01:47,  3.27s/it]
25it [01:53,  4.17s/it]
26it [01:56,  3.90s/it]
27it [01:57,  2.88s/it]
28it [01:57,  2.11s/it]
29it [02:02,  2.99s/it]
30it [02:04,  2.62s/it]
31it [02:04,  1.96s/it]
32it [02:04,  1.46s/it]
33it [02:05,  1.36s/it]
33it [02:06,  3.82s/it]
Compute metrics for 2072 samples
final/VideoMetricType.FVD : 200.456085
{'final/VideoMetricType.FVD': 200.45608520507812}
Number of frames in the videos: 16
Real data options:
{'class_name': 'tools.utils.dataset.VideoFramesFolderDataset', 'path': '/scratch/s224075134/temporal_diffusion/datasets/video/ucf101/images', 'cfg': {'max_num_frames': 10000}, 'load_n_consecutive': 16, 'subsample_factor': 3, 'discard_short_videos': True, 'xflip': False, 'resolution': 256, 'use_labels': False}
Fake data options:
{'class_name': 'tools.utils.dataset.VideoDataset', 'path': 'generation/ucf101_img256/000-FusedMatLatteIMG-XL-128-512-2-concat-F16S3-ucf101_img256-ImageNetPretrained-Compile-Amp-loadpixel/ddpm_250/0670000', 'cfg': {'max_num_frames': 10000}, 'load_n_consecutive': 16, 'load_n_consecutive_random_offset': False, 'subsample_factor': 1, 'xflip': False, 'resolution': 256, 'use_labels': False}
3
self._path generation/ucf101_img256/000-FusedMatLatteIMG-XL-128-512-2-concat-F16S3-ucf101_img256-ImageNetPretrained-Compile-Amp-loadpixel/ddpm_250/0670000
num_items: 2072
len(real_dataset): 13298
/scratch/s224075134/miniconda/envs/latte/lib/python3.12/site-packages/torch/utils/data/dataloader.py:617: UserWarning: This DataLoader will create 4 worker processes in total. Our suggested max number of worker in current system is 2, which is smaller than what this DataLoader is going to create. Please be aware that excessive worker creation might get DataLoader running slow or even freeze, lower the worker number to avoid potential slowness/freeze if necessary.
  warnings.warn(
len(fake_loader): 33
len(real_loader): 33

0it [00:00, ?it/s]
1it [00:27, 27.00s/it]
2it [00:27, 11.35s/it]
3it [00:29,  7.24s/it]
4it [00:31,  5.26s/it]
5it [00:39,  6.04s/it]
6it [00:40,  4.34s/it]
7it [00:42,  3.69s/it]
8it [00:45,  3.25s/it]
9it [00:54,  5.32s/it]
10it [00:56,  4.07s/it]
11it [00:59,  3.78s/it]
12it [01:01,  3.21s/it]
13it [01:10,  5.07s/it]
14it [01:11,  3.94s/it]
15it [01:15,  3.82s/it]
16it [01:17,  3.38s/it]
17it [01:26,  4.92s/it]
18it [01:27,  3.79s/it]
19it [01:30,  3.55s/it]
20it [01:32,  3.23s/it]
21it [01:42,  5.00s/it]
22it [01:43,  4.00s/it]
23it [01:46,  3.72s/it]
24it [01:48,  3.20s/it]
25it [01:57,  4.86s/it]
26it [01:58,  3.63s/it]
27it [01:59,  2.78s/it]
28it [01:59,  2.10s/it]
29it [02:05,  3.35s/it]
30it [02:06,  2.48s/it]
31it [02:07,  2.03s/it]
32it [02:07,  1.51s/it]
33it [02:09,  1.47s/it]
33it [02:09,  3.91s/it]
Compute metrics for 2072 samples
final/VideoMetricType.FVD : 198.405563
{'final/VideoMetricType.FVD': 198.4055633544922}
Number of frames in the videos: 16
Real data options:
{'class_name': 'tools.utils.dataset.VideoFramesFolderDataset', 'path': '/scratch/s224075134/temporal_diffusion/datasets/video/ucf101/images', 'cfg': {'max_num_frames': 10000}, 'load_n_consecutive': 16, 'subsample_factor': 3, 'discard_short_videos': True, 'xflip': False, 'resolution': 256, 'use_labels': False}
Fake data options:
{'class_name': 'tools.utils.dataset.VideoDataset', 'path': 'generation/ucf101_img256/000-FusedMatLatteIMG-XL-128-512-2-concat-F16S3-ucf101_img256-ImageNetPretrained-Compile-Amp-loadpixel/ddpm_250/0670000', 'cfg': {'max_num_frames': 10000}, 'load_n_consecutive': 16, 'load_n_consecutive_random_offset': False, 'subsample_factor': 1, 'xflip': False, 'resolution': 256, 'use_labels': False}
3
self._path generation/ucf101_img256/000-FusedMatLatteIMG-XL-128-512-2-concat-F16S3-ucf101_img256-ImageNetPretrained-Compile-Amp-loadpixel/ddpm_250/0670000
num_items: 2072
len(real_dataset): 13298
/scratch/s224075134/miniconda/envs/latte/lib/python3.12/site-packages/torch/utils/data/dataloader.py:617: UserWarning: This DataLoader will create 4 worker processes in total. Our suggested max number of worker in current system is 2, which is smaller than what this DataLoader is going to create. Please be aware that excessive worker creation might get DataLoader running slow or even freeze, lower the worker number to avoid potential slowness/freeze if necessary.
  warnings.warn(
len(fake_loader): 33
len(real_loader): 33

0it [00:00, ?it/s]
1it [00:28, 28.99s/it]
2it [00:29, 12.31s/it]
3it [00:32,  7.79s/it]
4it [00:34,  5.60s/it]
5it [00:40,  5.74s/it]
6it [00:41,  4.27s/it]
7it [00:44,  3.92s/it]
8it [00:46,  3.34s/it]
9it [00:55,  4.96s/it]
10it [00:57,  3.98s/it]
11it [01:00,  3.80s/it]
12it [01:02,  3.30s/it]
13it [01:11,  4.97s/it]
14it [01:12,  3.87s/it]
15it [01:16,  3.62s/it]
16it [01:17,  3.10s/it]
17it [01:27,  5.02s/it]
18it [01:28,  3.93s/it]
19it [01:32,  3.87s/it]
20it [01:34,  3.22s/it]
21it [01:42,  4.71s/it]
22it [01:45,  4.09s/it]
23it [01:47,  3.66s/it]
24it [01:49,  3.16s/it]
25it [01:57,  4.70s/it]
26it [01:59,  3.78s/it]
27it [02:00,  2.78s/it]
28it [02:00,  2.04s/it]
29it [02:06,  3.30s/it]
30it [02:07,  2.56s/it]
31it [02:07,  1.92s/it]
32it [02:08,  1.43s/it]
33it [02:09,  1.34s/it]
33it [02:09,  3.92s/it]
Compute metrics for 2072 samples
final/VideoMetricType.FVD : 199.155777
{'final/VideoMetricType.FVD': 199.15577697753906}
Number of frames in the videos: 16
Real data options:
{'class_name': 'tools.utils.dataset.VideoFramesFolderDataset', 'path': '/scratch/s224075134/temporal_diffusion/datasets/video/ucf101/images', 'cfg': {'max_num_frames': 10000}, 'load_n_consecutive': 16, 'subsample_factor': 3, 'discard_short_videos': True, 'xflip': False, 'resolution': 256, 'use_labels': False}
Fake data options:
{'class_name': 'tools.utils.dataset.VideoDataset', 'path': 'generation/ucf101_img256/000-FusedMatLatteIMG-XL-128-512-2-concat-F16S3-ucf101_img256-ImageNetPretrained-Compile-Amp-loadpixel/ddpm_250/0670000', 'cfg': {'max_num_frames': 10000}, 'load_n_consecutive': 16, 'load_n_consecutive_random_offset': False, 'subsample_factor': 1, 'xflip': False, 'resolution': 256, 'use_labels': False}
3
self._path generation/ucf101_img256/000-FusedMatLatteIMG-XL-128-512-2-concat-F16S3-ucf101_img256-ImageNetPretrained-Compile-Amp-loadpixel/ddpm_250/0670000
num_items: 2072
len(real_dataset): 13298
/scratch/s224075134/miniconda/envs/latte/lib/python3.12/site-packages/torch/utils/data/dataloader.py:617: UserWarning: This DataLoader will create 4 worker processes in total. Our suggested max number of worker in current system is 2, which is smaller than what this DataLoader is going to create. Please be aware that excessive worker creation might get DataLoader running slow or even freeze, lower the worker number to avoid potential slowness/freeze if necessary.
  warnings.warn(
len(fake_loader): 33
len(real_loader): 33

0it [00:00, ?it/s]
1it [00:26, 26.59s/it]
2it [00:27, 11.35s/it]
3it [00:28,  6.94s/it]
4it [00:30,  4.91s/it]
5it [00:39,  6.30s/it]
6it [00:40,  4.55s/it]
7it [00:42,  3.77s/it]
8it [00:45,  3.29s/it]
9it [00:55,  5.43s/it]
10it [00:56,  4.17s/it]
11it [01:00,  3.98s/it]
12it [01:01,  3.28s/it]
13it [01:10,  4.88s/it]
14it [01:11,  3.80s/it]
15it [01:15,  3.82s/it]
16it [01:17,  3.15s/it]
17it [01:26,  4.89s/it]
18it [01:27,  3.76s/it]
19it [01:31,  4.00s/it]
20it [01:33,  3.32s/it]
21it [01:41,  4.58s/it]
22it [01:42,  3.62s/it]
23it [01:47,  3.95s/it]
24it [01:48,  3.03s/it]
25it [01:56,  4.57s/it]
26it [01:56,  3.43s/it]
27it [02:00,  3.34s/it]
28it [02:00,  2.49s/it]
29it [02:05,  3.14s/it]
30it [02:05,  2.43s/it]
31it [02:07,  2.29s/it]
32it [02:08,  1.69s/it]
33it [02:09,  1.52s/it]
33it [02:09,  3.92s/it]
Compute metrics for 2072 samples
final/VideoMetricType.FVD : 191.155197
{'final/VideoMetricType.FVD': 191.1551971435547}
Number of frames in the videos: 16
Real data options:
{'class_name': 'tools.utils.dataset.VideoFramesFolderDataset', 'path': '/scratch/s224075134/temporal_diffusion/datasets/video/ucf101/images', 'cfg': {'max_num_frames': 10000}, 'load_n_consecutive': 16, 'subsample_factor': 3, 'discard_short_videos': True, 'xflip': False, 'resolution': 256, 'use_labels': False}
Fake data options:
{'class_name': 'tools.utils.dataset.VideoDataset', 'path': 'generation/ucf101_img256/000-FusedMatLatteIMG-XL-128-512-2-concat-F16S3-ucf101_img256-ImageNetPretrained-Compile-Amp-loadpixel/ddpm_250/0670000', 'cfg': {'max_num_frames': 10000}, 'load_n_consecutive': 16, 'load_n_consecutive_random_offset': False, 'subsample_factor': 1, 'xflip': False, 'resolution': 256, 'use_labels': False}
3
self._path generation/ucf101_img256/000-FusedMatLatteIMG-XL-128-512-2-concat-F16S3-ucf101_img256-ImageNetPretrained-Compile-Amp-loadpixel/ddpm_250/0670000
num_items: 2072
len(real_dataset): 13298
/scratch/s224075134/miniconda/envs/latte/lib/python3.12/site-packages/torch/utils/data/dataloader.py:617: UserWarning: This DataLoader will create 4 worker processes in total. Our suggested max number of worker in current system is 2, which is smaller than what this DataLoader is going to create. Please be aware that excessive worker creation might get DataLoader running slow or even freeze, lower the worker number to avoid potential slowness/freeze if necessary.
  warnings.warn(
len(fake_loader): 33
len(real_loader): 33

0it [00:00, ?it/s]
1it [00:26, 26.62s/it]
2it [00:27, 11.41s/it]
3it [00:29,  7.10s/it]
4it [00:31,  5.08s/it]
5it [00:38,  5.72s/it]
6it [00:39,  4.35s/it]
7it [00:43,  4.00s/it]
8it [00:45,  3.48s/it]
9it [00:54,  5.08s/it]
10it [00:56,  4.19s/it]
11it [00:58,  3.69s/it]
12it [01:00,  3.18s/it]
13it [01:09,  4.90s/it]
14it [01:11,  3.97s/it]
15it [01:14,  3.68s/it]
16it [01:16,  3.18s/it]
17it [01:25,  4.95s/it]
18it [01:26,  3.73s/it]
19it [01:31,  4.09s/it]
20it [01:32,  3.29s/it]
21it [01:40,  4.72s/it]
22it [01:42,  3.89s/it]
23it [01:46,  3.93s/it]
24it [01:47,  3.07s/it]
25it [01:57,  5.02s/it]
26it [01:58,  3.76s/it]
27it [01:58,  2.77s/it]
28it [01:59,  2.03s/it]
29it [02:06,  3.58s/it]
30it [02:06,  2.66s/it]
31it [02:07,  1.99s/it]
32it [02:07,  1.48s/it]
33it [02:09,  1.49s/it]
33it [02:09,  3.92s/it]
Compute metrics for 2072 samples
final/VideoMetricType.FVD : 190.258545
{'final/VideoMetricType.FVD': 190.258544921875}
Number of frames in the videos: 16
Real data options:
{'class_name': 'tools.utils.dataset.VideoFramesFolderDataset', 'path': '/scratch/s224075134/temporal_diffusion/datasets/video/ucf101/images', 'cfg': {'max_num_frames': 10000}, 'load_n_consecutive': 16, 'subsample_factor': 3, 'discard_short_videos': True, 'xflip': False, 'resolution': 256, 'use_labels': False}
Fake data options:
{'class_name': 'tools.utils.dataset.VideoDataset', 'path': 'generation/ucf101_img256/000-FusedMatLatteIMG-XL-128-512-2-concat-F16S3-ucf101_img256-ImageNetPretrained-Compile-Amp-loadpixel/ddpm_250/0670000', 'cfg': {'max_num_frames': 10000}, 'load_n_consecutive': 16, 'load_n_consecutive_random_offset': False, 'subsample_factor': 1, 'xflip': False, 'resolution': 256, 'use_labels': False}
3
self._path generation/ucf101_img256/000-FusedMatLatteIMG-XL-128-512-2-concat-F16S3-ucf101_img256-ImageNetPretrained-Compile-Amp-loadpixel/ddpm_250/0670000
num_items: 2072
len(real_dataset): 13298
/scratch/s224075134/miniconda/envs/latte/lib/python3.12/site-packages/torch/utils/data/dataloader.py:617: UserWarning: This DataLoader will create 4 worker processes in total. Our suggested max number of worker in current system is 2, which is smaller than what this DataLoader is going to create. Please be aware that excessive worker creation might get DataLoader running slow or even freeze, lower the worker number to avoid potential slowness/freeze if necessary.
  warnings.warn(
len(fake_loader): 33
len(real_loader): 33

0it [00:00, ?it/s]
1it [00:28, 28.04s/it]
2it [00:28, 12.05s/it]
3it [00:31,  7.75s/it]
4it [00:33,  5.60s/it]
5it [00:39,  5.77s/it]
6it [00:41,  4.20s/it]
7it [00:44,  3.79s/it]
8it [00:46,  3.29s/it]
9it [00:55,  5.22s/it]
10it [00:56,  3.97s/it]
11it [00:59,  3.57s/it]
12it [01:02,  3.32s/it]
13it [01:11,  5.12s/it]
14it [01:12,  3.97s/it]
15it [01:16,  3.73s/it]
16it [01:18,  3.26s/it]
17it [01:27,  4.98s/it]
18it [01:28,  3.75s/it]
19it [01:30,  3.45s/it]
20it [01:33,  3.11s/it]
21it [01:42,  5.03s/it]
22it [01:43,  3.81s/it]
23it [01:45,  3.26s/it]
24it [01:48,  3.09s/it]
25it [01:58,  5.27s/it]
26it [01:59,  3.92s/it]
27it [02:00,  2.95s/it]
28it [02:00,  2.22s/it]
29it [02:06,  3.36s/it]
30it [02:06,  2.45s/it]
31it [02:07,  1.84s/it]
32it [02:07,  1.37s/it]
33it [02:09,  1.38s/it]
33it [02:09,  3.91s/it]
Compute metrics for 2072 samples
final/VideoMetricType.FVD : 195.093842
{'final/VideoMetricType.FVD': 195.09384155273438}
Number of frames in the videos: 16
Real data options:
{'class_name': 'tools.utils.dataset.VideoFramesFolderDataset', 'path': '/scratch/s224075134/temporal_diffusion/datasets/video/ucf101/images', 'cfg': {'max_num_frames': 10000}, 'load_n_consecutive': 16, 'subsample_factor': 3, 'discard_short_videos': True, 'xflip': False, 'resolution': 256, 'use_labels': False}
Fake data options:
{'class_name': 'tools.utils.dataset.VideoDataset', 'path': 'generation/ucf101_img256/000-FusedMatLatteIMG-XL-128-512-2-concat-F16S3-ucf101_img256-ImageNetPretrained-Compile-Amp-loadpixel/ddpm_250/0670000', 'cfg': {'max_num_frames': 10000}, 'load_n_consecutive': 16, 'load_n_consecutive_random_offset': False, 'subsample_factor': 1, 'xflip': False, 'resolution': 256, 'use_labels': False}
3
self._path generation/ucf101_img256/000-FusedMatLatteIMG-XL-128-512-2-concat-F16S3-ucf101_img256-ImageNetPretrained-Compile-Amp-loadpixel/ddpm_250/0670000
num_items: 2072
len(real_dataset): 13298
/scratch/s224075134/miniconda/envs/latte/lib/python3.12/site-packages/torch/utils/data/dataloader.py:617: UserWarning: This DataLoader will create 4 worker processes in total. Our suggested max number of worker in current system is 2, which is smaller than what this DataLoader is going to create. Please be aware that excessive worker creation might get DataLoader running slow or even freeze, lower the worker number to avoid potential slowness/freeze if necessary.
  warnings.warn(
len(fake_loader): 33
len(real_loader): 33

0it [00:00, ?it/s]
1it [00:27, 27.14s/it]
2it [00:27, 11.63s/it]
3it [00:30,  7.53s/it]
4it [00:32,  5.40s/it]
5it [00:39,  5.79s/it]
6it [00:40,  4.23s/it]
7it [00:44,  4.05s/it]
8it [00:45,  3.26s/it]
9it [00:54,  5.03s/it]
10it [00:55,  3.88s/it]
11it [00:59,  3.88s/it]
12it [01:00,  3.01s/it]
13it [01:10,  4.97s/it]
14it [01:12,  4.01s/it]
15it [01:15,  3.86s/it]
16it [01:17,  3.16s/it]
17it [01:25,  4.62s/it]
18it [01:27,  4.00s/it]
19it [01:30,  3.78s/it]
20it [01:32,  3.22s/it]
21it [01:40,  4.70s/it]
22it [01:43,  4.15s/it]
23it [01:46,  3.80s/it]
24it [01:49,  3.34s/it]
25it [01:56,  4.69s/it]
26it [01:58,  3.85s/it]
27it [01:59,  2.91s/it]
28it [02:00,  2.21s/it]
29it [02:05,  3.15s/it]
30it [02:07,  2.79s/it]
31it [02:07,  2.08s/it]
32it [02:08,  1.62s/it]
33it [02:09,  1.47s/it]
33it [02:09,  3.93s/it]
Compute metrics for 2072 samples
final/VideoMetricType.FVD : 180.929321
{'final/VideoMetricType.FVD': 180.9293212890625}
Number of frames in the videos: 16
Real data options:
{'class_name': 'tools.utils.dataset.VideoFramesFolderDataset', 'path': '/scratch/s224075134/temporal_diffusion/datasets/video/ucf101/images', 'cfg': {'max_num_frames': 10000}, 'load_n_consecutive': 16, 'subsample_factor': 3, 'discard_short_videos': True, 'xflip': False, 'resolution': 256, 'use_labels': False}
Fake data options:
{'class_name': 'tools.utils.dataset.VideoDataset', 'path': 'generation/ucf101_img256/000-FusedMatLatteIMG-XL-128-512-2-concat-F16S3-ucf101_img256-ImageNetPretrained-Compile-Amp-loadpixel/ddpm_250/0670000', 'cfg': {'max_num_frames': 10000}, 'load_n_consecutive': 16, 'load_n_consecutive_random_offset': False, 'subsample_factor': 1, 'xflip': False, 'resolution': 256, 'use_labels': False}
3
self._path generation/ucf101_img256/000-FusedMatLatteIMG-XL-128-512-2-concat-F16S3-ucf101_img256-ImageNetPretrained-Compile-Amp-loadpixel/ddpm_250/0670000
num_items: 2072
len(real_dataset): 13298
/scratch/s224075134/miniconda/envs/latte/lib/python3.12/site-packages/torch/utils/data/dataloader.py:617: UserWarning: This DataLoader will create 4 worker processes in total. Our suggested max number of worker in current system is 2, which is smaller than what this DataLoader is going to create. Please be aware that excessive worker creation might get DataLoader running slow or even freeze, lower the worker number to avoid potential slowness/freeze if necessary.
  warnings.warn(
len(fake_loader): 33
len(real_loader): 33

0it [00:00, ?it/s]
1it [00:27, 27.80s/it]
2it [00:28, 11.82s/it]
3it [00:29,  7.05s/it]
4it [00:31,  4.92s/it]
5it [00:39,  6.08s/it]
6it [00:40,  4.47s/it]
7it [00:43,  3.96s/it]
8it [00:46,  3.39s/it]
9it [00:55,  5.16s/it]
10it [00:56,  3.95s/it]
11it [00:59,  3.58s/it]
12it [01:01,  3.39s/it]
13it [01:09,  4.75s/it]
14it [01:12,  4.18s/it]
15it [01:15,  3.77s/it]
16it [01:17,  3.16s/it]
17it [01:25,  4.66s/it]
18it [01:28,  4.13s/it]
19it [01:31,  3.69s/it]
20it [01:32,  3.15s/it]
21it [01:41,  4.66s/it]
22it [01:44,  4.21s/it]
23it [01:46,  3.63s/it]
24it [01:48,  3.03s/it]
25it [01:57,  4.80s/it]
26it [01:58,  3.75s/it]
27it [01:58,  2.77s/it]
28it [01:59,  2.21s/it]
29it [02:05,  3.39s/it]
30it [02:06,  2.69s/it]
31it [02:07,  2.01s/it]
32it [02:07,  1.54s/it]
33it [02:09,  1.49s/it]
33it [02:09,  3.92s/it]
Compute metrics for 2072 samples
final/VideoMetricType.FVD : 193.261536
{'final/VideoMetricType.FVD': 193.26153564453125}
Number of frames in the videos: 16
Real data options:
{'class_name': 'tools.utils.dataset.VideoFramesFolderDataset', 'path': '/scratch/s224075134/temporal_diffusion/datasets/video/ucf101/images', 'cfg': {'max_num_frames': 10000}, 'load_n_consecutive': 16, 'subsample_factor': 3, 'discard_short_videos': True, 'xflip': False, 'resolution': 256, 'use_labels': False}
Fake data options:
{'class_name': 'tools.utils.dataset.VideoDataset', 'path': 'generation/ucf101_img256/000-FusedMatLatteIMG-XL-128-512-2-concat-F16S3-ucf101_img256-ImageNetPretrained-Compile-Amp-loadpixel/ddpm_250/0670000', 'cfg': {'max_num_frames': 10000}, 'load_n_consecutive': 16, 'load_n_consecutive_random_offset': False, 'subsample_factor': 1, 'xflip': False, 'resolution': 256, 'use_labels': False}
3
self._path generation/ucf101_img256/000-FusedMatLatteIMG-XL-128-512-2-concat-F16S3-ucf101_img256-ImageNetPretrained-Compile-Amp-loadpixel/ddpm_250/0670000
num_items: 2072
len(real_dataset): 13298
/scratch/s224075134/miniconda/envs/latte/lib/python3.12/site-packages/torch/utils/data/dataloader.py:617: UserWarning: This DataLoader will create 4 worker processes in total. Our suggested max number of worker in current system is 2, which is smaller than what this DataLoader is going to create. Please be aware that excessive worker creation might get DataLoader running slow or even freeze, lower the worker number to avoid potential slowness/freeze if necessary.
  warnings.warn(
len(fake_loader): 33
len(real_loader): 33

0it [00:00, ?it/s]
1it [00:27, 28.00s/it]
2it [00:28, 11.94s/it]
3it [00:30,  7.45s/it]
4it [00:32,  5.32s/it]
5it [00:39,  5.95s/it]
6it [00:41,  4.40s/it]
7it [00:44,  3.93s/it]
8it [00:46,  3.34s/it]
9it [00:55,  5.18s/it]
10it [00:56,  3.92s/it]
11it [00:59,  3.63s/it]
12it [01:01,  3.15s/it]
13it [01:11,  5.11s/it]
14it [01:12,  3.89s/it]
15it [01:16,  3.81s/it]
16it [01:18,  3.29s/it]
17it [01:26,  4.87s/it]
18it [01:28,  3.86s/it]
19it [01:31,  3.64s/it]
20it [01:33,  3.13s/it]
21it [01:42,  5.06s/it]
22it [01:44,  4.10s/it]
23it [01:47,  3.78s/it]
24it [01:49,  3.10s/it]
25it [01:58,  5.09s/it]
26it [01:59,  3.78s/it]
27it [02:00,  2.81s/it]
28it [02:00,  2.06s/it]
29it [02:07,  3.42s/it]
30it [02:07,  2.48s/it]
31it [02:07,  1.86s/it]
32it [02:08,  1.40s/it]
33it [02:09,  1.40s/it]
33it [02:09,  3.93s/it]
Compute metrics for 2072 samples
final/VideoMetricType.FVD : 186.682999
{'final/VideoMetricType.FVD': 186.68299865722656}
Number of frames in the videos: 16
Real data options:
{'class_name': 'tools.utils.dataset.VideoFramesFolderDataset', 'path': '/scratch/s224075134/temporal_diffusion/datasets/video/ucf101/images', 'cfg': {'max_num_frames': 10000}, 'load_n_consecutive': 16, 'subsample_factor': 3, 'discard_short_videos': True, 'xflip': False, 'resolution': 256, 'use_labels': False}
Fake data options:
{'class_name': 'tools.utils.dataset.VideoDataset', 'path': 'generation/ucf101_img256/000-FusedMatLatteIMG-XL-128-512-2-concat-F16S3-ucf101_img256-ImageNetPretrained-Compile-Amp-loadpixel/ddpm_250/0670000', 'cfg': {'max_num_frames': 10000}, 'load_n_consecutive': 16, 'load_n_consecutive_random_offset': False, 'subsample_factor': 1, 'xflip': False, 'resolution': 256, 'use_labels': False}
3
self._path generation/ucf101_img256/000-FusedMatLatteIMG-XL-128-512-2-concat-F16S3-ucf101_img256-ImageNetPretrained-Compile-Amp-loadpixel/ddpm_250/0670000
num_items: 2072
len(real_dataset): 13298
/scratch/s224075134/miniconda/envs/latte/lib/python3.12/site-packages/torch/utils/data/dataloader.py:617: UserWarning: This DataLoader will create 4 worker processes in total. Our suggested max number of worker in current system is 2, which is smaller than what this DataLoader is going to create. Please be aware that excessive worker creation might get DataLoader running slow or even freeze, lower the worker number to avoid potential slowness/freeze if necessary.
  warnings.warn(
len(fake_loader): 33
len(real_loader): 33

0it [00:00, ?it/s]
1it [00:26, 26.34s/it]
2it [00:27, 11.52s/it]
3it [00:29,  7.16s/it]
4it [00:31,  5.10s/it]
5it [00:38,  5.92s/it]
6it [00:41,  4.71s/it]
7it [00:44,  4.16s/it]
8it [00:46,  3.49s/it]
9it [00:54,  4.96s/it]
10it [00:57,  4.29s/it]
11it [00:59,  3.76s/it]
12it [01:01,  3.22s/it]
13it [01:09,  4.74s/it]
14it [01:13,  4.27s/it]
15it [01:15,  3.59s/it]
16it [01:16,  2.95s/it]
17it [01:25,  4.75s/it]
18it [01:29,  4.48s/it]
19it [01:31,  3.90s/it]
20it [01:34,  3.34s/it]
21it [01:40,  4.42s/it]
22it [01:45,  4.34s/it]
23it [01:46,  3.45s/it]
24it [01:48,  3.16s/it]
25it [01:56,  4.44s/it]
26it [02:00,  4.20s/it]
27it [02:00,  3.23s/it]
28it [02:01,  2.41s/it]
29it [02:05,  2.80s/it]
30it [02:08,  2.84s/it]
31it [02:08,  2.11s/it]
32it [02:08,  1.56s/it]
33it [02:09,  1.43s/it]
33it [02:10,  3.94s/it]
Compute metrics for 2072 samples
final/VideoMetricType.FVD : 188.969620
{'final/VideoMetricType.FVD': 188.96961975097656}
Number of frames in the videos: 16
Real data options:
{'class_name': 'tools.utils.dataset.VideoFramesFolderDataset', 'path': '/scratch/s224075134/temporal_diffusion/datasets/video/ucf101/images', 'cfg': {'max_num_frames': 10000}, 'load_n_consecutive': 16, 'subsample_factor': 3, 'discard_short_videos': True, 'xflip': False, 'resolution': 256, 'use_labels': False}
Fake data options:
{'class_name': 'tools.utils.dataset.VideoDataset', 'path': 'generation/ucf101_img256/000-FusedMatLatteIMG-XL-128-512-2-concat-F16S3-ucf101_img256-ImageNetPretrained-Compile-Amp-loadpixel/ddpm_250/0670000', 'cfg': {'max_num_frames': 10000}, 'load_n_consecutive': 16, 'load_n_consecutive_random_offset': False, 'subsample_factor': 1, 'xflip': False, 'resolution': 256, 'use_labels': False}
3
self._path generation/ucf101_img256/000-FusedMatLatteIMG-XL-128-512-2-concat-F16S3-ucf101_img256-ImageNetPretrained-Compile-Amp-loadpixel/ddpm_250/0670000
num_items: 2072
len(real_dataset): 13298
/scratch/s224075134/miniconda/envs/latte/lib/python3.12/site-packages/torch/utils/data/dataloader.py:617: UserWarning: This DataLoader will create 4 worker processes in total. Our suggested max number of worker in current system is 2, which is smaller than what this DataLoader is going to create. Please be aware that excessive worker creation might get DataLoader running slow or even freeze, lower the worker number to avoid potential slowness/freeze if necessary.
  warnings.warn(
len(fake_loader): 33
len(real_loader): 33

0it [00:00, ?it/s]
1it [00:27, 27.42s/it]
2it [00:27, 11.58s/it]
3it [00:29,  6.96s/it]
4it [00:30,  4.84s/it]
5it [00:39,  6.00s/it]
6it [00:40,  4.40s/it]
7it [00:42,  3.78s/it]
8it [00:45,  3.36s/it]
9it [00:54,  5.14s/it]
10it [00:55,  3.97s/it]
11it [00:58,  3.69s/it]
12it [01:01,  3.29s/it]
13it [01:09,  4.69s/it]
14it [01:09,  3.51s/it]
15it [01:12,  3.22s/it]
16it [01:14,  2.99s/it]
17it [01:24,  5.11s/it]
18it [01:26,  4.06s/it]
19it [01:29,  3.75s/it]
20it [01:31,  3.20s/it]
21it [01:40,  4.90s/it]
22it [01:41,  3.80s/it]
23it [01:45,  3.75s/it]
24it [01:46,  3.14s/it]
25it [01:55,  4.77s/it]
26it [01:56,  3.58s/it]
27it [01:56,  2.67s/it]
28it [01:57,  1.97s/it]
29it [02:03,  3.31s/it]
30it [02:03,  2.42s/it]
31it [02:04,  1.84s/it]
32it [02:04,  1.39s/it]
33it [02:06,  1.46s/it]
33it [02:06,  3.83s/it]
Compute metrics for 2072 samples
final/VideoMetricType.FVD : 183.104080
{'final/VideoMetricType.FVD': 183.1040802001953}
Number of frames in the videos: 16
Real data options:
{'class_name': 'tools.utils.dataset.VideoFramesFolderDataset', 'path': '/scratch/s224075134/temporal_diffusion/datasets/video/ucf101/images', 'cfg': {'max_num_frames': 10000}, 'load_n_consecutive': 16, 'subsample_factor': 3, 'discard_short_videos': True, 'xflip': False, 'resolution': 256, 'use_labels': False}
Fake data options:
{'class_name': 'tools.utils.dataset.VideoDataset', 'path': 'generation/ucf101_img256/000-FusedMatLatteIMG-XL-128-512-2-concat-F16S3-ucf101_img256-ImageNetPretrained-Compile-Amp-loadpixel/ddpm_250/0670000', 'cfg': {'max_num_frames': 10000}, 'load_n_consecutive': 16, 'load_n_consecutive_random_offset': False, 'subsample_factor': 1, 'xflip': False, 'resolution': 256, 'use_labels': False}
3
self._path generation/ucf101_img256/000-FusedMatLatteIMG-XL-128-512-2-concat-F16S3-ucf101_img256-ImageNetPretrained-Compile-Amp-loadpixel/ddpm_250/0670000
num_items: 2072
len(real_dataset): 13298
/scratch/s224075134/miniconda/envs/latte/lib/python3.12/site-packages/torch/utils/data/dataloader.py:617: UserWarning: This DataLoader will create 4 worker processes in total. Our suggested max number of worker in current system is 2, which is smaller than what this DataLoader is going to create. Please be aware that excessive worker creation might get DataLoader running slow or even freeze, lower the worker number to avoid potential slowness/freeze if necessary.
  warnings.warn(
len(fake_loader): 33
len(real_loader): 33

0it [00:00, ?it/s]
1it [00:27, 27.68s/it]
2it [00:28, 11.81s/it]
3it [00:30,  7.37s/it]
4it [00:32,  5.37s/it]
5it [00:39,  5.88s/it]
6it [00:41,  4.44s/it]
7it [00:44,  4.14s/it]
8it [00:46,  3.46s/it]
9it [00:54,  4.90s/it]
10it [00:57,  4.22s/it]
11it [01:00,  3.96s/it]
12it [01:02,  3.15s/it]
13it [01:10,  4.67s/it]
14it [01:13,  4.21s/it]
15it [01:15,  3.58s/it]
16it [01:17,  3.11s/it]
17it [01:26,  4.73s/it]
18it [01:28,  4.17s/it]
19it [01:31,  3.73s/it]
20it [01:33,  3.28s/it]
21it [01:42,  4.75s/it]
22it [01:43,  3.88s/it]
23it [01:46,  3.49s/it]
24it [01:48,  3.08s/it]
25it [01:57,  4.86s/it]
26it [01:59,  3.90s/it]
27it [01:59,  2.86s/it]
28it [02:00,  2.15s/it]
29it [02:06,  3.37s/it]
30it [02:07,  2.67s/it]
31it [02:07,  2.00s/it]
32it [02:08,  1.49s/it]
33it [02:09,  1.44s/it]
33it [02:09,  3.93s/it]
Compute metrics for 2072 samples
final/VideoMetricType.FVD : 191.522659
{'final/VideoMetricType.FVD': 191.5226593017578}
Number of frames in the videos: 16
Real data options:
{'class_name': 'tools.utils.dataset.VideoFramesFolderDataset', 'path': '/scratch/s224075134/temporal_diffusion/datasets/video/ucf101/images', 'cfg': {'max_num_frames': 10000}, 'load_n_consecutive': 16, 'subsample_factor': 3, 'discard_short_videos': True, 'xflip': False, 'resolution': 256, 'use_labels': False}
Fake data options:
{'class_name': 'tools.utils.dataset.VideoDataset', 'path': 'generation/ucf101_img256/000-FusedMatLatteIMG-XL-128-512-2-concat-F16S3-ucf101_img256-ImageNetPretrained-Compile-Amp-loadpixel/ddpm_250/0670000', 'cfg': {'max_num_frames': 10000}, 'load_n_consecutive': 16, 'load_n_consecutive_random_offset': False, 'subsample_factor': 1, 'xflip': False, 'resolution': 256, 'use_labels': False}
3
self._path generation/ucf101_img256/000-FusedMatLatteIMG-XL-128-512-2-concat-F16S3-ucf101_img256-ImageNetPretrained-Compile-Amp-loadpixel/ddpm_250/0670000
num_items: 2072
len(real_dataset): 13298
/scratch/s224075134/miniconda/envs/latte/lib/python3.12/site-packages/torch/utils/data/dataloader.py:617: UserWarning: This DataLoader will create 4 worker processes in total. Our suggested max number of worker in current system is 2, which is smaller than what this DataLoader is going to create. Please be aware that excessive worker creation might get DataLoader running slow or even freeze, lower the worker number to avoid potential slowness/freeze if necessary.
  warnings.warn(
len(fake_loader): 33
len(real_loader): 33

0it [00:00, ?it/s]
1it [00:28, 28.29s/it]
2it [00:29, 12.11s/it]
3it [00:31,  7.66s/it]
4it [00:33,  5.35s/it]
5it [00:38,  5.42s/it]
6it [00:40,  4.11s/it]
7it [00:43,  3.77s/it]
8it [00:45,  3.35s/it]
9it [00:53,  4.81s/it]
10it [00:55,  3.86s/it]
11it [00:58,  3.49s/it]
12it [01:00,  2.98s/it]
13it [01:08,  4.72s/it]
14it [01:10,  3.85s/it]
15it [01:13,  3.63s/it]
16it [01:15,  3.08s/it]
17it [01:24,  4.77s/it]
18it [01:26,  4.02s/it]
19it [01:29,  3.64s/it]
20it [01:30,  3.05s/it]
21it [01:39,  4.71s/it]
22it [01:41,  4.02s/it]
23it [01:44,  3.69s/it]
24it [01:47,  3.22s/it]
25it [01:54,  4.53s/it]
26it [01:56,  3.65s/it]
27it [01:56,  2.69s/it]
28it [01:56,  1.98s/it]
29it [02:03,  3.27s/it]
30it [02:03,  2.49s/it]
31it [02:04,  1.87s/it]
32it [02:04,  1.39s/it]
33it [02:05,  1.33s/it]
33it [02:05,  3.82s/it]
Compute metrics for 2072 samples
final/VideoMetricType.FVD : 188.038818
{'final/VideoMetricType.FVD': 188.038818359375}
Number of frames in the videos: 16
Real data options:
{'class_name': 'tools.utils.dataset.VideoFramesFolderDataset', 'path': '/scratch/s224075134/temporal_diffusion/datasets/video/ucf101/images', 'cfg': {'max_num_frames': 10000}, 'load_n_consecutive': 16, 'subsample_factor': 3, 'discard_short_videos': True, 'xflip': False, 'resolution': 256, 'use_labels': False}
Fake data options:
{'class_name': 'tools.utils.dataset.VideoDataset', 'path': 'generation/ucf101_img256/000-FusedMatLatteIMG-XL-128-512-2-concat-F16S3-ucf101_img256-ImageNetPretrained-Compile-Amp-loadpixel/ddpm_250/0670000', 'cfg': {'max_num_frames': 10000}, 'load_n_consecutive': 16, 'load_n_consecutive_random_offset': False, 'subsample_factor': 1, 'xflip': False, 'resolution': 256, 'use_labels': False}
3
self._path generation/ucf101_img256/000-FusedMatLatteIMG-XL-128-512-2-concat-F16S3-ucf101_img256-ImageNetPretrained-Compile-Amp-loadpixel/ddpm_250/0670000
num_items: 2072
len(real_dataset): 13298
/scratch/s224075134/miniconda/envs/latte/lib/python3.12/site-packages/torch/utils/data/dataloader.py:617: UserWarning: This DataLoader will create 4 worker processes in total. Our suggested max number of worker in current system is 2, which is smaller than what this DataLoader is going to create. Please be aware that excessive worker creation might get DataLoader running slow or even freeze, lower the worker number to avoid potential slowness/freeze if necessary.
  warnings.warn(
len(fake_loader): 33
len(real_loader): 33

0it [00:00, ?it/s]
1it [00:26, 26.62s/it]
2it [00:27, 11.45s/it]
3it [00:28,  6.79s/it]
4it [00:30,  4.70s/it]
5it [00:39,  6.48s/it]
6it [00:40,  4.66s/it]
7it [00:43,  3.99s/it]
8it [00:46,  3.51s/it]
9it [00:55,  5.48s/it]
10it [00:56,  4.12s/it]
11it [00:59,  3.54s/it]
12it [01:01,  3.22s/it]
13it [01:11,  5.28s/it]
14it [01:13,  4.23s/it]
15it [01:16,  3.98s/it]
16it [01:19,  3.45s/it]
17it [01:26,  4.75s/it]
18it [01:28,  3.74s/it]
19it [01:31,  3.61s/it]
20it [01:33,  3.16s/it]
21it [01:42,  4.88s/it]
22it [01:43,  3.72s/it]
23it [01:47,  3.66s/it]
24it [01:48,  3.10s/it]
25it [01:58,  5.07s/it]
26it [01:59,  3.71s/it]
27it [01:59,  2.81s/it]
28it [02:00,  2.07s/it]
29it [02:07,  3.52s/it]
30it [02:07,  2.56s/it]
31it [02:07,  1.92s/it]
32it [02:08,  1.47s/it]
33it [02:09,  1.55s/it]
33it [02:10,  3.94s/it]
Compute metrics for 2072 samples
final/VideoMetricType.FVD : 203.622696
{'final/VideoMetricType.FVD': 203.62269592285156}
Number of frames in the videos: 16
Real data options:
{'class_name': 'tools.utils.dataset.VideoFramesFolderDataset', 'path': '/scratch/s224075134/temporal_diffusion/datasets/video/ucf101/images', 'cfg': {'max_num_frames': 10000}, 'load_n_consecutive': 16, 'subsample_factor': 3, 'discard_short_videos': True, 'xflip': False, 'resolution': 256, 'use_labels': False}
Fake data options:
{'class_name': 'tools.utils.dataset.VideoDataset', 'path': 'generation/ucf101_img256/000-FusedMatLatteIMG-XL-128-512-2-concat-F16S3-ucf101_img256-ImageNetPretrained-Compile-Amp-loadpixel/ddpm_250/0670000', 'cfg': {'max_num_frames': 10000}, 'load_n_consecutive': 16, 'load_n_consecutive_random_offset': False, 'subsample_factor': 1, 'xflip': False, 'resolution': 256, 'use_labels': False}
3
self._path generation/ucf101_img256/000-FusedMatLatteIMG-XL-128-512-2-concat-F16S3-ucf101_img256-ImageNetPretrained-Compile-Amp-loadpixel/ddpm_250/0670000
num_items: 2072
len(real_dataset): 13298
/scratch/s224075134/miniconda/envs/latte/lib/python3.12/site-packages/torch/utils/data/dataloader.py:617: UserWarning: This DataLoader will create 4 worker processes in total. Our suggested max number of worker in current system is 2, which is smaller than what this DataLoader is going to create. Please be aware that excessive worker creation might get DataLoader running slow or even freeze, lower the worker number to avoid potential slowness/freeze if necessary.
  warnings.warn(
len(fake_loader): 33
len(real_loader): 33

0it [00:00, ?it/s]
1it [00:27, 27.85s/it]
2it [00:28, 11.80s/it]
3it [00:30,  7.42s/it]
4it [00:32,  5.23s/it]
5it [00:38,  5.55s/it]
6it [00:40,  4.42s/it]
7it [00:43,  3.88s/it]
8it [00:45,  3.40s/it]
9it [00:54,  5.12s/it]
10it [00:56,  4.04s/it]
11it [00:59,  3.70s/it]
12it [01:01,  3.15s/it]
13it [01:10,  4.86s/it]
14it [01:12,  4.03s/it]
15it [01:15,  3.74s/it]
16it [01:17,  3.24s/it]
17it [01:25,  4.83s/it]
18it [01:27,  3.95s/it]
19it [01:30,  3.58s/it]
20it [01:32,  3.14s/it]
21it [01:41,  4.96s/it]
22it [01:43,  3.94s/it]
23it [01:47,  3.86s/it]
24it [01:48,  3.22s/it]
25it [01:57,  4.78s/it]
26it [01:57,  3.47s/it]
27it [01:58,  2.81s/it]
28it [01:59,  2.16s/it]
29it [02:06,  3.60s/it]
30it [02:06,  2.62s/it]
31it [02:07,  2.01s/it]
32it [02:07,  1.51s/it]
33it [02:09,  1.57s/it]
33it [02:09,  3.93s/it]
Compute metrics for 2072 samples
final/VideoMetricType.FVD : 190.362839
{'final/VideoMetricType.FVD': 190.3628387451172}
Number of frames in the videos: 16
Real data options:
{'class_name': 'tools.utils.dataset.VideoFramesFolderDataset', 'path': '/scratch/s224075134/temporal_diffusion/datasets/video/ucf101/images', 'cfg': {'max_num_frames': 10000}, 'load_n_consecutive': 16, 'subsample_factor': 3, 'discard_short_videos': True, 'xflip': False, 'resolution': 256, 'use_labels': False}
Fake data options:
{'class_name': 'tools.utils.dataset.VideoDataset', 'path': 'generation/ucf101_img256/000-FusedMatLatteIMG-XL-128-512-2-concat-F16S3-ucf101_img256-ImageNetPretrained-Compile-Amp-loadpixel/ddpm_250/0670000', 'cfg': {'max_num_frames': 10000}, 'load_n_consecutive': 16, 'load_n_consecutive_random_offset': False, 'subsample_factor': 1, 'xflip': False, 'resolution': 256, 'use_labels': False}
3
self._path generation/ucf101_img256/000-FusedMatLatteIMG-XL-128-512-2-concat-F16S3-ucf101_img256-ImageNetPretrained-Compile-Amp-loadpixel/ddpm_250/0670000
num_items: 2072
len(real_dataset): 13298
/scratch/s224075134/miniconda/envs/latte/lib/python3.12/site-packages/torch/utils/data/dataloader.py:617: UserWarning: This DataLoader will create 4 worker processes in total. Our suggested max number of worker in current system is 2, which is smaller than what this DataLoader is going to create. Please be aware that excessive worker creation might get DataLoader running slow or even freeze, lower the worker number to avoid potential slowness/freeze if necessary.
  warnings.warn(
len(fake_loader): 33
len(real_loader): 33

0it [00:00, ?it/s]
1it [00:27, 27.53s/it]
2it [00:28, 11.77s/it]
3it [00:30,  7.32s/it]
4it [00:32,  5.15s/it]
5it [00:39,  6.08s/it]
6it [00:40,  4.31s/it]
7it [00:43,  3.66s/it]
8it [00:45,  3.33s/it]
9it [00:55,  5.25s/it]
10it [00:56,  4.15s/it]
11it [01:00,  3.94s/it]
12it [01:01,  3.17s/it]
13it [01:10,  4.82s/it]
14it [01:11,  3.82s/it]
15it [01:15,  3.88s/it]
16it [01:17,  3.25s/it]
17it [01:26,  4.86s/it]
18it [01:27,  3.67s/it]
19it [01:31,  4.01s/it]
20it [01:33,  3.36s/it]
21it [01:41,  4.79s/it]
22it [01:43,  3.74s/it]
23it [01:47,  3.83s/it]
24it [01:48,  2.92s/it]
25it [01:57,  4.94s/it]
26it [01:58,  3.67s/it]
27it [01:59,  2.99s/it]
28it [02:00,  2.19s/it]
29it [02:05,  3.29s/it]
30it [02:06,  2.40s/it]
31it [02:07,  1.95s/it]
32it [02:07,  1.46s/it]
33it [02:08,  1.38s/it]
33it [02:08,  3.90s/it]
Compute metrics for 2072 samples
final/VideoMetricType.FVD : 194.806229
{'final/VideoMetricType.FVD': 194.8062286376953}
Number of frames in the videos: 16
Real data options:
{'class_name': 'tools.utils.dataset.VideoFramesFolderDataset', 'path': '/scratch/s224075134/temporal_diffusion/datasets/video/ucf101/images', 'cfg': {'max_num_frames': 10000}, 'load_n_consecutive': 16, 'subsample_factor': 3, 'discard_short_videos': True, 'xflip': False, 'resolution': 256, 'use_labels': False}
Fake data options:
{'class_name': 'tools.utils.dataset.VideoDataset', 'path': 'generation/ucf101_img256/000-FusedMatLatteIMG-XL-128-512-2-concat-F16S3-ucf101_img256-ImageNetPretrained-Compile-Amp-loadpixel/ddpm_250/0670000', 'cfg': {'max_num_frames': 10000}, 'load_n_consecutive': 16, 'load_n_consecutive_random_offset': False, 'subsample_factor': 1, 'xflip': False, 'resolution': 256, 'use_labels': False}
3
self._path generation/ucf101_img256/000-FusedMatLatteIMG-XL-128-512-2-concat-F16S3-ucf101_img256-ImageNetPretrained-Compile-Amp-loadpixel/ddpm_250/0670000
num_items: 2072
len(real_dataset): 13298
/scratch/s224075134/miniconda/envs/latte/lib/python3.12/site-packages/torch/utils/data/dataloader.py:617: UserWarning: This DataLoader will create 4 worker processes in total. Our suggested max number of worker in current system is 2, which is smaller than what this DataLoader is going to create. Please be aware that excessive worker creation might get DataLoader running slow or even freeze, lower the worker number to avoid potential slowness/freeze if necessary.
  warnings.warn(
len(fake_loader): 33
len(real_loader): 33

0it [00:00, ?it/s]
1it [00:27, 27.70s/it]
2it [00:28, 11.80s/it]
3it [00:30,  7.26s/it]
4it [00:32,  5.33s/it]
5it [00:39,  5.96s/it]
6it [00:41,  4.43s/it]
7it [00:44,  4.13s/it]
8it [00:46,  3.48s/it]
9it [00:55,  5.08s/it]
10it [00:56,  3.95s/it]
11it [00:59,  3.66s/it]
12it [01:02,  3.28s/it]
13it [01:10,  4.95s/it]
14it [01:12,  3.87s/it]
15it [01:15,  3.71s/it]
16it [01:17,  3.17s/it]
17it [01:26,  4.95s/it]
18it [01:27,  3.74s/it]
19it [01:29,  3.33s/it]
20it [01:32,  3.23s/it]
21it [01:41,  4.95s/it]
22it [01:43,  3.79s/it]
23it [01:46,  3.81s/it]
24it [01:48,  3.24s/it]
25it [01:57,  5.00s/it]
26it [01:58,  3.74s/it]
27it [01:59,  2.84s/it]
28it [01:59,  2.13s/it]
29it [02:06,  3.42s/it]
30it [02:06,  2.49s/it]
31it [02:07,  1.87s/it]
32it [02:07,  1.42s/it]
33it [02:09,  1.53s/it]
33it [02:09,  3.92s/it]
Compute metrics for 2072 samples
final/VideoMetricType.FVD : 191.444885
{'final/VideoMetricType.FVD': 191.44488525390625}
Number of frames in the videos: 16
Real data options:
{'class_name': 'tools.utils.dataset.VideoFramesFolderDataset', 'path': '/scratch/s224075134/temporal_diffusion/datasets/video/ucf101/images', 'cfg': {'max_num_frames': 10000}, 'load_n_consecutive': 16, 'subsample_factor': 3, 'discard_short_videos': True, 'xflip': False, 'resolution': 256, 'use_labels': False}
Fake data options:
{'class_name': 'tools.utils.dataset.VideoDataset', 'path': 'generation/ucf101_img256/000-FusedMatLatteIMG-XL-128-512-2-concat-F16S3-ucf101_img256-ImageNetPretrained-Compile-Amp-loadpixel/ddpm_250/0670000', 'cfg': {'max_num_frames': 10000}, 'load_n_consecutive': 16, 'load_n_consecutive_random_offset': False, 'subsample_factor': 1, 'xflip': False, 'resolution': 256, 'use_labels': False}
3
self._path generation/ucf101_img256/000-FusedMatLatteIMG-XL-128-512-2-concat-F16S3-ucf101_img256-ImageNetPretrained-Compile-Amp-loadpixel/ddpm_250/0670000
num_items: 2072
len(real_dataset): 13298
/scratch/s224075134/miniconda/envs/latte/lib/python3.12/site-packages/torch/utils/data/dataloader.py:617: UserWarning: This DataLoader will create 4 worker processes in total. Our suggested max number of worker in current system is 2, which is smaller than what this DataLoader is going to create. Please be aware that excessive worker creation might get DataLoader running slow or even freeze, lower the worker number to avoid potential slowness/freeze if necessary.
  warnings.warn(
len(fake_loader): 33
len(real_loader): 33

0it [00:00, ?it/s]
1it [00:26, 26.46s/it]
2it [00:27, 11.24s/it]
3it [00:28,  6.66s/it]
4it [00:29,  4.62s/it]
5it [00:38,  6.12s/it]
6it [00:40,  4.72s/it]
7it [00:43,  4.18s/it]
8it [00:45,  3.48s/it]
9it [00:54,  5.13s/it]
10it [00:56,  4.11s/it]
11it [00:58,  3.72s/it]
12it [01:01,  3.27s/it]
13it [01:09,  4.92s/it]
14it [01:11,  4.04s/it]
15it [01:14,  3.63s/it]
16it [01:16,  3.17s/it]
17it [01:25,  4.83s/it]
18it [01:27,  3.99s/it]
19it [01:29,  3.51s/it]
20it [01:32,  3.19s/it]
21it [01:41,  4.88s/it]
22it [01:43,  4.19s/it]
23it [01:46,  3.83s/it]
24it [01:48,  3.30s/it]
25it [01:56,  4.69s/it]
26it [01:58,  3.91s/it]
27it [01:59,  2.86s/it]
28it [01:59,  2.10s/it]
29it [02:06,  3.47s/it]
30it [02:07,  2.85s/it]
31it [02:07,  2.12s/it]
32it [02:08,  1.57s/it]
33it [02:09,  1.44s/it]
33it [02:09,  3.93s/it]
Compute metrics for 2072 samples
final/VideoMetricType.FVD : 190.052628
{'final/VideoMetricType.FVD': 190.05262756347656}
Number of frames in the videos: 16
Real data options:
{'class_name': 'tools.utils.dataset.VideoFramesFolderDataset', 'path': '/scratch/s224075134/temporal_diffusion/datasets/video/ucf101/images', 'cfg': {'max_num_frames': 10000}, 'load_n_consecutive': 16, 'subsample_factor': 3, 'discard_short_videos': True, 'xflip': False, 'resolution': 256, 'use_labels': False}
Fake data options:
{'class_name': 'tools.utils.dataset.VideoDataset', 'path': 'generation/ucf101_img256/000-FusedMatLatteIMG-XL-128-512-2-concat-F16S3-ucf101_img256-ImageNetPretrained-Compile-Amp-loadpixel/ddpm_250/0670000', 'cfg': {'max_num_frames': 10000}, 'load_n_consecutive': 16, 'load_n_consecutive_random_offset': False, 'subsample_factor': 1, 'xflip': False, 'resolution': 256, 'use_labels': False}
3
self._path generation/ucf101_img256/000-FusedMatLatteIMG-XL-128-512-2-concat-F16S3-ucf101_img256-ImageNetPretrained-Compile-Amp-loadpixel/ddpm_250/0670000
num_items: 2072
len(real_dataset): 13298
/scratch/s224075134/miniconda/envs/latte/lib/python3.12/site-packages/torch/utils/data/dataloader.py:617: UserWarning: This DataLoader will create 4 worker processes in total. Our suggested max number of worker in current system is 2, which is smaller than what this DataLoader is going to create. Please be aware that excessive worker creation might get DataLoader running slow or even freeze, lower the worker number to avoid potential slowness/freeze if necessary.
  warnings.warn(
len(fake_loader): 33
len(real_loader): 33

0it [00:00, ?it/s]
1it [00:27, 27.56s/it]
2it [00:28, 11.78s/it]
3it [00:30,  7.19s/it]
4it [00:31,  5.04s/it]
5it [00:38,  5.63s/it]
6it [00:40,  4.26s/it]
7it [00:44,  4.26s/it]
8it [00:46,  3.50s/it]
9it [00:54,  5.08s/it]
10it [00:56,  3.95s/it]
11it [00:59,  3.85s/it]
12it [01:01,  3.32s/it]
13it [01:10,  5.04s/it]
14it [01:12,  3.93s/it]
15it [01:15,  3.60s/it]
16it [01:17,  3.18s/it]
17it [01:26,  5.10s/it]
18it [01:28,  3.95s/it]
19it [01:31,  3.66s/it]
20it [01:33,  3.24s/it]
21it [01:42,  4.90s/it]
22it [01:42,  3.62s/it]
23it [01:44,  3.11s/it]
24it [01:45,  2.54s/it]
25it [02:00,  6.05s/it]
26it [02:00,  4.43s/it]
27it [02:01,  3.36s/it]
28it [02:01,  2.45s/it]
29it [02:08,  3.68s/it]
30it [02:08,  2.67s/it]
31it [02:09,  2.09s/it]
32it [02:09,  1.55s/it]
33it [02:11,  1.58s/it]
33it [02:11,  3.99s/it]
Compute metrics for 2072 samples
final/VideoMetricType.FVD : 194.548126
{'final/VideoMetricType.FVD': 194.54812622070312}
Number of frames in the videos: 16
Real data options:
{'class_name': 'tools.utils.dataset.VideoFramesFolderDataset', 'path': '/scratch/s224075134/temporal_diffusion/datasets/video/ucf101/images', 'cfg': {'max_num_frames': 10000}, 'load_n_consecutive': 16, 'subsample_factor': 3, 'discard_short_videos': True, 'xflip': False, 'resolution': 256, 'use_labels': False}
Fake data options:
{'class_name': 'tools.utils.dataset.VideoDataset', 'path': 'generation/ucf101_img256/000-FusedMatLatteIMG-XL-128-512-2-concat-F16S3-ucf101_img256-ImageNetPretrained-Compile-Amp-loadpixel/ddpm_250/0670000', 'cfg': {'max_num_frames': 10000}, 'load_n_consecutive': 16, 'load_n_consecutive_random_offset': False, 'subsample_factor': 1, 'xflip': False, 'resolution': 256, 'use_labels': False}
3
self._path generation/ucf101_img256/000-FusedMatLatteIMG-XL-128-512-2-concat-F16S3-ucf101_img256-ImageNetPretrained-Compile-Amp-loadpixel/ddpm_250/0670000
num_items: 2072
len(real_dataset): 13298
/scratch/s224075134/miniconda/envs/latte/lib/python3.12/site-packages/torch/utils/data/dataloader.py:617: UserWarning: This DataLoader will create 4 worker processes in total. Our suggested max number of worker in current system is 2, which is smaller than what this DataLoader is going to create. Please be aware that excessive worker creation might get DataLoader running slow or even freeze, lower the worker number to avoid potential slowness/freeze if necessary.
  warnings.warn(
len(fake_loader): 33
len(real_loader): 33

0it [00:00, ?it/s]
1it [00:28, 28.24s/it]
2it [00:29, 12.11s/it]
3it [00:31,  7.78s/it]
4it [00:33,  5.47s/it]
5it [00:38,  5.37s/it]
6it [00:41,  4.29s/it]
7it [00:44,  3.93s/it]
8it [00:46,  3.34s/it]
9it [00:54,  4.80s/it]
10it [00:57,  4.35s/it]
11it [01:00,  3.84s/it]
12it [01:02,  3.27s/it]
13it [01:09,  4.50s/it]
14it [01:13,  4.37s/it]
15it [01:15,  3.68s/it]
16it [01:17,  3.02s/it]
17it [01:25,  4.59s/it]
18it [01:29,  4.30s/it]
19it [01:31,  3.66s/it]
20it [01:33,  3.23s/it]
21it [01:41,  4.65s/it]
22it [01:45,  4.41s/it]
23it [01:47,  3.84s/it]
24it [01:49,  3.25s/it]
25it [01:57,  4.63s/it]
26it [01:59,  3.76s/it]
27it [01:59,  2.76s/it]
28it [02:00,  2.03s/it]
29it [02:06,  3.39s/it]
30it [02:08,  2.81s/it]
31it [02:08,  2.09s/it]
32it [02:08,  1.55s/it]
33it [02:09,  1.42s/it]
33it [02:10,  3.94s/it]
Compute metrics for 2072 samples
final/VideoMetricType.FVD : 199.002914
{'final/VideoMetricType.FVD': 199.00291442871094}
Number of frames in the videos: 16
Real data options:
{'class_name': 'tools.utils.dataset.VideoFramesFolderDataset', 'path': '/scratch/s224075134/temporal_diffusion/datasets/video/ucf101/images', 'cfg': {'max_num_frames': 10000}, 'load_n_consecutive': 16, 'subsample_factor': 3, 'discard_short_videos': True, 'xflip': False, 'resolution': 256, 'use_labels': False}
Fake data options:
{'class_name': 'tools.utils.dataset.VideoDataset', 'path': 'generation/ucf101_img256/000-FusedMatLatteIMG-XL-128-512-2-concat-F16S3-ucf101_img256-ImageNetPretrained-Compile-Amp-loadpixel/ddpm_250/0670000', 'cfg': {'max_num_frames': 10000}, 'load_n_consecutive': 16, 'load_n_consecutive_random_offset': False, 'subsample_factor': 1, 'xflip': False, 'resolution': 256, 'use_labels': False}
3
self._path generation/ucf101_img256/000-FusedMatLatteIMG-XL-128-512-2-concat-F16S3-ucf101_img256-ImageNetPretrained-Compile-Amp-loadpixel/ddpm_250/0670000
num_items: 2072
len(real_dataset): 13298
/scratch/s224075134/miniconda/envs/latte/lib/python3.12/site-packages/torch/utils/data/dataloader.py:617: UserWarning: This DataLoader will create 4 worker processes in total. Our suggested max number of worker in current system is 2, which is smaller than what this DataLoader is going to create. Please be aware that excessive worker creation might get DataLoader running slow or even freeze, lower the worker number to avoid potential slowness/freeze if necessary.
  warnings.warn(
len(fake_loader): 33
len(real_loader): 33

0it [00:00, ?it/s]
1it [00:27, 27.55s/it]
2it [00:28, 11.83s/it]
3it [00:30,  7.57s/it]
4it [00:33,  5.53s/it]
5it [00:39,  5.67s/it]
6it [00:41,  4.49s/it]
7it [00:44,  4.08s/it]
8it [00:46,  3.34s/it]
9it [00:54,  4.82s/it]
10it [00:57,  4.38s/it]
11it [00:59,  3.62s/it]
12it [01:01,  3.10s/it]
13it [01:09,  4.65s/it]
14it [01:14,  4.62s/it]
15it [01:16,  3.94s/it]
16it [01:18,  3.29s/it]
17it [01:25,  4.25s/it]
18it [01:29,  4.42s/it]
19it [01:31,  3.73s/it]
20it [01:33,  3.17s/it]
21it [01:40,  4.25s/it]
22it [01:45,  4.41s/it]
23it [01:47,  3.76s/it]
24it [01:49,  3.17s/it]
25it [01:55,  4.09s/it]
26it [01:59,  4.00s/it]
27it [02:00,  2.99s/it]
28it [02:00,  2.19s/it]
29it [02:04,  2.76s/it]
30it [02:07,  2.97s/it]
31it [02:08,  2.20s/it]
32it [02:08,  1.63s/it]
33it [02:09,  1.48s/it]
33it [02:09,  3.94s/it]
Compute metrics for 2072 samples
final/VideoMetricType.FVD : 200.637436
{'final/VideoMetricType.FVD': 200.63743591308594}
Number of frames in the videos: 16
Real data options:
{'class_name': 'tools.utils.dataset.VideoFramesFolderDataset', 'path': '/scratch/s224075134/temporal_diffusion/datasets/video/ucf101/images', 'cfg': {'max_num_frames': 10000}, 'load_n_consecutive': 16, 'subsample_factor': 3, 'discard_short_videos': True, 'xflip': False, 'resolution': 256, 'use_labels': False}
Fake data options:
{'class_name': 'tools.utils.dataset.VideoDataset', 'path': 'generation/ucf101_img256/000-FusedMatLatteIMG-XL-128-512-2-concat-F16S3-ucf101_img256-ImageNetPretrained-Compile-Amp-loadpixel/ddpm_250/0670000', 'cfg': {'max_num_frames': 10000}, 'load_n_consecutive': 16, 'load_n_consecutive_random_offset': False, 'subsample_factor': 1, 'xflip': False, 'resolution': 256, 'use_labels': False}
3
self._path generation/ucf101_img256/000-FusedMatLatteIMG-XL-128-512-2-concat-F16S3-ucf101_img256-ImageNetPretrained-Compile-Amp-loadpixel/ddpm_250/0670000
num_items: 2072
len(real_dataset): 13298
/scratch/s224075134/miniconda/envs/latte/lib/python3.12/site-packages/torch/utils/data/dataloader.py:617: UserWarning: This DataLoader will create 4 worker processes in total. Our suggested max number of worker in current system is 2, which is smaller than what this DataLoader is going to create. Please be aware that excessive worker creation might get DataLoader running slow or even freeze, lower the worker number to avoid potential slowness/freeze if necessary.
  warnings.warn(
len(fake_loader): 33
len(real_loader): 33

0it [00:00, ?it/s]
1it [00:26, 26.29s/it]
2it [00:26, 11.12s/it]
3it [00:28,  6.69s/it]
4it [00:30,  4.80s/it]
5it [00:36,  5.49s/it]
6it [00:39,  4.44s/it]
7it [00:42,  4.04s/it]
8it [00:44,  3.50s/it]
9it [00:51,  4.49s/it]
10it [00:55,  4.22s/it]
11it [00:57,  3.71s/it]
12it [00:59,  3.15s/it]
13it [01:06,  4.45s/it]
14it [01:09,  3.97s/it]
15it [01:11,  3.36s/it]
16it [01:14,  3.12s/it]
17it [01:21,  4.48s/it]
18it [01:25,  4.12s/it]
19it [01:28,  3.81s/it]
20it [01:30,  3.24s/it]
21it [01:37,  4.32s/it]
22it [01:40,  4.04s/it]
23it [01:42,  3.46s/it]
24it [01:44,  3.03s/it]
25it [01:52,  4.44s/it]
26it [01:54,  3.75s/it]
27it [01:54,  2.75s/it]
28it [01:55,  2.04s/it]
29it [02:01,  3.15s/it]
30it [02:02,  2.70s/it]
31it [02:03,  2.02s/it]
32it [02:03,  1.51s/it]
33it [02:04,  1.39s/it]
33it [02:04,  3.78s/it]
Compute metrics for 2072 samples
final/VideoMetricType.FVD : 192.681610
{'final/VideoMetricType.FVD': 192.68161010742188}
Number of frames in the videos: 16
Real data options:
{'class_name': 'tools.utils.dataset.VideoFramesFolderDataset', 'path': '/scratch/s224075134/temporal_diffusion/datasets/video/ucf101/images', 'cfg': {'max_num_frames': 10000}, 'load_n_consecutive': 16, 'subsample_factor': 3, 'discard_short_videos': True, 'xflip': False, 'resolution': 256, 'use_labels': False}
Fake data options:
{'class_name': 'tools.utils.dataset.VideoDataset', 'path': 'generation/ucf101_img256/000-FusedMatLatteIMG-XL-128-512-2-concat-F16S3-ucf101_img256-ImageNetPretrained-Compile-Amp-loadpixel/ddpm_250/0670000', 'cfg': {'max_num_frames': 10000}, 'load_n_consecutive': 16, 'load_n_consecutive_random_offset': False, 'subsample_factor': 1, 'xflip': False, 'resolution': 256, 'use_labels': False}
3
self._path generation/ucf101_img256/000-FusedMatLatteIMG-XL-128-512-2-concat-F16S3-ucf101_img256-ImageNetPretrained-Compile-Amp-loadpixel/ddpm_250/0670000
num_items: 2072
len(real_dataset): 13298
/scratch/s224075134/miniconda/envs/latte/lib/python3.12/site-packages/torch/utils/data/dataloader.py:617: UserWarning: This DataLoader will create 4 worker processes in total. Our suggested max number of worker in current system is 2, which is smaller than what this DataLoader is going to create. Please be aware that excessive worker creation might get DataLoader running slow or even freeze, lower the worker number to avoid potential slowness/freeze if necessary.
  warnings.warn(
len(fake_loader): 33
len(real_loader): 33

0it [00:00, ?it/s]
1it [00:26, 26.35s/it]
2it [00:27, 11.33s/it]
3it [00:29,  7.03s/it]
4it [00:30,  4.98s/it]
5it [00:37,  5.74s/it]
6it [00:39,  4.24s/it]
7it [00:42,  3.85s/it]
8it [00:44,  3.30s/it]
9it [00:52,  4.91s/it]
10it [00:53,  3.70s/it]
11it [00:56,  3.43s/it]
12it [00:59,  3.20s/it]
13it [01:07,  4.63s/it]
14it [01:08,  3.70s/it]
15it [01:13,  3.90s/it]
16it [01:14,  3.11s/it]
17it [01:23,  4.85s/it]
18it [01:25,  3.86s/it]
19it [01:28,  3.61s/it]
20it [01:30,  3.20s/it]
21it [01:38,  4.67s/it]
22it [01:39,  3.56s/it]
23it [01:43,  3.62s/it]
24it [01:44,  2.90s/it]
25it [01:53,  4.84s/it]
26it [01:54,  3.59s/it]
27it [01:55,  2.77s/it]
28it [01:55,  2.04s/it]
29it [02:01,  3.34s/it]
30it [02:02,  2.44s/it]
31it [02:03,  2.04s/it]
32it [02:03,  1.52s/it]
33it [02:04,  1.42s/it]
33it [02:05,  3.79s/it]
Compute metrics for 2072 samples
final/VideoMetricType.FVD : 196.152924
{'final/VideoMetricType.FVD': 196.15292358398438}
Number of frames in the videos: 16
Real data options:
{'class_name': 'tools.utils.dataset.VideoFramesFolderDataset', 'path': '/scratch/s224075134/temporal_diffusion/datasets/video/ucf101/images', 'cfg': {'max_num_frames': 10000}, 'load_n_consecutive': 16, 'subsample_factor': 3, 'discard_short_videos': True, 'xflip': False, 'resolution': 256, 'use_labels': False}
Fake data options:
{'class_name': 'tools.utils.dataset.VideoDataset', 'path': 'generation/ucf101_img256/000-FusedMatLatteIMG-XL-128-512-2-concat-F16S3-ucf101_img256-ImageNetPretrained-Compile-Amp-loadpixel/ddpm_250/0670000', 'cfg': {'max_num_frames': 10000}, 'load_n_consecutive': 16, 'load_n_consecutive_random_offset': False, 'subsample_factor': 1, 'xflip': False, 'resolution': 256, 'use_labels': False}
3
self._path generation/ucf101_img256/000-FusedMatLatteIMG-XL-128-512-2-concat-F16S3-ucf101_img256-ImageNetPretrained-Compile-Amp-loadpixel/ddpm_250/0670000
num_items: 2072
len(real_dataset): 13298
/scratch/s224075134/miniconda/envs/latte/lib/python3.12/site-packages/torch/utils/data/dataloader.py:617: UserWarning: This DataLoader will create 4 worker processes in total. Our suggested max number of worker in current system is 2, which is smaller than what this DataLoader is going to create. Please be aware that excessive worker creation might get DataLoader running slow or even freeze, lower the worker number to avoid potential slowness/freeze if necessary.
  warnings.warn(
len(fake_loader): 33
len(real_loader): 33

0it [00:00, ?it/s]
1it [00:26, 26.74s/it]
2it [00:27, 11.46s/it]
3it [00:29,  7.21s/it]
4it [00:31,  5.01s/it]
5it [00:39,  6.17s/it]
6it [00:40,  4.54s/it]
7it [00:43,  4.00s/it]
8it [00:45,  3.41s/it]
9it [00:55,  5.30s/it]
10it [00:57,  4.18s/it]
11it [01:00,  3.85s/it]
12it [01:02,  3.25s/it]
13it [01:10,  4.88s/it]
14it [01:12,  4.06s/it]
15it [01:15,  3.64s/it]
16it [01:17,  3.17s/it]
17it [01:26,  5.00s/it]
18it [01:28,  3.98s/it]
19it [01:31,  3.74s/it]
20it [01:33,  3.26s/it]
21it [01:42,  5.00s/it]
22it [01:44,  3.97s/it]
23it [01:47,  3.56s/it]
24it [01:49,  3.18s/it]
25it [01:58,  5.04s/it]
26it [01:59,  3.90s/it]
27it [02:00,  2.94s/it]
28it [02:01,  2.21s/it]
29it [02:06,  3.25s/it]
30it [02:07,  2.43s/it]
31it [02:07,  1.82s/it]
32it [02:08,  1.37s/it]
33it [02:09,  1.37s/it]
33it [02:09,  3.93s/it]
Compute metrics for 2072 samples
final/VideoMetricType.FVD : 186.123856
{'final/VideoMetricType.FVD': 186.1238555908203}
Number of frames in the videos: 16
Real data options:
{'class_name': 'tools.utils.dataset.VideoFramesFolderDataset', 'path': '/scratch/s224075134/temporal_diffusion/datasets/video/ucf101/images', 'cfg': {'max_num_frames': 10000}, 'load_n_consecutive': 16, 'subsample_factor': 3, 'discard_short_videos': True, 'xflip': False, 'resolution': 256, 'use_labels': False}
Fake data options:
{'class_name': 'tools.utils.dataset.VideoDataset', 'path': 'generation/ucf101_img256/000-FusedMatLatteIMG-XL-128-512-2-concat-F16S3-ucf101_img256-ImageNetPretrained-Compile-Amp-loadpixel/ddpm_250/0670000', 'cfg': {'max_num_frames': 10000}, 'load_n_consecutive': 16, 'load_n_consecutive_random_offset': False, 'subsample_factor': 1, 'xflip': False, 'resolution': 256, 'use_labels': False}
3
self._path generation/ucf101_img256/000-FusedMatLatteIMG-XL-128-512-2-concat-F16S3-ucf101_img256-ImageNetPretrained-Compile-Amp-loadpixel/ddpm_250/0670000
num_items: 2072
len(real_dataset): 13298
/scratch/s224075134/miniconda/envs/latte/lib/python3.12/site-packages/torch/utils/data/dataloader.py:617: UserWarning: This DataLoader will create 4 worker processes in total. Our suggested max number of worker in current system is 2, which is smaller than what this DataLoader is going to create. Please be aware that excessive worker creation might get DataLoader running slow or even freeze, lower the worker number to avoid potential slowness/freeze if necessary.
  warnings.warn(
len(fake_loader): 33
len(real_loader): 33

0it [00:00, ?it/s]
1it [00:26, 26.99s/it]
2it [00:27, 11.49s/it]
3it [00:29,  6.90s/it]
4it [00:30,  4.93s/it]
5it [00:39,  6.29s/it]
6it [00:40,  4.54s/it]
7it [00:43,  3.98s/it]
8it [00:45,  3.36s/it]
9it [00:55,  5.42s/it]
10it [00:56,  4.13s/it]
11it [00:59,  3.69s/it]
12it [01:01,  3.24s/it]
13it [01:12,  5.36s/it]
14it [01:13,  4.21s/it]
15it [01:16,  3.77s/it]
16it [01:18,  3.32s/it]
17it [01:27,  5.02s/it]
18it [01:28,  3.91s/it]
19it [01:32,  3.71s/it]
20it [01:34,  3.18s/it]
21it [01:43,  4.96s/it]
22it [01:44,  3.87s/it]
23it [01:48,  3.77s/it]
24it [01:50,  3.29s/it]
25it [01:58,  4.87s/it]
26it [01:59,  3.69s/it]
27it [02:00,  2.80s/it]
28it [02:00,  2.06s/it]
29it [02:07,  3.31s/it]
30it [02:07,  2.41s/it]
31it [02:07,  1.81s/it]
32it [02:08,  1.36s/it]
33it [02:09,  1.36s/it]
33it [02:09,  3.93s/it]
Compute metrics for 2072 samples
final/VideoMetricType.FVD : 190.145325
{'final/VideoMetricType.FVD': 190.14532470703125}
Number of frames in the videos: 16
Real data options:
{'class_name': 'tools.utils.dataset.VideoFramesFolderDataset', 'path': '/scratch/s224075134/temporal_diffusion/datasets/video/ucf101/images', 'cfg': {'max_num_frames': 10000}, 'load_n_consecutive': 16, 'subsample_factor': 3, 'discard_short_videos': True, 'xflip': False, 'resolution': 256, 'use_labels': False}
Fake data options:
{'class_name': 'tools.utils.dataset.VideoDataset', 'path': 'generation/ucf101_img256/000-FusedMatLatteIMG-XL-128-512-2-concat-F16S3-ucf101_img256-ImageNetPretrained-Compile-Amp-loadpixel/ddpm_250/0670000', 'cfg': {'max_num_frames': 10000}, 'load_n_consecutive': 16, 'load_n_consecutive_random_offset': False, 'subsample_factor': 1, 'xflip': False, 'resolution': 256, 'use_labels': False}
3
self._path generation/ucf101_img256/000-FusedMatLatteIMG-XL-128-512-2-concat-F16S3-ucf101_img256-ImageNetPretrained-Compile-Amp-loadpixel/ddpm_250/0670000
num_items: 2072
len(real_dataset): 13298
/scratch/s224075134/miniconda/envs/latte/lib/python3.12/site-packages/torch/utils/data/dataloader.py:617: UserWarning: This DataLoader will create 4 worker processes in total. Our suggested max number of worker in current system is 2, which is smaller than what this DataLoader is going to create. Please be aware that excessive worker creation might get DataLoader running slow or even freeze, lower the worker number to avoid potential slowness/freeze if necessary.
  warnings.warn(
len(fake_loader): 33
len(real_loader): 33

0it [00:00, ?it/s]
1it [00:28, 28.12s/it]
2it [00:28, 11.96s/it]
3it [00:30,  7.44s/it]
4it [00:32,  5.31s/it]
5it [00:39,  5.70s/it]
6it [00:40,  4.19s/it]
7it [00:44,  4.10s/it]
8it [00:46,  3.43s/it]
9it [00:54,  4.87s/it]
10it [00:55,  3.80s/it]
11it [00:58,  3.53s/it]
12it [01:01,  3.14s/it]
13it [01:10,  4.96s/it]
14it [01:12,  4.04s/it]
15it [01:15,  3.74s/it]
16it [01:16,  3.11s/it]
17it [01:26,  5.00s/it]
18it [01:27,  3.85s/it]
19it [01:30,  3.55s/it]
20it [01:32,  3.28s/it]
21it [01:41,  4.99s/it]
22it [01:43,  3.93s/it]
23it [01:46,  3.61s/it]
24it [01:48,  3.10s/it]
25it [01:57,  4.99s/it]
26it [01:58,  3.70s/it]
27it [01:59,  2.87s/it]
28it [01:59,  2.16s/it]
29it [02:06,  3.50s/it]
30it [02:06,  2.55s/it]
31it [02:06,  1.91s/it]
32it [02:07,  1.43s/it]
33it [02:08,  1.40s/it]
33it [02:08,  3.90s/it]
Compute metrics for 2072 samples
final/VideoMetricType.FVD : 183.828598
{'final/VideoMetricType.FVD': 183.82859802246094}
Number of frames in the videos: 16
Real data options:
{'class_name': 'tools.utils.dataset.VideoFramesFolderDataset', 'path': '/scratch/s224075134/temporal_diffusion/datasets/video/ucf101/images', 'cfg': {'max_num_frames': 10000}, 'load_n_consecutive': 16, 'subsample_factor': 3, 'discard_short_videos': True, 'xflip': False, 'resolution': 256, 'use_labels': False}
Fake data options:
{'class_name': 'tools.utils.dataset.VideoDataset', 'path': 'generation/ucf101_img256/000-FusedMatLatteIMG-XL-128-512-2-concat-F16S3-ucf101_img256-ImageNetPretrained-Compile-Amp-loadpixel/ddpm_250/0670000', 'cfg': {'max_num_frames': 10000}, 'load_n_consecutive': 16, 'load_n_consecutive_random_offset': False, 'subsample_factor': 1, 'xflip': False, 'resolution': 256, 'use_labels': False}
3
self._path generation/ucf101_img256/000-FusedMatLatteIMG-XL-128-512-2-concat-F16S3-ucf101_img256-ImageNetPretrained-Compile-Amp-loadpixel/ddpm_250/0670000
num_items: 2072
len(real_dataset): 13298
/scratch/s224075134/miniconda/envs/latte/lib/python3.12/site-packages/torch/utils/data/dataloader.py:617: UserWarning: This DataLoader will create 4 worker processes in total. Our suggested max number of worker in current system is 2, which is smaller than what this DataLoader is going to create. Please be aware that excessive worker creation might get DataLoader running slow or even freeze, lower the worker number to avoid potential slowness/freeze if necessary.
  warnings.warn(
len(fake_loader): 33
len(real_loader): 33

0it [00:00, ?it/s]
1it [00:28, 28.57s/it]
2it [00:29, 12.19s/it]
3it [00:30,  7.33s/it]
4it [00:32,  5.15s/it]
5it [00:39,  5.70s/it]
6it [00:40,  4.28s/it]
7it [00:43,  3.72s/it]
8it [00:45,  3.19s/it]
9it [00:54,  5.05s/it]
10it [00:56,  3.93s/it]
11it [00:58,  3.60s/it]
12it [01:00,  3.11s/it]
13it [01:10,  5.18s/it]
14it [01:12,  4.09s/it]
15it [01:15,  3.89s/it]
16it [01:17,  3.27s/it]
17it [01:26,  4.98s/it]
18it [01:27,  3.89s/it]
19it [01:31,  3.74s/it]
20it [01:33,  3.11s/it]
21it [01:42,  5.07s/it]
22it [01:44,  4.06s/it]
23it [01:47,  3.74s/it]
24it [01:48,  3.11s/it]
25it [01:58,  5.05s/it]
26it [01:59,  3.77s/it]
27it [02:00,  2.91s/it]
28it [02:00,  2.19s/it]
29it [02:07,  3.43s/it]
30it [02:07,  2.50s/it]
31it [02:07,  1.87s/it]
32it [02:08,  1.40s/it]
33it [02:09,  1.39s/it]
33it [02:09,  3.93s/it]
Compute metrics for 2072 samples
final/VideoMetricType.FVD : 181.193542
{'final/VideoMetricType.FVD': 181.19354248046875}
Number of frames in the videos: 16
Real data options:
{'class_name': 'tools.utils.dataset.VideoFramesFolderDataset', 'path': '/scratch/s224075134/temporal_diffusion/datasets/video/ucf101/images', 'cfg': {'max_num_frames': 10000}, 'load_n_consecutive': 16, 'subsample_factor': 3, 'discard_short_videos': True, 'xflip': False, 'resolution': 256, 'use_labels': False}
Fake data options:
{'class_name': 'tools.utils.dataset.VideoDataset', 'path': 'generation/ucf101_img256/000-FusedMatLatteIMG-XL-128-512-2-concat-F16S3-ucf101_img256-ImageNetPretrained-Compile-Amp-loadpixel/ddpm_250/0670000', 'cfg': {'max_num_frames': 10000}, 'load_n_consecutive': 16, 'load_n_consecutive_random_offset': False, 'subsample_factor': 1, 'xflip': False, 'resolution': 256, 'use_labels': False}
3
self._path generation/ucf101_img256/000-FusedMatLatteIMG-XL-128-512-2-concat-F16S3-ucf101_img256-ImageNetPretrained-Compile-Amp-loadpixel/ddpm_250/0670000
num_items: 2072
len(real_dataset): 13298
/scratch/s224075134/miniconda/envs/latte/lib/python3.12/site-packages/torch/utils/data/dataloader.py:617: UserWarning: This DataLoader will create 4 worker processes in total. Our suggested max number of worker in current system is 2, which is smaller than what this DataLoader is going to create. Please be aware that excessive worker creation might get DataLoader running slow or even freeze, lower the worker number to avoid potential slowness/freeze if necessary.
  warnings.warn(
len(fake_loader): 33
len(real_loader): 33

0it [00:00, ?it/s]
1it [00:27, 27.54s/it]
2it [00:28, 11.69s/it]
3it [00:29,  7.03s/it]
4it [00:31,  4.86s/it]
5it [00:39,  6.19s/it]
6it [00:40,  4.51s/it]
7it [00:43,  4.00s/it]
8it [00:46,  3.44s/it]
9it [00:55,  5.28s/it]
10it [00:56,  4.08s/it]
11it [01:00,  3.95s/it]
12it [01:02,  3.38s/it]
13it [01:11,  4.94s/it]
14it [01:12,  3.82s/it]
15it [01:15,  3.59s/it]
16it [01:17,  3.17s/it]
17it [01:26,  4.97s/it]
18it [01:28,  3.90s/it]
19it [01:30,  3.54s/it]
20it [01:33,  3.17s/it]
21it [01:42,  5.01s/it]
22it [01:43,  3.90s/it]
23it [01:47,  3.95s/it]
24it [01:49,  3.30s/it]
25it [01:57,  4.55s/it]
26it [01:58,  3.72s/it]
27it [02:00,  3.01s/it]
28it [02:00,  2.26s/it]
29it [02:06,  3.17s/it]
30it [02:06,  2.49s/it]
31it [02:07,  1.93s/it]
32it [02:07,  1.44s/it]
33it [02:09,  1.36s/it]
33it [02:09,  3.91s/it]
Compute metrics for 2072 samples
final/VideoMetricType.FVD : 190.206497
{'final/VideoMetricType.FVD': 190.2064971923828}
Number of frames in the videos: 16
Real data options:
{'class_name': 'tools.utils.dataset.VideoFramesFolderDataset', 'path': '/scratch/s224075134/temporal_diffusion/datasets/video/ucf101/images', 'cfg': {'max_num_frames': 10000}, 'load_n_consecutive': 16, 'subsample_factor': 3, 'discard_short_videos': True, 'xflip': False, 'resolution': 256, 'use_labels': False}
Fake data options:
{'class_name': 'tools.utils.dataset.VideoDataset', 'path': 'generation/ucf101_img256/000-FusedMatLatteIMG-XL-128-512-2-concat-F16S3-ucf101_img256-ImageNetPretrained-Compile-Amp-loadpixel/ddpm_250/0670000', 'cfg': {'max_num_frames': 10000}, 'load_n_consecutive': 16, 'load_n_consecutive_random_offset': False, 'subsample_factor': 1, 'xflip': False, 'resolution': 256, 'use_labels': False}
3
self._path generation/ucf101_img256/000-FusedMatLatteIMG-XL-128-512-2-concat-F16S3-ucf101_img256-ImageNetPretrained-Compile-Amp-loadpixel/ddpm_250/0670000
num_items: 2072
len(real_dataset): 13298
/scratch/s224075134/miniconda/envs/latte/lib/python3.12/site-packages/torch/utils/data/dataloader.py:617: UserWarning: This DataLoader will create 4 worker processes in total. Our suggested max number of worker in current system is 2, which is smaller than what this DataLoader is going to create. Please be aware that excessive worker creation might get DataLoader running slow or even freeze, lower the worker number to avoid potential slowness/freeze if necessary.
  warnings.warn(
len(fake_loader): 33
len(real_loader): 33

0it [00:00, ?it/s]
1it [00:27, 27.81s/it]
2it [00:28, 11.88s/it]
3it [00:30,  7.46s/it]
4it [00:32,  5.24s/it]
5it [00:39,  5.93s/it]
6it [00:40,  4.27s/it]
7it [00:44,  4.09s/it]
8it [00:46,  3.55s/it]
9it [00:55,  5.01s/it]
10it [00:57,  4.09s/it]
11it [00:59,  3.69s/it]
12it [01:01,  3.05s/it]
13it [01:10,  4.82s/it]
14it [01:14,  4.50s/it]
15it [01:16,  3.93s/it]
16it [01:18,  3.30s/it]
17it [01:26,  4.68s/it]
18it [01:29,  4.20s/it]
19it [01:32,  3.81s/it]
20it [01:34,  3.15s/it]
21it [01:42,  4.59s/it]
22it [01:45,  4.32s/it]
23it [01:48,  3.77s/it]
24it [01:49,  3.17s/it]
25it [01:57,  4.46s/it]
26it [02:00,  4.06s/it]
27it [02:01,  3.25s/it]
28it [02:02,  2.39s/it]
29it [02:07,  3.13s/it]
30it [02:09,  2.82s/it]
31it [02:10,  2.34s/it]
32it [02:10,  1.72s/it]
33it [02:11,  1.55s/it]
33it [02:12,  4.00s/it]
Compute metrics for 2072 samples
final/VideoMetricType.FVD : 204.387482
{'final/VideoMetricType.FVD': 204.38748168945312}
Number of frames in the videos: 16
Real data options:
{'class_name': 'tools.utils.dataset.VideoFramesFolderDataset', 'path': '/scratch/s224075134/temporal_diffusion/datasets/video/ucf101/images', 'cfg': {'max_num_frames': 10000}, 'load_n_consecutive': 16, 'subsample_factor': 3, 'discard_short_videos': True, 'xflip': False, 'resolution': 256, 'use_labels': False}
Fake data options:
{'class_name': 'tools.utils.dataset.VideoDataset', 'path': 'generation/ucf101_img256/000-FusedMatLatteIMG-XL-128-512-2-concat-F16S3-ucf101_img256-ImageNetPretrained-Compile-Amp-loadpixel/ddpm_250/0670000', 'cfg': {'max_num_frames': 10000}, 'load_n_consecutive': 16, 'load_n_consecutive_random_offset': False, 'subsample_factor': 1, 'xflip': False, 'resolution': 256, 'use_labels': False}
3
self._path generation/ucf101_img256/000-FusedMatLatteIMG-XL-128-512-2-concat-F16S3-ucf101_img256-ImageNetPretrained-Compile-Amp-loadpixel/ddpm_250/0670000
num_items: 2072
len(real_dataset): 13298
/scratch/s224075134/miniconda/envs/latte/lib/python3.12/site-packages/torch/utils/data/dataloader.py:617: UserWarning: This DataLoader will create 4 worker processes in total. Our suggested max number of worker in current system is 2, which is smaller than what this DataLoader is going to create. Please be aware that excessive worker creation might get DataLoader running slow or even freeze, lower the worker number to avoid potential slowness/freeze if necessary.
  warnings.warn(
len(fake_loader): 33
len(real_loader): 33

0it [00:00, ?it/s]
1it [00:27, 27.23s/it]
2it [00:27, 11.61s/it]
3it [00:29,  7.15s/it]
4it [00:32,  5.29s/it]
5it [00:39,  5.86s/it]
6it [00:40,  4.23s/it]
7it [00:42,  3.59s/it]
8it [00:44,  3.19s/it]
9it [00:55,  5.41s/it]
10it [00:56,  4.09s/it]
11it [00:58,  3.44s/it]
12it [01:01,  3.32s/it]
13it [01:10,  5.12s/it]
14it [01:11,  3.91s/it]
15it [01:15,  3.84s/it]
16it [01:17,  3.26s/it]
17it [01:26,  5.01s/it]
18it [01:27,  3.91s/it]
19it [01:30,  3.71s/it]
20it [01:32,  3.14s/it]
21it [01:41,  4.89s/it]
22it [01:42,  3.79s/it]
23it [01:46,  3.66s/it]
24it [01:48,  3.35s/it]
25it [01:57,  5.07s/it]
26it [01:58,  3.79s/it]
27it [01:59,  2.87s/it]
28it [01:59,  2.16s/it]
29it [02:06,  3.42s/it]
30it [02:06,  2.48s/it]
31it [02:07,  1.89s/it]
32it [02:07,  1.50s/it]
33it [02:09,  1.49s/it]
33it [02:09,  3.92s/it]
Compute metrics for 2072 samples
final/VideoMetricType.FVD : 190.389374
{'final/VideoMetricType.FVD': 190.38937377929688}
Number of frames in the videos: 16
Real data options:
{'class_name': 'tools.utils.dataset.VideoFramesFolderDataset', 'path': '/scratch/s224075134/temporal_diffusion/datasets/video/ucf101/images', 'cfg': {'max_num_frames': 10000}, 'load_n_consecutive': 16, 'subsample_factor': 3, 'discard_short_videos': True, 'xflip': False, 'resolution': 256, 'use_labels': False}
Fake data options:
{'class_name': 'tools.utils.dataset.VideoDataset', 'path': 'generation/ucf101_img256/000-FusedMatLatteIMG-XL-128-512-2-concat-F16S3-ucf101_img256-ImageNetPretrained-Compile-Amp-loadpixel/ddpm_250/0670000', 'cfg': {'max_num_frames': 10000}, 'load_n_consecutive': 16, 'load_n_consecutive_random_offset': False, 'subsample_factor': 1, 'xflip': False, 'resolution': 256, 'use_labels': False}
3
self._path generation/ucf101_img256/000-FusedMatLatteIMG-XL-128-512-2-concat-F16S3-ucf101_img256-ImageNetPretrained-Compile-Amp-loadpixel/ddpm_250/0670000
num_items: 2072
len(real_dataset): 13298
/scratch/s224075134/miniconda/envs/latte/lib/python3.12/site-packages/torch/utils/data/dataloader.py:617: UserWarning: This DataLoader will create 4 worker processes in total. Our suggested max number of worker in current system is 2, which is smaller than what this DataLoader is going to create. Please be aware that excessive worker creation might get DataLoader running slow or even freeze, lower the worker number to avoid potential slowness/freeze if necessary.
  warnings.warn(
len(fake_loader): 33
len(real_loader): 33

0it [00:00, ?it/s]
1it [00:28, 28.05s/it]
2it [00:28, 11.94s/it]
3it [00:30,  7.41s/it]
4it [00:33,  5.44s/it]
5it [00:39,  5.63s/it]
6it [00:40,  4.19s/it]
7it [00:43,  3.79s/it]
8it [00:45,  3.35s/it]
9it [00:54,  5.08s/it]
10it [00:56,  4.01s/it]
11it [00:59,  3.73s/it]
12it [01:01,  3.25s/it]
13it [01:10,  4.87s/it]
14it [01:12,  4.03s/it]
15it [01:15,  3.73s/it]
16it [01:17,  3.19s/it]
17it [01:26,  5.03s/it]
18it [01:28,  4.03s/it]
19it [01:31,  3.77s/it]
20it [01:33,  3.24s/it]
21it [01:42,  4.88s/it]
22it [01:43,  3.86s/it]
23it [01:46,  3.69s/it]
24it [01:48,  3.17s/it]
25it [01:58,  4.96s/it]
26it [01:58,  3.69s/it]
27it [01:59,  2.81s/it]
28it [01:59,  2.10s/it]
29it [02:06,  3.57s/it]
30it [02:07,  2.63s/it]
31it [02:07,  1.97s/it]
32it [02:08,  1.48s/it]
33it [02:09,  1.41s/it]
33it [02:09,  3.93s/it]
Compute metrics for 2072 samples
final/VideoMetricType.FVD : 193.227295
{'final/VideoMetricType.FVD': 193.227294921875}
Number of frames in the videos: 16
Real data options:
{'class_name': 'tools.utils.dataset.VideoFramesFolderDataset', 'path': '/scratch/s224075134/temporal_diffusion/datasets/video/ucf101/images', 'cfg': {'max_num_frames': 10000}, 'load_n_consecutive': 16, 'subsample_factor': 3, 'discard_short_videos': True, 'xflip': False, 'resolution': 256, 'use_labels': False}
Fake data options:
{'class_name': 'tools.utils.dataset.VideoDataset', 'path': 'generation/ucf101_img256/000-FusedMatLatteIMG-XL-128-512-2-concat-F16S3-ucf101_img256-ImageNetPretrained-Compile-Amp-loadpixel/ddpm_250/0670000', 'cfg': {'max_num_frames': 10000}, 'load_n_consecutive': 16, 'load_n_consecutive_random_offset': False, 'subsample_factor': 1, 'xflip': False, 'resolution': 256, 'use_labels': False}
3
self._path generation/ucf101_img256/000-FusedMatLatteIMG-XL-128-512-2-concat-F16S3-ucf101_img256-ImageNetPretrained-Compile-Amp-loadpixel/ddpm_250/0670000
num_items: 2072
len(real_dataset): 13298
/scratch/s224075134/miniconda/envs/latte/lib/python3.12/site-packages/torch/utils/data/dataloader.py:617: UserWarning: This DataLoader will create 4 worker processes in total. Our suggested max number of worker in current system is 2, which is smaller than what this DataLoader is going to create. Please be aware that excessive worker creation might get DataLoader running slow or even freeze, lower the worker number to avoid potential slowness/freeze if necessary.
  warnings.warn(
len(fake_loader): 33
len(real_loader): 33

0it [00:00, ?it/s]
1it [00:26, 26.49s/it]
2it [00:27, 11.32s/it]
3it [00:29,  6.98s/it]
4it [00:31,  5.21s/it]
5it [00:38,  5.74s/it]
6it [00:39,  4.30s/it]
7it [00:42,  3.79s/it]
8it [00:45,  3.66s/it]
9it [00:53,  5.07s/it]
10it [00:55,  3.95s/it]
11it [00:59,  3.91s/it]
12it [01:01,  3.37s/it]
13it [01:09,  4.83s/it]
14it [01:12,  4.20s/it]
15it [01:15,  3.76s/it]
16it [01:17,  3.44s/it]
17it [01:25,  4.60s/it]
18it [01:27,  4.00s/it]
19it [01:30,  3.61s/it]
20it [01:32,  3.14s/it]
21it [01:40,  4.72s/it]
22it [01:43,  4.23s/it]
23it [01:45,  3.59s/it]
24it [01:48,  3.22s/it]
25it [01:56,  4.71s/it]
26it [01:58,  3.85s/it]
27it [01:59,  2.91s/it]
28it [01:59,  2.18s/it]
29it [02:05,  3.29s/it]
30it [02:06,  2.73s/it]
31it [02:07,  2.05s/it]
32it [02:07,  1.63s/it]
33it [02:09,  1.48s/it]
33it [02:09,  3.92s/it]
Compute metrics for 2072 samples
final/VideoMetricType.FVD : 192.135345
{'final/VideoMetricType.FVD': 192.13534545898438}
Number of frames in the videos: 16
Real data options:
{'class_name': 'tools.utils.dataset.VideoFramesFolderDataset', 'path': '/scratch/s224075134/temporal_diffusion/datasets/video/ucf101/images', 'cfg': {'max_num_frames': 10000}, 'load_n_consecutive': 16, 'subsample_factor': 3, 'discard_short_videos': True, 'xflip': False, 'resolution': 256, 'use_labels': False}
Fake data options:
{'class_name': 'tools.utils.dataset.VideoDataset', 'path': 'generation/ucf101_img256/000-FusedMatLatteIMG-XL-128-512-2-concat-F16S3-ucf101_img256-ImageNetPretrained-Compile-Amp-loadpixel/ddpm_250/0670000', 'cfg': {'max_num_frames': 10000}, 'load_n_consecutive': 16, 'load_n_consecutive_random_offset': False, 'subsample_factor': 1, 'xflip': False, 'resolution': 256, 'use_labels': False}
3
self._path generation/ucf101_img256/000-FusedMatLatteIMG-XL-128-512-2-concat-F16S3-ucf101_img256-ImageNetPretrained-Compile-Amp-loadpixel/ddpm_250/0670000
num_items: 2072
len(real_dataset): 13298
/scratch/s224075134/miniconda/envs/latte/lib/python3.12/site-packages/torch/utils/data/dataloader.py:617: UserWarning: This DataLoader will create 4 worker processes in total. Our suggested max number of worker in current system is 2, which is smaller than what this DataLoader is going to create. Please be aware that excessive worker creation might get DataLoader running slow or even freeze, lower the worker number to avoid potential slowness/freeze if necessary.
  warnings.warn(
len(fake_loader): 33
len(real_loader): 33

0it [00:00, ?it/s]
1it [00:28, 28.73s/it]
2it [00:29, 12.26s/it]
3it [00:31,  7.56s/it]
4it [00:33,  5.51s/it]
5it [00:39,  5.57s/it]
6it [00:40,  4.05s/it]
7it [00:42,  3.36s/it]
8it [00:44,  2.99s/it]
9it [00:55,  5.39s/it]
10it [00:56,  4.21s/it]
11it [01:00,  3.97s/it]
12it [01:02,  3.43s/it]
13it [01:11,  4.95s/it]
14it [01:12,  3.97s/it]
15it [01:16,  3.83s/it]
16it [01:17,  3.18s/it]
17it [01:26,  4.73s/it]
18it [01:28,  3.91s/it]
19it [01:31,  3.70s/it]
20it [01:33,  3.20s/it]
21it [01:41,  4.74s/it]
22it [01:44,  4.02s/it]
23it [01:47,  3.89s/it]
24it [01:49,  3.27s/it]
25it [01:57,  4.68s/it]
26it [01:58,  3.67s/it]
27it [01:59,  2.70s/it]
28it [01:59,  1.99s/it]
29it [02:06,  3.47s/it]
30it [02:07,  2.58s/it]
31it [02:07,  1.92s/it]
32it [02:07,  1.43s/it]
33it [02:09,  1.42s/it]
33it [02:09,  3.92s/it]
Compute metrics for 2072 samples
final/VideoMetricType.FVD : 183.406021
{'final/VideoMetricType.FVD': 183.40602111816406}
Number of frames in the videos: 16
Real data options:
{'class_name': 'tools.utils.dataset.VideoFramesFolderDataset', 'path': '/scratch/s224075134/temporal_diffusion/datasets/video/ucf101/images', 'cfg': {'max_num_frames': 10000}, 'load_n_consecutive': 16, 'subsample_factor': 3, 'discard_short_videos': True, 'xflip': False, 'resolution': 256, 'use_labels': False}
Fake data options:
{'class_name': 'tools.utils.dataset.VideoDataset', 'path': 'generation/ucf101_img256/000-FusedMatLatteIMG-XL-128-512-2-concat-F16S3-ucf101_img256-ImageNetPretrained-Compile-Amp-loadpixel/ddpm_250/0670000', 'cfg': {'max_num_frames': 10000}, 'load_n_consecutive': 16, 'load_n_consecutive_random_offset': False, 'subsample_factor': 1, 'xflip': False, 'resolution': 256, 'use_labels': False}
3
self._path generation/ucf101_img256/000-FusedMatLatteIMG-XL-128-512-2-concat-F16S3-ucf101_img256-ImageNetPretrained-Compile-Amp-loadpixel/ddpm_250/0670000
num_items: 2072
len(real_dataset): 13298
/scratch/s224075134/miniconda/envs/latte/lib/python3.12/site-packages/torch/utils/data/dataloader.py:617: UserWarning: This DataLoader will create 4 worker processes in total. Our suggested max number of worker in current system is 2, which is smaller than what this DataLoader is going to create. Please be aware that excessive worker creation might get DataLoader running slow or even freeze, lower the worker number to avoid potential slowness/freeze if necessary.
  warnings.warn(
len(fake_loader): 33
len(real_loader): 33

0it [00:00, ?it/s]
1it [00:27, 27.51s/it]
2it [00:28, 11.78s/it]
3it [00:30,  7.64s/it]
4it [00:32,  5.24s/it]
5it [00:38,  5.44s/it]
6it [00:39,  4.15s/it]
7it [00:43,  3.95s/it]
8it [00:45,  3.25s/it]
9it [00:52,  4.64s/it]
10it [00:55,  4.13s/it]
11it [00:58,  3.50s/it]
12it [00:59,  2.95s/it]
13it [01:08,  4.64s/it]
14it [01:11,  4.26s/it]
15it [01:14,  3.73s/it]
16it [01:15,  3.00s/it]
17it [01:23,  4.56s/it]
18it [01:27,  4.30s/it]
19it [01:29,  3.65s/it]
20it [01:31,  3.16s/it]
21it [01:38,  4.39s/it]
22it [01:42,  4.31s/it]
23it [01:44,  3.51s/it]
24it [01:46,  3.01s/it]
25it [01:54,  4.48s/it]
26it [01:56,  3.89s/it]
27it [01:57,  2.94s/it]
28it [01:58,  2.21s/it]
29it [02:02,  3.02s/it]
30it [02:04,  2.49s/it]
31it [02:04,  1.88s/it]
32it [02:04,  1.40s/it]
33it [02:06,  1.32s/it]
33it [02:06,  3.82s/it]
Compute metrics for 2072 samples
final/VideoMetricType.FVD : 190.026245
{'final/VideoMetricType.FVD': 190.0262451171875}
Number of frames in the videos: 16
Real data options:
{'class_name': 'tools.utils.dataset.VideoFramesFolderDataset', 'path': '/scratch/s224075134/temporal_diffusion/datasets/video/ucf101/images', 'cfg': {'max_num_frames': 10000}, 'load_n_consecutive': 16, 'subsample_factor': 3, 'discard_short_videos': True, 'xflip': False, 'resolution': 256, 'use_labels': False}
Fake data options:
{'class_name': 'tools.utils.dataset.VideoDataset', 'path': 'generation/ucf101_img256/000-FusedMatLatteIMG-XL-128-512-2-concat-F16S3-ucf101_img256-ImageNetPretrained-Compile-Amp-loadpixel/ddpm_250/0670000', 'cfg': {'max_num_frames': 10000}, 'load_n_consecutive': 16, 'load_n_consecutive_random_offset': False, 'subsample_factor': 1, 'xflip': False, 'resolution': 256, 'use_labels': False}
3
self._path generation/ucf101_img256/000-FusedMatLatteIMG-XL-128-512-2-concat-F16S3-ucf101_img256-ImageNetPretrained-Compile-Amp-loadpixel/ddpm_250/0670000
num_items: 2072
len(real_dataset): 13298
/scratch/s224075134/miniconda/envs/latte/lib/python3.12/site-packages/torch/utils/data/dataloader.py:617: UserWarning: This DataLoader will create 4 worker processes in total. Our suggested max number of worker in current system is 2, which is smaller than what this DataLoader is going to create. Please be aware that excessive worker creation might get DataLoader running slow or even freeze, lower the worker number to avoid potential slowness/freeze if necessary.
  warnings.warn(
len(fake_loader): 33
len(real_loader): 33

0it [00:00, ?it/s]
1it [00:26, 26.84s/it]
2it [00:27, 11.40s/it]
3it [00:29,  6.93s/it]
4it [00:30,  4.71s/it]
5it [00:39,  6.34s/it]
6it [00:40,  4.63s/it]
7it [00:44,  4.25s/it]
8it [00:46,  3.61s/it]
9it [00:55,  5.22s/it]
10it [00:57,  4.14s/it]
11it [01:00,  3.92s/it]
12it [01:02,  3.25s/it]
13it [01:10,  4.73s/it]
14it [01:13,  4.12s/it]
15it [01:16,  3.79s/it]
16it [01:17,  3.20s/it]
17it [01:25,  4.58s/it]
18it [01:28,  4.03s/it]
19it [01:31,  3.62s/it]
20it [01:32,  3.06s/it]
21it [01:41,  4.69s/it]
22it [01:44,  4.29s/it]
23it [01:46,  3.63s/it]
24it [01:49,  3.25s/it]
25it [01:57,  4.77s/it]
26it [01:58,  3.63s/it]
27it [01:59,  2.76s/it]
28it [01:59,  2.03s/it]
29it [02:06,  3.57s/it]
30it [02:07,  2.64s/it]
31it [02:07,  1.97s/it]
32it [02:07,  1.47s/it]
33it [02:09,  1.43s/it]
33it [02:09,  3.92s/it]
Compute metrics for 2072 samples
final/VideoMetricType.FVD : 191.571915
{'final/VideoMetricType.FVD': 191.57191467285156}
Number of frames in the videos: 16
Real data options:
{'class_name': 'tools.utils.dataset.VideoFramesFolderDataset', 'path': '/scratch/s224075134/temporal_diffusion/datasets/video/ucf101/images', 'cfg': {'max_num_frames': 10000}, 'load_n_consecutive': 16, 'subsample_factor': 3, 'discard_short_videos': True, 'xflip': False, 'resolution': 256, 'use_labels': False}
Fake data options:
{'class_name': 'tools.utils.dataset.VideoDataset', 'path': 'generation/ucf101_img256/000-FusedMatLatteIMG-XL-128-512-2-concat-F16S3-ucf101_img256-ImageNetPretrained-Compile-Amp-loadpixel/ddpm_250/0670000', 'cfg': {'max_num_frames': 10000}, 'load_n_consecutive': 16, 'load_n_consecutive_random_offset': False, 'subsample_factor': 1, 'xflip': False, 'resolution': 256, 'use_labels': False}
3
self._path generation/ucf101_img256/000-FusedMatLatteIMG-XL-128-512-2-concat-F16S3-ucf101_img256-ImageNetPretrained-Compile-Amp-loadpixel/ddpm_250/0670000
num_items: 2072
len(real_dataset): 13298
/scratch/s224075134/miniconda/envs/latte/lib/python3.12/site-packages/torch/utils/data/dataloader.py:617: UserWarning: This DataLoader will create 4 worker processes in total. Our suggested max number of worker in current system is 2, which is smaller than what this DataLoader is going to create. Please be aware that excessive worker creation might get DataLoader running slow or even freeze, lower the worker number to avoid potential slowness/freeze if necessary.
  warnings.warn(
len(fake_loader): 33
len(real_loader): 33

0it [00:00, ?it/s]
1it [00:26, 26.45s/it]
2it [00:27, 11.33s/it]
3it [00:28,  6.97s/it]
4it [00:30,  4.82s/it]
5it [00:39,  6.19s/it]
6it [00:40,  4.49s/it]
7it [00:43,  3.98s/it]
8it [00:45,  3.46s/it]
9it [00:55,  5.43s/it]
10it [00:56,  4.16s/it]
11it [01:00,  3.95s/it]
12it [01:01,  3.24s/it]
13it [01:10,  5.05s/it]
14it [01:12,  3.84s/it]
15it [01:14,  3.57s/it]
16it [01:17,  3.32s/it]
17it [01:26,  4.90s/it]
18it [01:27,  3.72s/it]
19it [01:30,  3.48s/it]
20it [01:32,  3.22s/it]
21it [01:41,  4.93s/it]
22it [01:42,  3.78s/it]
23it [01:46,  3.72s/it]
24it [01:48,  3.23s/it]
25it [01:57,  4.92s/it]
26it [01:57,  3.57s/it]
27it [01:59,  2.90s/it]
28it [01:59,  2.13s/it]
29it [02:06,  3.56s/it]
30it [02:06,  2.59s/it]
31it [02:07,  1.95s/it]
32it [02:07,  1.46s/it]
33it [02:08,  1.50s/it]
33it [02:09,  3.91s/it]
Compute metrics for 2072 samples
final/VideoMetricType.FVD : 191.859818
{'final/VideoMetricType.FVD': 191.8598175048828}
Number of frames in the videos: 16
Real data options:
{'class_name': 'tools.utils.dataset.VideoFramesFolderDataset', 'path': '/scratch/s224075134/temporal_diffusion/datasets/video/ucf101/images', 'cfg': {'max_num_frames': 10000}, 'load_n_consecutive': 16, 'subsample_factor': 3, 'discard_short_videos': True, 'xflip': False, 'resolution': 256, 'use_labels': False}
Fake data options:
{'class_name': 'tools.utils.dataset.VideoDataset', 'path': 'generation/ucf101_img256/000-FusedMatLatteIMG-XL-128-512-2-concat-F16S3-ucf101_img256-ImageNetPretrained-Compile-Amp-loadpixel/ddpm_250/0670000', 'cfg': {'max_num_frames': 10000}, 'load_n_consecutive': 16, 'load_n_consecutive_random_offset': False, 'subsample_factor': 1, 'xflip': False, 'resolution': 256, 'use_labels': False}
3
self._path generation/ucf101_img256/000-FusedMatLatteIMG-XL-128-512-2-concat-F16S3-ucf101_img256-ImageNetPretrained-Compile-Amp-loadpixel/ddpm_250/0670000
num_items: 2072
len(real_dataset): 13298
/scratch/s224075134/miniconda/envs/latte/lib/python3.12/site-packages/torch/utils/data/dataloader.py:617: UserWarning: This DataLoader will create 4 worker processes in total. Our suggested max number of worker in current system is 2, which is smaller than what this DataLoader is going to create. Please be aware that excessive worker creation might get DataLoader running slow or even freeze, lower the worker number to avoid potential slowness/freeze if necessary.
  warnings.warn(
len(fake_loader): 33
len(real_loader): 33

0it [00:00, ?it/s]
1it [00:27, 27.71s/it]
2it [00:28, 11.87s/it]
3it [00:30,  7.37s/it]
4it [00:32,  5.20s/it]
5it [00:39,  6.00s/it]
6it [00:41,  4.50s/it]
7it [00:44,  4.12s/it]
8it [00:46,  3.42s/it]
9it [00:55,  5.06s/it]
10it [00:57,  4.07s/it]
11it [00:59,  3.66s/it]
12it [01:01,  3.03s/it]
13it [01:10,  4.91s/it]
14it [01:14,  4.57s/it]
15it [01:16,  3.84s/it]
16it [01:17,  3.02s/it]
17it [01:26,  4.76s/it]
18it [01:28,  4.00s/it]
19it [01:31,  3.65s/it]
20it [01:33,  3.25s/it]
21it [01:42,  4.71s/it]
22it [01:44,  4.00s/it]
23it [01:47,  3.74s/it]
24it [01:49,  3.17s/it]
25it [01:57,  4.60s/it]
26it [01:59,  3.85s/it]
27it [01:59,  2.84s/it]
28it [02:00,  2.09s/it]
29it [02:06,  3.37s/it]
30it [02:07,  2.70s/it]
31it [02:08,  2.02s/it]
32it [02:08,  1.51s/it]
33it [02:09,  1.39s/it]
33it [02:09,  3.93s/it]
Compute metrics for 2072 samples
final/VideoMetricType.FVD : 184.673630
{'final/VideoMetricType.FVD': 184.6736297607422}
Number of frames in the videos: 16
Real data options:
{'class_name': 'tools.utils.dataset.VideoFramesFolderDataset', 'path': '/scratch/s224075134/temporal_diffusion/datasets/video/ucf101/images', 'cfg': {'max_num_frames': 10000}, 'load_n_consecutive': 16, 'subsample_factor': 3, 'discard_short_videos': True, 'xflip': False, 'resolution': 256, 'use_labels': False}
Fake data options:
{'class_name': 'tools.utils.dataset.VideoDataset', 'path': 'generation/ucf101_img256/000-FusedMatLatteIMG-XL-128-512-2-concat-F16S3-ucf101_img256-ImageNetPretrained-Compile-Amp-loadpixel/ddpm_250/0670000', 'cfg': {'max_num_frames': 10000}, 'load_n_consecutive': 16, 'load_n_consecutive_random_offset': False, 'subsample_factor': 1, 'xflip': False, 'resolution': 256, 'use_labels': False}
3
self._path generation/ucf101_img256/000-FusedMatLatteIMG-XL-128-512-2-concat-F16S3-ucf101_img256-ImageNetPretrained-Compile-Amp-loadpixel/ddpm_250/0670000
num_items: 2072
len(real_dataset): 13298
/scratch/s224075134/miniconda/envs/latte/lib/python3.12/site-packages/torch/utils/data/dataloader.py:617: UserWarning: This DataLoader will create 4 worker processes in total. Our suggested max number of worker in current system is 2, which is smaller than what this DataLoader is going to create. Please be aware that excessive worker creation might get DataLoader running slow or even freeze, lower the worker number to avoid potential slowness/freeze if necessary.
  warnings.warn(
len(fake_loader): 33
len(real_loader): 33

0it [00:00, ?it/s]
1it [00:27, 27.41s/it]
2it [00:28, 11.76s/it]
3it [00:29,  6.99s/it]
4it [00:31,  4.94s/it]
5it [00:38,  5.70s/it]
6it [00:39,  4.18s/it]
7it [00:43,  3.96s/it]
8it [00:44,  3.22s/it]
9it [00:53,  5.08s/it]
10it [00:55,  3.99s/it]
11it [00:58,  3.78s/it]
12it [01:00,  3.18s/it]
13it [01:09,  4.86s/it]
14it [01:10,  3.82s/it]
15it [01:14,  3.69s/it]
16it [01:15,  3.12s/it]
17it [01:24,  4.78s/it]
18it [01:25,  3.68s/it]
19it [01:28,  3.55s/it]
20it [01:31,  3.11s/it]
21it [01:39,  4.72s/it]
22it [01:41,  3.79s/it]
23it [01:43,  3.41s/it]
24it [01:45,  2.94s/it]
25it [01:54,  4.75s/it]
26it [01:55,  3.64s/it]
27it [01:56,  2.76s/it]
28it [01:56,  2.08s/it]
29it [02:02,  3.32s/it]
30it [02:03,  2.51s/it]
31it [02:03,  1.88s/it]
32it [02:04,  1.40s/it]
33it [02:05,  1.32s/it]
33it [02:05,  3.80s/it]
Compute metrics for 2072 samples
final/VideoMetricType.FVD : 184.187714
{'final/VideoMetricType.FVD': 184.18771362304688}
Number of frames in the videos: 16
Real data options:
{'class_name': 'tools.utils.dataset.VideoFramesFolderDataset', 'path': '/scratch/s224075134/temporal_diffusion/datasets/video/ucf101/images', 'cfg': {'max_num_frames': 10000}, 'load_n_consecutive': 16, 'subsample_factor': 3, 'discard_short_videos': True, 'xflip': False, 'resolution': 256, 'use_labels': False}
Fake data options:
{'class_name': 'tools.utils.dataset.VideoDataset', 'path': 'generation/ucf101_img256/000-FusedMatLatteIMG-XL-128-512-2-concat-F16S3-ucf101_img256-ImageNetPretrained-Compile-Amp-loadpixel/ddpm_250/0670000', 'cfg': {'max_num_frames': 10000}, 'load_n_consecutive': 16, 'load_n_consecutive_random_offset': False, 'subsample_factor': 1, 'xflip': False, 'resolution': 256, 'use_labels': False}
3
self._path generation/ucf101_img256/000-FusedMatLatteIMG-XL-128-512-2-concat-F16S3-ucf101_img256-ImageNetPretrained-Compile-Amp-loadpixel/ddpm_250/0670000
num_items: 2072
len(real_dataset): 13298
/scratch/s224075134/miniconda/envs/latte/lib/python3.12/site-packages/torch/utils/data/dataloader.py:617: UserWarning: This DataLoader will create 4 worker processes in total. Our suggested max number of worker in current system is 2, which is smaller than what this DataLoader is going to create. Please be aware that excessive worker creation might get DataLoader running slow or even freeze, lower the worker number to avoid potential slowness/freeze if necessary.
  warnings.warn(
len(fake_loader): 33
len(real_loader): 33

0it [00:00, ?it/s]
1it [00:26, 26.58s/it]
2it [00:27, 11.35s/it]
3it [00:28,  6.83s/it]
4it [00:30,  4.82s/it]
5it [00:37,  5.66s/it]
6it [00:38,  4.17s/it]
7it [00:43,  4.30s/it]
8it [00:44,  3.30s/it]
9it [00:52,  4.71s/it]
10it [00:54,  3.95s/it]
11it [00:58,  4.00s/it]
12it [01:00,  3.28s/it]
13it [01:07,  4.55s/it]
14it [01:09,  3.59s/it]
15it [01:14,  3.97s/it]
16it [01:15,  3.14s/it]
17it [01:23,  4.59s/it]
18it [01:24,  3.71s/it]
19it [01:29,  3.87s/it]
20it [01:30,  3.02s/it]
21it [01:38,  4.62s/it]
22it [01:39,  3.64s/it]
23it [01:44,  4.04s/it]
24it [01:45,  3.10s/it]
25it [01:53,  4.54s/it]
26it [01:54,  3.39s/it]
27it [01:57,  3.21s/it]
28it [01:57,  2.35s/it]
29it [02:02,  3.01s/it]
30it [02:02,  2.20s/it]
31it [02:04,  2.16s/it]
32it [02:04,  1.60s/it]
33it [02:05,  1.46s/it]
33it [02:06,  3.82s/it]
Compute metrics for 2072 samples
final/VideoMetricType.FVD : 184.889160
{'final/VideoMetricType.FVD': 184.88916015625}
Number of frames in the videos: 16
Real data options:
{'class_name': 'tools.utils.dataset.VideoFramesFolderDataset', 'path': '/scratch/s224075134/temporal_diffusion/datasets/video/ucf101/images', 'cfg': {'max_num_frames': 10000}, 'load_n_consecutive': 16, 'subsample_factor': 3, 'discard_short_videos': True, 'xflip': False, 'resolution': 256, 'use_labels': False}
Fake data options:
{'class_name': 'tools.utils.dataset.VideoDataset', 'path': 'generation/ucf101_img256/000-FusedMatLatteIMG-XL-128-512-2-concat-F16S3-ucf101_img256-ImageNetPretrained-Compile-Amp-loadpixel/ddpm_250/0670000', 'cfg': {'max_num_frames': 10000}, 'load_n_consecutive': 16, 'load_n_consecutive_random_offset': False, 'subsample_factor': 1, 'xflip': False, 'resolution': 256, 'use_labels': False}
3
self._path generation/ucf101_img256/000-FusedMatLatteIMG-XL-128-512-2-concat-F16S3-ucf101_img256-ImageNetPretrained-Compile-Amp-loadpixel/ddpm_250/0670000
num_items: 2072
len(real_dataset): 13298
/scratch/s224075134/miniconda/envs/latte/lib/python3.12/site-packages/torch/utils/data/dataloader.py:617: UserWarning: This DataLoader will create 4 worker processes in total. Our suggested max number of worker in current system is 2, which is smaller than what this DataLoader is going to create. Please be aware that excessive worker creation might get DataLoader running slow or even freeze, lower the worker number to avoid potential slowness/freeze if necessary.
  warnings.warn(
len(fake_loader): 33
len(real_loader): 33

0it [00:00, ?it/s]
1it [00:28, 28.12s/it]
2it [00:28, 12.06s/it]
3it [00:31,  7.57s/it]
4it [00:33,  5.34s/it]
5it [00:39,  5.60s/it]
6it [00:40,  4.30s/it]
7it [00:44,  4.03s/it]
8it [00:46,  3.37s/it]
9it [00:54,  4.94s/it]
10it [00:56,  3.82s/it]
11it [00:59,  3.83s/it]
12it [01:01,  3.16s/it]
13it [01:10,  4.91s/it]
14it [01:12,  3.96s/it]
15it [01:15,  3.74s/it]
16it [01:17,  3.32s/it]
17it [01:25,  4.76s/it]
18it [01:27,  3.80s/it]
19it [01:30,  3.65s/it]
20it [01:32,  3.00s/it]
21it [01:41,  4.90s/it]
22it [01:43,  4.01s/it]
23it [01:46,  3.71s/it]
24it [01:48,  3.05s/it]
25it [01:57,  4.83s/it]
26it [01:58,  3.69s/it]
27it [01:59,  2.92s/it]
28it [01:59,  2.14s/it]
29it [02:06,  3.54s/it]
30it [02:06,  2.66s/it]
31it [02:07,  2.06s/it]
32it [02:07,  1.53s/it]
33it [02:09,  1.47s/it]
33it [02:09,  3.92s/it]
Compute metrics for 2072 samples
final/VideoMetricType.FVD : 183.335587
{'final/VideoMetricType.FVD': 183.33558654785156}
Number of frames in the videos: 16
Real data options:
{'class_name': 'tools.utils.dataset.VideoFramesFolderDataset', 'path': '/scratch/s224075134/temporal_diffusion/datasets/video/ucf101/images', 'cfg': {'max_num_frames': 10000}, 'load_n_consecutive': 16, 'subsample_factor': 3, 'discard_short_videos': True, 'xflip': False, 'resolution': 256, 'use_labels': False}
Fake data options:
{'class_name': 'tools.utils.dataset.VideoDataset', 'path': 'generation/ucf101_img256/000-FusedMatLatteIMG-XL-128-512-2-concat-F16S3-ucf101_img256-ImageNetPretrained-Compile-Amp-loadpixel/ddpm_250/0670000', 'cfg': {'max_num_frames': 10000}, 'load_n_consecutive': 16, 'load_n_consecutive_random_offset': False, 'subsample_factor': 1, 'xflip': False, 'resolution': 256, 'use_labels': False}
3
self._path generation/ucf101_img256/000-FusedMatLatteIMG-XL-128-512-2-concat-F16S3-ucf101_img256-ImageNetPretrained-Compile-Amp-loadpixel/ddpm_250/0670000
num_items: 2072
len(real_dataset): 13298
/scratch/s224075134/miniconda/envs/latte/lib/python3.12/site-packages/torch/utils/data/dataloader.py:617: UserWarning: This DataLoader will create 4 worker processes in total. Our suggested max number of worker in current system is 2, which is smaller than what this DataLoader is going to create. Please be aware that excessive worker creation might get DataLoader running slow or even freeze, lower the worker number to avoid potential slowness/freeze if necessary.
  warnings.warn(
len(fake_loader): 33
len(real_loader): 33

0it [00:00, ?it/s]
1it [00:27, 27.02s/it]
2it [00:27, 11.58s/it]
3it [00:29,  7.15s/it]
4it [00:31,  5.03s/it]
5it [00:38,  5.83s/it]
6it [00:40,  4.45s/it]
7it [00:43,  4.12s/it]
8it [00:46,  3.50s/it]
9it [00:53,  4.79s/it]
10it [00:57,  4.37s/it]
11it [00:59,  3.74s/it]
12it [01:01,  3.16s/it]
13it [01:09,  4.70s/it]
14it [01:12,  4.32s/it]
15it [01:15,  3.68s/it]
16it [01:17,  3.15s/it]
17it [01:25,  4.65s/it]
18it [01:28,  4.32s/it]
19it [01:30,  3.50s/it]
20it [01:33,  3.27s/it]
21it [01:41,  4.69s/it]
22it [01:43,  4.12s/it]
23it [01:46,  3.71s/it]
24it [01:48,  3.18s/it]
25it [01:56,  4.58s/it]
26it [01:58,  3.89s/it]
27it [01:59,  2.95s/it]
28it [01:59,  2.22s/it]
29it [02:05,  3.17s/it]
30it [02:07,  2.81s/it]
31it [02:08,  2.19s/it]
32it [02:08,  1.62s/it]
33it [02:09,  1.47s/it]
33it [02:09,  3.93s/it]
Compute metrics for 2072 samples
final/VideoMetricType.FVD : 196.158737
{'final/VideoMetricType.FVD': 196.1587371826172}
Number of frames in the videos: 16
Real data options:
{'class_name': 'tools.utils.dataset.VideoFramesFolderDataset', 'path': '/scratch/s224075134/temporal_diffusion/datasets/video/ucf101/images', 'cfg': {'max_num_frames': 10000}, 'load_n_consecutive': 16, 'subsample_factor': 3, 'discard_short_videos': True, 'xflip': False, 'resolution': 256, 'use_labels': False}
Fake data options:
{'class_name': 'tools.utils.dataset.VideoDataset', 'path': 'generation/ucf101_img256/000-FusedMatLatteIMG-XL-128-512-2-concat-F16S3-ucf101_img256-ImageNetPretrained-Compile-Amp-loadpixel/ddpm_250/0670000', 'cfg': {'max_num_frames': 10000}, 'load_n_consecutive': 16, 'load_n_consecutive_random_offset': False, 'subsample_factor': 1, 'xflip': False, 'resolution': 256, 'use_labels': False}
3
self._path generation/ucf101_img256/000-FusedMatLatteIMG-XL-128-512-2-concat-F16S3-ucf101_img256-ImageNetPretrained-Compile-Amp-loadpixel/ddpm_250/0670000
num_items: 2072
len(real_dataset): 13298
/scratch/s224075134/miniconda/envs/latte/lib/python3.12/site-packages/torch/utils/data/dataloader.py:617: UserWarning: This DataLoader will create 4 worker processes in total. Our suggested max number of worker in current system is 2, which is smaller than what this DataLoader is going to create. Please be aware that excessive worker creation might get DataLoader running slow or even freeze, lower the worker number to avoid potential slowness/freeze if necessary.
  warnings.warn(
len(fake_loader): 33
len(real_loader): 33

0it [00:00, ?it/s]
1it [00:27, 27.53s/it]
2it [00:28, 11.81s/it]
3it [00:30,  7.35s/it]
4it [00:31,  5.04s/it]
5it [00:38,  5.66s/it]
6it [00:40,  4.28s/it]
7it [00:42,  3.73s/it]
8it [00:45,  3.27s/it]
9it [00:53,  5.02s/it]
10it [00:55,  4.08s/it]
11it [00:58,  3.75s/it]
12it [01:01,  3.36s/it]
13it [01:09,  4.87s/it]
14it [01:12,  4.22s/it]
15it [01:15,  3.78s/it]
16it [01:17,  3.26s/it]
17it [01:24,  4.57s/it]
18it [01:27,  4.08s/it]
19it [01:30,  3.62s/it]
20it [01:32,  3.08s/it]
21it [01:40,  4.78s/it]
22it [01:43,  4.04s/it]
23it [01:45,  3.56s/it]
24it [01:48,  3.30s/it]
25it [01:56,  4.79s/it]
26it [01:58,  3.94s/it]
27it [01:59,  2.94s/it]
28it [01:59,  2.15s/it]
29it [02:05,  3.35s/it]
30it [02:07,  2.85s/it]
31it [02:07,  2.13s/it]
32it [02:08,  1.58s/it]
33it [02:09,  1.44s/it]
33it [02:09,  3.92s/it]
Compute metrics for 2072 samples
final/VideoMetricType.FVD : 198.072327
{'final/VideoMetricType.FVD': 198.07232666015625}
Number of frames in the videos: 16
Real data options:
{'class_name': 'tools.utils.dataset.VideoFramesFolderDataset', 'path': '/scratch/s224075134/temporal_diffusion/datasets/video/ucf101/images', 'cfg': {'max_num_frames': 10000}, 'load_n_consecutive': 16, 'subsample_factor': 3, 'discard_short_videos': True, 'xflip': False, 'resolution': 256, 'use_labels': False}
Fake data options:
{'class_name': 'tools.utils.dataset.VideoDataset', 'path': 'generation/ucf101_img256/000-FusedMatLatteIMG-XL-128-512-2-concat-F16S3-ucf101_img256-ImageNetPretrained-Compile-Amp-loadpixel/ddpm_250/0670000', 'cfg': {'max_num_frames': 10000}, 'load_n_consecutive': 16, 'load_n_consecutive_random_offset': False, 'subsample_factor': 1, 'xflip': False, 'resolution': 256, 'use_labels': False}
3
self._path generation/ucf101_img256/000-FusedMatLatteIMG-XL-128-512-2-concat-F16S3-ucf101_img256-ImageNetPretrained-Compile-Amp-loadpixel/ddpm_250/0670000
num_items: 2072
len(real_dataset): 13298
/scratch/s224075134/miniconda/envs/latte/lib/python3.12/site-packages/torch/utils/data/dataloader.py:617: UserWarning: This DataLoader will create 4 worker processes in total. Our suggested max number of worker in current system is 2, which is smaller than what this DataLoader is going to create. Please be aware that excessive worker creation might get DataLoader running slow or even freeze, lower the worker number to avoid potential slowness/freeze if necessary.
  warnings.warn(
len(fake_loader): 33
len(real_loader): 33

0it [00:00, ?it/s]
1it [00:27, 27.77s/it]
2it [00:28, 11.81s/it]
3it [00:30,  7.26s/it]
4it [00:32,  5.32s/it]
5it [00:39,  6.00s/it]
6it [00:41,  4.39s/it]
7it [00:44,  4.02s/it]
8it [00:46,  3.45s/it]
9it [00:55,  5.17s/it]
10it [00:56,  3.90s/it]
11it [01:00,  3.78s/it]
12it [01:02,  3.30s/it]
13it [01:10,  4.80s/it]
14it [01:12,  3.81s/it]
15it [01:14,  3.52s/it]
16it [01:17,  3.22s/it]
17it [01:25,  4.83s/it]
18it [01:27,  3.83s/it]
19it [01:30,  3.70s/it]
20it [01:32,  3.18s/it]
21it [01:41,  4.79s/it]
22it [01:42,  3.71s/it]
23it [01:45,  3.60s/it]
24it [01:48,  3.43s/it]
25it [01:57,  4.84s/it]
26it [01:57,  3.64s/it]
27it [01:58,  2.79s/it]
28it [01:59,  2.21s/it]
29it [02:05,  3.38s/it]
30it [02:06,  2.50s/it]
31it [02:06,  1.88s/it]
32it [02:07,  1.52s/it]
33it [02:08,  1.49s/it]
33it [02:08,  3.90s/it]
Compute metrics for 2072 samples
final/VideoMetricType.FVD : 189.532364
{'final/VideoMetricType.FVD': 189.53236389160156}
Number of frames in the videos: 16
Real data options:
{'class_name': 'tools.utils.dataset.VideoFramesFolderDataset', 'path': '/scratch/s224075134/temporal_diffusion/datasets/video/ucf101/images', 'cfg': {'max_num_frames': 10000}, 'load_n_consecutive': 16, 'subsample_factor': 3, 'discard_short_videos': True, 'xflip': False, 'resolution': 256, 'use_labels': False}
Fake data options:
{'class_name': 'tools.utils.dataset.VideoDataset', 'path': 'generation/ucf101_img256/000-FusedMatLatteIMG-XL-128-512-2-concat-F16S3-ucf101_img256-ImageNetPretrained-Compile-Amp-loadpixel/ddpm_250/0670000', 'cfg': {'max_num_frames': 10000}, 'load_n_consecutive': 16, 'load_n_consecutive_random_offset': False, 'subsample_factor': 1, 'xflip': False, 'resolution': 256, 'use_labels': False}
3
self._path generation/ucf101_img256/000-FusedMatLatteIMG-XL-128-512-2-concat-F16S3-ucf101_img256-ImageNetPretrained-Compile-Amp-loadpixel/ddpm_250/0670000
num_items: 2072
len(real_dataset): 13298
/scratch/s224075134/miniconda/envs/latte/lib/python3.12/site-packages/torch/utils/data/dataloader.py:617: UserWarning: This DataLoader will create 4 worker processes in total. Our suggested max number of worker in current system is 2, which is smaller than what this DataLoader is going to create. Please be aware that excessive worker creation might get DataLoader running slow or even freeze, lower the worker number to avoid potential slowness/freeze if necessary.
  warnings.warn(
len(fake_loader): 33
len(real_loader): 33

0it [00:00, ?it/s]
1it [00:27, 27.76s/it]
2it [00:28, 11.92s/it]
3it [00:30,  7.48s/it]
4it [00:32,  5.29s/it]
5it [00:38,  5.39s/it]
6it [00:40,  4.44s/it]
7it [00:43,  3.82s/it]
8it [00:45,  3.17s/it]
9it [00:54,  4.93s/it]
10it [00:56,  4.29s/it]
11it [00:59,  3.91s/it]
12it [01:02,  3.36s/it]
13it [01:09,  4.70s/it]
14it [01:11,  3.81s/it]
15it [01:15,  3.77s/it]
16it [01:17,  3.17s/it]
17it [01:25,  4.80s/it]
18it [01:26,  3.67s/it]
19it [01:30,  3.75s/it]
20it [01:32,  3.24s/it]
21it [01:40,  4.69s/it]
22it [01:42,  3.79s/it]
23it [01:46,  3.93s/it]
24it [01:47,  3.04s/it]
25it [01:56,  4.82s/it]
26it [01:57,  3.77s/it]
27it [01:59,  2.97s/it]
28it [01:59,  2.25s/it]
29it [02:05,  3.45s/it]
30it [02:06,  2.53s/it]
31it [02:07,  2.09s/it]
32it [02:07,  1.56s/it]
33it [02:08,  1.43s/it]
33it [02:08,  3.91s/it]
Compute metrics for 2072 samples
final/VideoMetricType.FVD : 190.659012
{'final/VideoMetricType.FVD': 190.6590118408203}
Number of frames in the videos: 16
Real data options:
{'class_name': 'tools.utils.dataset.VideoFramesFolderDataset', 'path': '/scratch/s224075134/temporal_diffusion/datasets/video/ucf101/images', 'cfg': {'max_num_frames': 10000}, 'load_n_consecutive': 16, 'subsample_factor': 3, 'discard_short_videos': True, 'xflip': False, 'resolution': 256, 'use_labels': False}
Fake data options:
{'class_name': 'tools.utils.dataset.VideoDataset', 'path': 'generation/ucf101_img256/000-FusedMatLatteIMG-XL-128-512-2-concat-F16S3-ucf101_img256-ImageNetPretrained-Compile-Amp-loadpixel/ddpm_250/0670000', 'cfg': {'max_num_frames': 10000}, 'load_n_consecutive': 16, 'load_n_consecutive_random_offset': False, 'subsample_factor': 1, 'xflip': False, 'resolution': 256, 'use_labels': False}
3
self._path generation/ucf101_img256/000-FusedMatLatteIMG-XL-128-512-2-concat-F16S3-ucf101_img256-ImageNetPretrained-Compile-Amp-loadpixel/ddpm_250/0670000
num_items: 2072
len(real_dataset): 13298
/scratch/s224075134/miniconda/envs/latte/lib/python3.12/site-packages/torch/utils/data/dataloader.py:617: UserWarning: This DataLoader will create 4 worker processes in total. Our suggested max number of worker in current system is 2, which is smaller than what this DataLoader is going to create. Please be aware that excessive worker creation might get DataLoader running slow or even freeze, lower the worker number to avoid potential slowness/freeze if necessary.
  warnings.warn(
len(fake_loader): 33
len(real_loader): 33

0it [00:00, ?it/s]
1it [00:27, 27.07s/it]
2it [00:27, 11.60s/it]
3it [00:29,  7.17s/it]
4it [00:31,  5.02s/it]
5it [00:38,  5.60s/it]
6it [00:40,  4.53s/it]
7it [00:42,  3.78s/it]
8it [00:45,  3.40s/it]
9it [00:53,  4.92s/it]
10it [00:57,  4.60s/it]
11it [01:00,  4.08s/it]
12it [01:01,  3.31s/it]
13it [01:09,  4.52s/it]
14it [01:12,  4.07s/it]
15it [01:15,  3.77s/it]
16it [01:17,  3.28s/it]
17it [01:24,  4.50s/it]
18it [01:27,  4.02s/it]
19it [01:30,  3.75s/it]
20it [01:32,  3.05s/it]
21it [01:40,  4.69s/it]
22it [01:43,  4.18s/it]
23it [01:46,  3.77s/it]
24it [01:48,  3.19s/it]
25it [01:56,  4.58s/it]
26it [01:58,  3.78s/it]
27it [01:58,  2.86s/it]
28it [01:59,  2.16s/it]
29it [02:05,  3.25s/it]
30it [02:06,  2.53s/it]
31it [02:06,  2.01s/it]
32it [02:07,  1.50s/it]
33it [02:08,  1.39s/it]
33it [02:08,  3.89s/it]
Compute metrics for 2072 samples
final/VideoMetricType.FVD : 198.376221
{'final/VideoMetricType.FVD': 198.376220703125}
Number of frames in the videos: 16
Real data options:
{'class_name': 'tools.utils.dataset.VideoFramesFolderDataset', 'path': '/scratch/s224075134/temporal_diffusion/datasets/video/ucf101/images', 'cfg': {'max_num_frames': 10000}, 'load_n_consecutive': 16, 'subsample_factor': 3, 'discard_short_videos': True, 'xflip': False, 'resolution': 256, 'use_labels': False}
Fake data options:
{'class_name': 'tools.utils.dataset.VideoDataset', 'path': 'generation/ucf101_img256/000-FusedMatLatteIMG-XL-128-512-2-concat-F16S3-ucf101_img256-ImageNetPretrained-Compile-Amp-loadpixel/ddpm_250/0670000', 'cfg': {'max_num_frames': 10000}, 'load_n_consecutive': 16, 'load_n_consecutive_random_offset': False, 'subsample_factor': 1, 'xflip': False, 'resolution': 256, 'use_labels': False}
3
self._path generation/ucf101_img256/000-FusedMatLatteIMG-XL-128-512-2-concat-F16S3-ucf101_img256-ImageNetPretrained-Compile-Amp-loadpixel/ddpm_250/0670000
num_items: 2072
len(real_dataset): 13298
/scratch/s224075134/miniconda/envs/latte/lib/python3.12/site-packages/torch/utils/data/dataloader.py:617: UserWarning: This DataLoader will create 4 worker processes in total. Our suggested max number of worker in current system is 2, which is smaller than what this DataLoader is going to create. Please be aware that excessive worker creation might get DataLoader running slow or even freeze, lower the worker number to avoid potential slowness/freeze if necessary.
  warnings.warn(
len(fake_loader): 33
len(real_loader): 33

0it [00:00, ?it/s]
1it [00:28, 28.29s/it]
2it [00:29, 12.07s/it]
3it [00:30,  7.37s/it]
4it [00:33,  5.34s/it]
5it [00:39,  5.84s/it]
6it [00:41,  4.31s/it]
7it [00:43,  3.79s/it]
8it [00:46,  3.39s/it]
9it [00:55,  5.30s/it]
10it [00:57,  4.23s/it]
11it [01:01,  3.97s/it]
12it [01:02,  3.30s/it]
13it [01:11,  5.00s/it]
14it [01:12,  3.82s/it]
15it [01:15,  3.45s/it]
16it [01:17,  2.95s/it]
17it [01:27,  5.19s/it]
18it [01:29,  4.09s/it]
19it [01:32,  3.88s/it]
20it [01:34,  3.25s/it]
21it [01:43,  4.96s/it]
22it [01:44,  3.83s/it]
23it [01:47,  3.67s/it]
24it [01:49,  3.18s/it]
25it [01:58,  4.98s/it]
26it [01:59,  3.63s/it]
27it [01:59,  2.69s/it]
28it [02:00,  2.05s/it]
29it [02:07,  3.44s/it]
30it [02:07,  2.51s/it]
31it [02:07,  1.88s/it]
32it [02:08,  1.41s/it]
33it [02:09,  1.38s/it]
33it [02:09,  3.93s/it]
Compute metrics for 2072 samples
final/VideoMetricType.FVD : 198.972137
{'final/VideoMetricType.FVD': 198.97213745117188}
Number of frames in the videos: 16
Real data options:
{'class_name': 'tools.utils.dataset.VideoFramesFolderDataset', 'path': '/scratch/s224075134/temporal_diffusion/datasets/video/ucf101/images', 'cfg': {'max_num_frames': 10000}, 'load_n_consecutive': 16, 'subsample_factor': 3, 'discard_short_videos': True, 'xflip': False, 'resolution': 256, 'use_labels': False}
Fake data options:
{'class_name': 'tools.utils.dataset.VideoDataset', 'path': 'generation/ucf101_img256/000-FusedMatLatteIMG-XL-128-512-2-concat-F16S3-ucf101_img256-ImageNetPretrained-Compile-Amp-loadpixel/ddpm_250/0670000', 'cfg': {'max_num_frames': 10000}, 'load_n_consecutive': 16, 'load_n_consecutive_random_offset': False, 'subsample_factor': 1, 'xflip': False, 'resolution': 256, 'use_labels': False}
3
self._path generation/ucf101_img256/000-FusedMatLatteIMG-XL-128-512-2-concat-F16S3-ucf101_img256-ImageNetPretrained-Compile-Amp-loadpixel/ddpm_250/0670000
num_items: 2072
len(real_dataset): 13298
/scratch/s224075134/miniconda/envs/latte/lib/python3.12/site-packages/torch/utils/data/dataloader.py:617: UserWarning: This DataLoader will create 4 worker processes in total. Our suggested max number of worker in current system is 2, which is smaller than what this DataLoader is going to create. Please be aware that excessive worker creation might get DataLoader running slow or even freeze, lower the worker number to avoid potential slowness/freeze if necessary.
  warnings.warn(
len(fake_loader): 33
len(real_loader): 33

0it [00:00, ?it/s]
1it [00:27, 27.04s/it]
2it [00:27, 11.57s/it]
3it [00:30,  7.43s/it]
4it [00:32,  5.40s/it]
5it [00:37,  5.30s/it]
6it [00:39,  4.01s/it]
7it [00:42,  3.80s/it]
8it [00:43,  3.03s/it]
9it [00:53,  5.05s/it]
10it [00:54,  3.84s/it]
11it [00:58,  3.77s/it]
12it [01:00,  3.33s/it]
13it [01:08,  4.68s/it]
14it [01:09,  3.71s/it]
15it [01:13,  3.72s/it]
16it [01:15,  3.10s/it]
17it [01:23,  4.69s/it]
18it [01:24,  3.70s/it]
19it [01:29,  3.87s/it]
20it [01:30,  3.09s/it]
21it [01:38,  4.57s/it]
22it [01:39,  3.62s/it]
23it [01:44,  3.91s/it]
24it [01:46,  3.22s/it]
25it [01:53,  4.39s/it]
26it [01:54,  3.48s/it]
27it [01:55,  2.84s/it]
28it [01:56,  2.14s/it]
29it [02:01,  3.08s/it]
30it [02:03,  2.70s/it]
31it [02:03,  2.02s/it]
32it [02:04,  1.52s/it]
33it [02:05,  1.40s/it]
33it [02:05,  3.81s/it]
Compute metrics for 2072 samples
final/VideoMetricType.FVD : 195.413422
{'final/VideoMetricType.FVD': 195.41342163085938}
Number of frames in the videos: 16
Real data options:
{'class_name': 'tools.utils.dataset.VideoFramesFolderDataset', 'path': '/scratch/s224075134/temporal_diffusion/datasets/video/ucf101/images', 'cfg': {'max_num_frames': 10000}, 'load_n_consecutive': 16, 'subsample_factor': 3, 'discard_short_videos': True, 'xflip': False, 'resolution': 256, 'use_labels': False}
Fake data options:
{'class_name': 'tools.utils.dataset.VideoDataset', 'path': 'generation/ucf101_img256/000-FusedMatLatteIMG-XL-128-512-2-concat-F16S3-ucf101_img256-ImageNetPretrained-Compile-Amp-loadpixel/ddpm_250/0670000', 'cfg': {'max_num_frames': 10000}, 'load_n_consecutive': 16, 'load_n_consecutive_random_offset': False, 'subsample_factor': 1, 'xflip': False, 'resolution': 256, 'use_labels': False}
3
self._path generation/ucf101_img256/000-FusedMatLatteIMG-XL-128-512-2-concat-F16S3-ucf101_img256-ImageNetPretrained-Compile-Amp-loadpixel/ddpm_250/0670000
num_items: 2072
len(real_dataset): 13298
/scratch/s224075134/miniconda/envs/latte/lib/python3.12/site-packages/torch/utils/data/dataloader.py:617: UserWarning: This DataLoader will create 4 worker processes in total. Our suggested max number of worker in current system is 2, which is smaller than what this DataLoader is going to create. Please be aware that excessive worker creation might get DataLoader running slow or even freeze, lower the worker number to avoid potential slowness/freeze if necessary.
  warnings.warn(
len(fake_loader): 33
len(real_loader): 33

0it [00:00, ?it/s]
1it [00:27, 27.16s/it]
2it [00:27, 11.55s/it]
3it [00:29,  7.02s/it]
4it [00:30,  4.86s/it]
5it [00:39,  6.29s/it]
6it [00:41,  4.67s/it]
7it [00:44,  4.22s/it]
8it [00:46,  3.46s/it]
9it [00:55,  5.30s/it]
10it [00:56,  3.94s/it]
11it [00:58,  3.43s/it]
12it [01:01,  3.07s/it]
13it [01:11,  5.22s/it]
14it [01:12,  4.01s/it]
15it [01:15,  3.77s/it]
16it [01:18,  3.33s/it]
17it [01:26,  4.95s/it]
18it [01:27,  3.75s/it]
19it [01:30,  3.54s/it]
20it [01:33,  3.35s/it]
21it [01:42,  4.87s/it]
22it [01:43,  3.70s/it]
23it [01:45,  3.41s/it]
24it [01:48,  3.30s/it]
25it [01:57,  5.03s/it]
26it [01:58,  3.71s/it]
27it [01:59,  2.85s/it]
28it [01:59,  2.14s/it]
29it [02:06,  3.50s/it]
30it [02:06,  2.54s/it]
31it [02:07,  1.91s/it]
32it [02:07,  1.43s/it]
33it [02:09,  1.49s/it]
33it [02:09,  3.92s/it]
Compute metrics for 2072 samples
final/VideoMetricType.FVD : 179.329819
{'final/VideoMetricType.FVD': 179.32981872558594}
Number of frames in the videos: 16
Real data options:
{'class_name': 'tools.utils.dataset.VideoFramesFolderDataset', 'path': '/scratch/s224075134/temporal_diffusion/datasets/video/ucf101/images', 'cfg': {'max_num_frames': 10000}, 'load_n_consecutive': 16, 'subsample_factor': 3, 'discard_short_videos': True, 'xflip': False, 'resolution': 256, 'use_labels': False}
Fake data options:
{'class_name': 'tools.utils.dataset.VideoDataset', 'path': 'generation/ucf101_img256/000-FusedMatLatteIMG-XL-128-512-2-concat-F16S3-ucf101_img256-ImageNetPretrained-Compile-Amp-loadpixel/ddpm_250/0670000', 'cfg': {'max_num_frames': 10000}, 'load_n_consecutive': 16, 'load_n_consecutive_random_offset': False, 'subsample_factor': 1, 'xflip': False, 'resolution': 256, 'use_labels': False}
3
self._path generation/ucf101_img256/000-FusedMatLatteIMG-XL-128-512-2-concat-F16S3-ucf101_img256-ImageNetPretrained-Compile-Amp-loadpixel/ddpm_250/0670000
num_items: 2072
len(real_dataset): 13298
/scratch/s224075134/miniconda/envs/latte/lib/python3.12/site-packages/torch/utils/data/dataloader.py:617: UserWarning: This DataLoader will create 4 worker processes in total. Our suggested max number of worker in current system is 2, which is smaller than what this DataLoader is going to create. Please be aware that excessive worker creation might get DataLoader running slow or even freeze, lower the worker number to avoid potential slowness/freeze if necessary.
  warnings.warn(
len(fake_loader): 33
len(real_loader): 33

0it [00:00, ?it/s]
1it [00:27, 27.52s/it]
2it [00:28, 11.71s/it]
3it [00:29,  7.19s/it]
4it [00:31,  5.08s/it]
5it [00:39,  5.90s/it]
6it [00:40,  4.32s/it]
7it [00:43,  3.79s/it]
8it [00:45,  3.31s/it]
9it [00:54,  5.22s/it]
10it [00:56,  4.04s/it]
11it [00:59,  3.73s/it]
12it [01:01,  3.24s/it]
13it [01:10,  4.89s/it]
14it [01:11,  3.71s/it]
15it [01:14,  3.50s/it]
16it [01:16,  3.14s/it]
17it [01:25,  4.91s/it]
18it [01:26,  3.77s/it]
19it [01:29,  3.51s/it]
20it [01:31,  3.10s/it]
21it [01:40,  4.86s/it]
22it [01:42,  3.86s/it]
23it [01:45,  3.70s/it]
24it [01:47,  3.23s/it]
25it [01:55,  4.67s/it]
26it [01:56,  3.49s/it]
27it [01:57,  2.68s/it]
28it [01:57,  2.00s/it]
29it [02:03,  3.35s/it]
30it [02:04,  2.44s/it]
31it [02:04,  1.84s/it]
32it [02:05,  1.38s/it]
33it [02:06,  1.45s/it]
33it [02:06,  3.84s/it]
Compute metrics for 2072 samples
final/VideoMetricType.FVD : 194.754898
{'final/VideoMetricType.FVD': 194.75489807128906}
Number of frames in the videos: 16
Real data options:
{'class_name': 'tools.utils.dataset.VideoFramesFolderDataset', 'path': '/scratch/s224075134/temporal_diffusion/datasets/video/ucf101/images', 'cfg': {'max_num_frames': 10000}, 'load_n_consecutive': 16, 'subsample_factor': 3, 'discard_short_videos': True, 'xflip': False, 'resolution': 256, 'use_labels': False}
Fake data options:
{'class_name': 'tools.utils.dataset.VideoDataset', 'path': 'generation/ucf101_img256/000-FusedMatLatteIMG-XL-128-512-2-concat-F16S3-ucf101_img256-ImageNetPretrained-Compile-Amp-loadpixel/ddpm_250/0670000', 'cfg': {'max_num_frames': 10000}, 'load_n_consecutive': 16, 'load_n_consecutive_random_offset': False, 'subsample_factor': 1, 'xflip': False, 'resolution': 256, 'use_labels': False}
3
self._path generation/ucf101_img256/000-FusedMatLatteIMG-XL-128-512-2-concat-F16S3-ucf101_img256-ImageNetPretrained-Compile-Amp-loadpixel/ddpm_250/0670000
num_items: 2072
len(real_dataset): 13298
/scratch/s224075134/miniconda/envs/latte/lib/python3.12/site-packages/torch/utils/data/dataloader.py:617: UserWarning: This DataLoader will create 4 worker processes in total. Our suggested max number of worker in current system is 2, which is smaller than what this DataLoader is going to create. Please be aware that excessive worker creation might get DataLoader running slow or even freeze, lower the worker number to avoid potential slowness/freeze if necessary.
  warnings.warn(
len(fake_loader): 33
len(real_loader): 33

0it [00:00, ?it/s]
1it [00:27, 27.56s/it]
2it [00:28, 11.79s/it]
3it [00:29,  7.17s/it]
4it [00:31,  4.98s/it]
5it [00:39,  5.96s/it]
6it [00:40,  4.37s/it]
7it [00:43,  3.97s/it]
8it [00:46,  3.50s/it]
9it [00:55,  5.16s/it]
10it [00:56,  3.94s/it]
11it [00:59,  3.72s/it]
12it [01:01,  3.20s/it]
13it [01:10,  4.92s/it]
14it [01:11,  3.90s/it]
15it [01:15,  3.72s/it]
16it [01:17,  3.25s/it]
17it [01:26,  4.94s/it]
18it [01:27,  3.89s/it]
19it [01:30,  3.67s/it]
20it [01:32,  3.14s/it]
21it [01:41,  4.87s/it]
22it [01:42,  3.77s/it]
23it [01:46,  3.84s/it]
24it [01:48,  3.22s/it]
25it [01:57,  5.05s/it]
26it [01:58,  3.76s/it]
27it [01:59,  2.88s/it]
28it [01:59,  2.11s/it]
29it [02:06,  3.48s/it]
30it [02:06,  2.53s/it]
31it [02:07,  1.94s/it]
32it [02:07,  1.44s/it]
33it [02:09,  1.47s/it]
33it [02:09,  3.92s/it]
Compute metrics for 2072 samples
final/VideoMetricType.FVD : 186.889709
{'final/VideoMetricType.FVD': 186.88970947265625}
Number of frames in the videos: 16
Real data options:
{'class_name': 'tools.utils.dataset.VideoFramesFolderDataset', 'path': '/scratch/s224075134/temporal_diffusion/datasets/video/ucf101/images', 'cfg': {'max_num_frames': 10000}, 'load_n_consecutive': 16, 'subsample_factor': 3, 'discard_short_videos': True, 'xflip': False, 'resolution': 256, 'use_labels': False}
Fake data options:
{'class_name': 'tools.utils.dataset.VideoDataset', 'path': 'generation/ucf101_img256/000-FusedMatLatteIMG-XL-128-512-2-concat-F16S3-ucf101_img256-ImageNetPretrained-Compile-Amp-loadpixel/ddpm_250/0670000', 'cfg': {'max_num_frames': 10000}, 'load_n_consecutive': 16, 'load_n_consecutive_random_offset': False, 'subsample_factor': 1, 'xflip': False, 'resolution': 256, 'use_labels': False}
3
self._path generation/ucf101_img256/000-FusedMatLatteIMG-XL-128-512-2-concat-F16S3-ucf101_img256-ImageNetPretrained-Compile-Amp-loadpixel/ddpm_250/0670000
num_items: 2072
len(real_dataset): 13298
/scratch/s224075134/miniconda/envs/latte/lib/python3.12/site-packages/torch/utils/data/dataloader.py:617: UserWarning: This DataLoader will create 4 worker processes in total. Our suggested max number of worker in current system is 2, which is smaller than what this DataLoader is going to create. Please be aware that excessive worker creation might get DataLoader running slow or even freeze, lower the worker number to avoid potential slowness/freeze if necessary.
  warnings.warn(
len(fake_loader): 33
len(real_loader): 33

0it [00:00, ?it/s]
1it [00:27, 27.21s/it]
2it [00:27, 11.62s/it]
3it [00:29,  7.15s/it]
4it [00:32,  5.23s/it]
5it [00:38,  5.52s/it]
6it [00:40,  4.51s/it]
7it [00:44,  4.27s/it]
8it [00:46,  3.50s/it]
9it [00:53,  4.76s/it]
10it [00:56,  4.12s/it]
11it [00:59,  3.80s/it]
12it [01:01,  3.14s/it]
13it [01:09,  4.66s/it]
14it [01:12,  4.28s/it]
15it [01:15,  3.92s/it]
16it [01:16,  3.08s/it]
17it [01:24,  4.52s/it]
18it [01:29,  4.44s/it]
19it [01:30,  3.63s/it]
20it [01:32,  3.04s/it]
21it [01:40,  4.68s/it]
22it [01:44,  4.47s/it]
23it [01:47,  3.93s/it]
24it [01:49,  3.34s/it]
25it [01:56,  4.44s/it]
26it [01:59,  3.86s/it]
27it [01:59,  2.92s/it]
28it [02:00,  2.18s/it]
29it [02:05,  3.14s/it]
30it [02:06,  2.58s/it]
31it [02:07,  1.93s/it]
32it [02:07,  1.45s/it]
33it [02:08,  1.35s/it]
33it [02:08,  3.91s/it]
Compute metrics for 2072 samples
final/VideoMetricType.FVD : 191.880798
{'final/VideoMetricType.FVD': 191.88079833984375}
Number of frames in the videos: 16
Real data options:
{'class_name': 'tools.utils.dataset.VideoFramesFolderDataset', 'path': '/scratch/s224075134/temporal_diffusion/datasets/video/ucf101/images', 'cfg': {'max_num_frames': 10000}, 'load_n_consecutive': 16, 'subsample_factor': 3, 'discard_short_videos': True, 'xflip': False, 'resolution': 256, 'use_labels': False}
Fake data options:
{'class_name': 'tools.utils.dataset.VideoDataset', 'path': 'generation/ucf101_img256/000-FusedMatLatteIMG-XL-128-512-2-concat-F16S3-ucf101_img256-ImageNetPretrained-Compile-Amp-loadpixel/ddpm_250/0670000', 'cfg': {'max_num_frames': 10000}, 'load_n_consecutive': 16, 'load_n_consecutive_random_offset': False, 'subsample_factor': 1, 'xflip': False, 'resolution': 256, 'use_labels': False}
3
self._path generation/ucf101_img256/000-FusedMatLatteIMG-XL-128-512-2-concat-F16S3-ucf101_img256-ImageNetPretrained-Compile-Amp-loadpixel/ddpm_250/0670000
num_items: 2072
len(real_dataset): 13298
/scratch/s224075134/miniconda/envs/latte/lib/python3.12/site-packages/torch/utils/data/dataloader.py:617: UserWarning: This DataLoader will create 4 worker processes in total. Our suggested max number of worker in current system is 2, which is smaller than what this DataLoader is going to create. Please be aware that excessive worker creation might get DataLoader running slow or even freeze, lower the worker number to avoid potential slowness/freeze if necessary.
  warnings.warn(
len(fake_loader): 33
len(real_loader): 33

0it [00:00, ?it/s]
1it [00:27, 27.53s/it]
2it [00:28, 11.66s/it]
3it [00:30,  7.26s/it]
4it [00:31,  5.10s/it]
5it [00:39,  6.04s/it]
6it [00:40,  4.30s/it]
7it [00:43,  3.72s/it]
8it [00:45,  3.30s/it]
9it [00:55,  5.47s/it]
10it [00:56,  4.16s/it]
11it [01:00,  3.85s/it]
12it [01:02,  3.43s/it]
13it [01:11,  5.06s/it]
14it [01:13,  4.07s/it]
15it [01:16,  3.78s/it]
16it [01:17,  3.16s/it]
17it [01:27,  4.99s/it]
18it [01:28,  3.92s/it]
19it [01:31,  3.56s/it]
20it [01:33,  3.12s/it]
21it [01:42,  4.90s/it]
22it [01:44,  3.90s/it]
23it [01:47,  3.79s/it]
24it [01:49,  3.13s/it]
25it [01:58,  4.95s/it]
26it [01:59,  3.66s/it]
27it [01:59,  2.78s/it]
28it [02:00,  2.10s/it]
29it [02:06,  3.34s/it]
30it [02:06,  2.43s/it]
31it [02:07,  1.83s/it]
32it [02:07,  1.37s/it]
33it [02:09,  1.49s/it]
33it [02:09,  3.92s/it]
Compute metrics for 2072 samples
final/VideoMetricType.FVD : 183.574356
{'final/VideoMetricType.FVD': 183.57435607910156}
Number of frames in the videos: 16
Real data options:
{'class_name': 'tools.utils.dataset.VideoFramesFolderDataset', 'path': '/scratch/s224075134/temporal_diffusion/datasets/video/ucf101/images', 'cfg': {'max_num_frames': 10000}, 'load_n_consecutive': 16, 'subsample_factor': 3, 'discard_short_videos': True, 'xflip': False, 'resolution': 256, 'use_labels': False}
Fake data options:
{'class_name': 'tools.utils.dataset.VideoDataset', 'path': 'generation/ucf101_img256/000-FusedMatLatteIMG-XL-128-512-2-concat-F16S3-ucf101_img256-ImageNetPretrained-Compile-Amp-loadpixel/ddpm_250/0670000', 'cfg': {'max_num_frames': 10000}, 'load_n_consecutive': 16, 'load_n_consecutive_random_offset': False, 'subsample_factor': 1, 'xflip': False, 'resolution': 256, 'use_labels': False}
3
self._path generation/ucf101_img256/000-FusedMatLatteIMG-XL-128-512-2-concat-F16S3-ucf101_img256-ImageNetPretrained-Compile-Amp-loadpixel/ddpm_250/0670000
num_items: 2072
len(real_dataset): 13298
/scratch/s224075134/miniconda/envs/latte/lib/python3.12/site-packages/torch/utils/data/dataloader.py:617: UserWarning: This DataLoader will create 4 worker processes in total. Our suggested max number of worker in current system is 2, which is smaller than what this DataLoader is going to create. Please be aware that excessive worker creation might get DataLoader running slow or even freeze, lower the worker number to avoid potential slowness/freeze if necessary.
  warnings.warn(
len(fake_loader): 33
len(real_loader): 33

0it [00:00, ?it/s]
1it [00:27, 27.08s/it]
2it [00:27, 11.40s/it]
3it [00:29,  7.19s/it]
4it [00:31,  5.14s/it]
5it [00:38,  5.84s/it]
6it [00:40,  4.39s/it]
7it [00:43,  4.14s/it]
8it [00:45,  3.21s/it]
9it [00:54,  5.04s/it]
10it [00:55,  3.88s/it]
11it [00:59,  4.04s/it]
12it [01:00,  3.11s/it]
13it [01:10,  4.94s/it]
14it [01:11,  3.97s/it]
15it [01:15,  3.83s/it]
16it [01:16,  3.09s/it]
17it [01:25,  4.73s/it]
18it [01:26,  3.70s/it]
19it [01:31,  4.00s/it]
20it [01:33,  3.37s/it]
21it [01:40,  4.64s/it]
22it [01:41,  3.59s/it]
23it [01:47,  4.11s/it]
24it [01:48,  3.31s/it]
25it [01:56,  4.53s/it]
26it [01:56,  3.41s/it]
27it [01:59,  3.12s/it]
28it [01:59,  2.28s/it]
29it [02:04,  3.15s/it]
30it [02:05,  2.30s/it]
31it [02:07,  2.25s/it]
32it [02:07,  1.66s/it]
33it [02:08,  1.50s/it]
33it [02:08,  3.90s/it]
Compute metrics for 2072 samples
final/VideoMetricType.FVD : 189.532349
{'final/VideoMetricType.FVD': 189.5323486328125}
Number of frames in the videos: 16
Real data options:
{'class_name': 'tools.utils.dataset.VideoFramesFolderDataset', 'path': '/scratch/s224075134/temporal_diffusion/datasets/video/ucf101/images', 'cfg': {'max_num_frames': 10000}, 'load_n_consecutive': 16, 'subsample_factor': 3, 'discard_short_videos': True, 'xflip': False, 'resolution': 256, 'use_labels': False}
Fake data options:
{'class_name': 'tools.utils.dataset.VideoDataset', 'path': 'generation/ucf101_img256/000-FusedMatLatteIMG-XL-128-512-2-concat-F16S3-ucf101_img256-ImageNetPretrained-Compile-Amp-loadpixel/ddpm_250/0670000', 'cfg': {'max_num_frames': 10000}, 'load_n_consecutive': 16, 'load_n_consecutive_random_offset': False, 'subsample_factor': 1, 'xflip': False, 'resolution': 256, 'use_labels': False}
3
self._path generation/ucf101_img256/000-FusedMatLatteIMG-XL-128-512-2-concat-F16S3-ucf101_img256-ImageNetPretrained-Compile-Amp-loadpixel/ddpm_250/0670000
num_items: 2072
len(real_dataset): 13298
/scratch/s224075134/miniconda/envs/latte/lib/python3.12/site-packages/torch/utils/data/dataloader.py:617: UserWarning: This DataLoader will create 4 worker processes in total. Our suggested max number of worker in current system is 2, which is smaller than what this DataLoader is going to create. Please be aware that excessive worker creation might get DataLoader running slow or even freeze, lower the worker number to avoid potential slowness/freeze if necessary.
  warnings.warn(
len(fake_loader): 33
len(real_loader): 33

0it [00:00, ?it/s]
1it [00:27, 27.49s/it]
2it [00:28, 11.66s/it]
3it [00:30,  7.25s/it]
4it [00:32,  5.28s/it]
5it [00:39,  5.79s/it]
6it [00:40,  4.21s/it]
7it [00:42,  3.68s/it]
8it [00:45,  3.24s/it]
9it [00:54,  5.23s/it]
10it [00:56,  4.06s/it]
11it [00:59,  3.88s/it]
12it [01:01,  3.26s/it]
13it [01:10,  4.89s/it]
14it [01:12,  4.13s/it]
15it [01:15,  3.71s/it]
16it [01:16,  3.06s/it]
17it [01:25,  4.76s/it]
18it [01:27,  4.08s/it]
19it [01:30,  3.67s/it]
20it [01:32,  3.04s/it]
21it [01:41,  4.79s/it]
22it [01:43,  4.08s/it]
23it [01:46,  3.86s/it]
24it [01:48,  3.21s/it]
25it [01:56,  4.72s/it]
26it [01:58,  3.80s/it]
27it [01:59,  2.88s/it]
28it [01:59,  2.17s/it]
29it [02:05,  3.36s/it]
30it [02:06,  2.53s/it]
31it [02:06,  1.89s/it]
32it [02:07,  1.41s/it]
33it [02:08,  1.42s/it]
33it [02:08,  3.90s/it]
Compute metrics for 2072 samples
final/VideoMetricType.FVD : 196.366364
{'final/VideoMetricType.FVD': 196.36636352539062}
Number of frames in the videos: 16
Real data options:
{'class_name': 'tools.utils.dataset.VideoFramesFolderDataset', 'path': '/scratch/s224075134/temporal_diffusion/datasets/video/ucf101/images', 'cfg': {'max_num_frames': 10000}, 'load_n_consecutive': 16, 'subsample_factor': 3, 'discard_short_videos': True, 'xflip': False, 'resolution': 256, 'use_labels': False}
Fake data options:
{'class_name': 'tools.utils.dataset.VideoDataset', 'path': 'generation/ucf101_img256/000-FusedMatLatteIMG-XL-128-512-2-concat-F16S3-ucf101_img256-ImageNetPretrained-Compile-Amp-loadpixel/ddpm_250/0670000', 'cfg': {'max_num_frames': 10000}, 'load_n_consecutive': 16, 'load_n_consecutive_random_offset': False, 'subsample_factor': 1, 'xflip': False, 'resolution': 256, 'use_labels': False}
3
self._path generation/ucf101_img256/000-FusedMatLatteIMG-XL-128-512-2-concat-F16S3-ucf101_img256-ImageNetPretrained-Compile-Amp-loadpixel/ddpm_250/0670000
num_items: 2072
len(real_dataset): 13298
/scratch/s224075134/miniconda/envs/latte/lib/python3.12/site-packages/torch/utils/data/dataloader.py:617: UserWarning: This DataLoader will create 4 worker processes in total. Our suggested max number of worker in current system is 2, which is smaller than what this DataLoader is going to create. Please be aware that excessive worker creation might get DataLoader running slow or even freeze, lower the worker number to avoid potential slowness/freeze if necessary.
  warnings.warn(
len(fake_loader): 33
len(real_loader): 33

0it [00:00, ?it/s]
1it [00:27, 27.27s/it]
2it [00:27, 11.65s/it]
3it [00:30,  7.49s/it]
4it [00:32,  5.29s/it]
5it [00:38,  5.52s/it]
6it [00:39,  4.00s/it]
7it [00:41,  3.49s/it]
8it [00:44,  3.29s/it]
9it [00:53,  5.03s/it]
10it [00:55,  4.02s/it]
11it [00:58,  3.82s/it]
12it [01:00,  3.07s/it]
13it [01:08,  4.64s/it]
14it [01:10,  3.95s/it]
15it [01:13,  3.57s/it]
16it [01:14,  2.84s/it]
17it [01:23,  4.70s/it]
18it [01:26,  4.24s/it]
19it [01:29,  3.82s/it]
20it [01:31,  3.25s/it]
21it [01:38,  4.29s/it]
22it [01:42,  4.33s/it]
23it [01:43,  3.40s/it]
24it [01:46,  3.18s/it]
25it [01:53,  4.25s/it]
26it [01:56,  3.86s/it]
27it [01:56,  2.83s/it]
28it [01:56,  2.08s/it]
29it [02:02,  3.07s/it]
30it [02:03,  2.56s/it]
31it [02:04,  1.91s/it]
32it [02:04,  1.42s/it]
33it [02:05,  1.33s/it]
33it [02:05,  3.81s/it]
Compute metrics for 2072 samples
final/VideoMetricType.FVD : 185.732803
{'final/VideoMetricType.FVD': 185.73280334472656}
Number of frames in the videos: 16
Real data options:
{'class_name': 'tools.utils.dataset.VideoFramesFolderDataset', 'path': '/scratch/s224075134/temporal_diffusion/datasets/video/ucf101/images', 'cfg': {'max_num_frames': 10000}, 'load_n_consecutive': 16, 'subsample_factor': 3, 'discard_short_videos': True, 'xflip': False, 'resolution': 256, 'use_labels': False}
Fake data options:
{'class_name': 'tools.utils.dataset.VideoDataset', 'path': 'generation/ucf101_img256/000-FusedMatLatteIMG-XL-128-512-2-concat-F16S3-ucf101_img256-ImageNetPretrained-Compile-Amp-loadpixel/ddpm_250/0670000', 'cfg': {'max_num_frames': 10000}, 'load_n_consecutive': 16, 'load_n_consecutive_random_offset': False, 'subsample_factor': 1, 'xflip': False, 'resolution': 256, 'use_labels': False}
3
self._path generation/ucf101_img256/000-FusedMatLatteIMG-XL-128-512-2-concat-F16S3-ucf101_img256-ImageNetPretrained-Compile-Amp-loadpixel/ddpm_250/0670000
num_items: 2072
len(real_dataset): 13298
/scratch/s224075134/miniconda/envs/latte/lib/python3.12/site-packages/torch/utils/data/dataloader.py:617: UserWarning: This DataLoader will create 4 worker processes in total. Our suggested max number of worker in current system is 2, which is smaller than what this DataLoader is going to create. Please be aware that excessive worker creation might get DataLoader running slow or even freeze, lower the worker number to avoid potential slowness/freeze if necessary.
  warnings.warn(
len(fake_loader): 33
len(real_loader): 33

0it [00:00, ?it/s]
1it [00:27, 27.59s/it]
2it [00:28, 11.76s/it]
3it [00:29,  7.10s/it]
4it [00:31,  5.07s/it]
5it [00:39,  6.08s/it]
6it [00:41,  4.66s/it]
7it [00:44,  4.25s/it]
8it [00:46,  3.27s/it]
9it [00:55,  5.11s/it]
10it [00:56,  4.03s/it]
11it [01:00,  3.83s/it]
12it [01:02,  3.25s/it]
13it [01:11,  4.96s/it]
14it [01:12,  3.91s/it]
15it [01:16,  3.82s/it]
16it [01:17,  3.19s/it]
17it [01:26,  4.67s/it]
18it [01:28,  3.98s/it]
19it [01:31,  3.57s/it]
20it [01:33,  3.20s/it]
21it [01:41,  4.75s/it]
22it [01:44,  4.04s/it]
23it [01:46,  3.55s/it]
24it [01:48,  3.06s/it]
25it [01:57,  4.79s/it]
26it [01:59,  3.95s/it]
27it [01:59,  2.89s/it]
28it [01:59,  2.12s/it]
29it [02:06,  3.39s/it]
30it [02:07,  2.70s/it]
31it [02:07,  2.01s/it]
32it [02:08,  1.49s/it]
33it [02:09,  1.38s/it]
33it [02:09,  3.92s/it]
Compute metrics for 2072 samples
final/VideoMetricType.FVD : 202.447388
{'final/VideoMetricType.FVD': 202.4473876953125}
Number of frames in the videos: 16
Real data options:
{'class_name': 'tools.utils.dataset.VideoFramesFolderDataset', 'path': '/scratch/s224075134/temporal_diffusion/datasets/video/ucf101/images', 'cfg': {'max_num_frames': 10000}, 'load_n_consecutive': 16, 'subsample_factor': 3, 'discard_short_videos': True, 'xflip': False, 'resolution': 256, 'use_labels': False}
Fake data options:
{'class_name': 'tools.utils.dataset.VideoDataset', 'path': 'generation/ucf101_img256/000-FusedMatLatteIMG-XL-128-512-2-concat-F16S3-ucf101_img256-ImageNetPretrained-Compile-Amp-loadpixel/ddpm_250/0670000', 'cfg': {'max_num_frames': 10000}, 'load_n_consecutive': 16, 'load_n_consecutive_random_offset': False, 'subsample_factor': 1, 'xflip': False, 'resolution': 256, 'use_labels': False}
3
self._path generation/ucf101_img256/000-FusedMatLatteIMG-XL-128-512-2-concat-F16S3-ucf101_img256-ImageNetPretrained-Compile-Amp-loadpixel/ddpm_250/0670000
num_items: 2072
len(real_dataset): 13298
/scratch/s224075134/miniconda/envs/latte/lib/python3.12/site-packages/torch/utils/data/dataloader.py:617: UserWarning: This DataLoader will create 4 worker processes in total. Our suggested max number of worker in current system is 2, which is smaller than what this DataLoader is going to create. Please be aware that excessive worker creation might get DataLoader running slow or even freeze, lower the worker number to avoid potential slowness/freeze if necessary.
  warnings.warn(
len(fake_loader): 33
len(real_loader): 33

0it [00:00, ?it/s]
1it [00:27, 27.28s/it]
2it [00:27, 11.53s/it]
3it [00:29,  6.92s/it]
4it [00:31,  5.06s/it]
5it [00:39,  5.97s/it]
6it [00:40,  4.56s/it]
7it [00:43,  4.09s/it]
8it [00:46,  3.45s/it]
9it [00:54,  5.11s/it]
10it [00:56,  4.02s/it]
11it [00:59,  3.71s/it]
12it [01:01,  3.19s/it]
13it [01:10,  4.95s/it]
14it [01:12,  4.00s/it]
15it [01:15,  3.74s/it]
16it [01:17,  3.24s/it]
17it [01:26,  4.91s/it]
18it [01:27,  3.79s/it]
19it [01:30,  3.53s/it]
20it [01:32,  3.22s/it]
21it [01:41,  4.79s/it]
22it [01:43,  3.93s/it]
23it [01:46,  3.74s/it]
24it [01:48,  3.22s/it]
25it [01:57,  4.82s/it]
26it [01:58,  3.84s/it]
27it [01:59,  2.90s/it]
28it [01:59,  2.17s/it]
29it [02:06,  3.44s/it]
30it [02:06,  2.60s/it]
31it [02:07,  1.96s/it]
32it [02:07,  1.46s/it]
33it [02:09,  1.47s/it]
33it [02:09,  3.91s/it]
Compute metrics for 2072 samples
final/VideoMetricType.FVD : 198.175537
{'final/VideoMetricType.FVD': 198.175537109375}
Number of frames in the videos: 16
Real data options:
{'class_name': 'tools.utils.dataset.VideoFramesFolderDataset', 'path': '/scratch/s224075134/temporal_diffusion/datasets/video/ucf101/images', 'cfg': {'max_num_frames': 10000}, 'load_n_consecutive': 16, 'subsample_factor': 3, 'discard_short_videos': True, 'xflip': False, 'resolution': 256, 'use_labels': False}
Fake data options:
{'class_name': 'tools.utils.dataset.VideoDataset', 'path': 'generation/ucf101_img256/000-FusedMatLatteIMG-XL-128-512-2-concat-F16S3-ucf101_img256-ImageNetPretrained-Compile-Amp-loadpixel/ddpm_250/0670000', 'cfg': {'max_num_frames': 10000}, 'load_n_consecutive': 16, 'load_n_consecutive_random_offset': False, 'subsample_factor': 1, 'xflip': False, 'resolution': 256, 'use_labels': False}
3
self._path generation/ucf101_img256/000-FusedMatLatteIMG-XL-128-512-2-concat-F16S3-ucf101_img256-ImageNetPretrained-Compile-Amp-loadpixel/ddpm_250/0670000
num_items: 2072
len(real_dataset): 13298
/scratch/s224075134/miniconda/envs/latte/lib/python3.12/site-packages/torch/utils/data/dataloader.py:617: UserWarning: This DataLoader will create 4 worker processes in total. Our suggested max number of worker in current system is 2, which is smaller than what this DataLoader is going to create. Please be aware that excessive worker creation might get DataLoader running slow or even freeze, lower the worker number to avoid potential slowness/freeze if necessary.
  warnings.warn(
len(fake_loader): 33
len(real_loader): 33

0it [00:00, ?it/s]
1it [00:26, 26.89s/it]
2it [00:27, 11.52s/it]
3it [00:29,  7.28s/it]
4it [00:32,  5.30s/it]
5it [00:38,  5.65s/it]
6it [00:40,  4.37s/it]
7it [00:43,  3.94s/it]
8it [00:45,  3.39s/it]
9it [00:54,  5.10s/it]
10it [00:55,  3.89s/it]
11it [00:58,  3.51s/it]
12it [01:00,  3.01s/it]
13it [01:09,  5.01s/it]
14it [01:10,  3.84s/it]
15it [01:14,  3.80s/it]
16it [01:16,  3.29s/it]
17it [01:25,  4.91s/it]
18it [01:26,  3.82s/it]
19it [01:30,  3.70s/it]
20it [01:32,  3.19s/it]
21it [01:40,  4.82s/it]
22it [01:42,  3.90s/it]
23it [01:45,  3.68s/it]
24it [01:47,  3.19s/it]
25it [01:56,  4.91s/it]
26it [01:57,  3.64s/it]
27it [01:58,  2.83s/it]
28it [01:58,  2.13s/it]
29it [02:05,  3.59s/it]
30it [02:05,  2.61s/it]
31it [02:06,  1.96s/it]
32it [02:06,  1.46s/it]
33it [02:08,  1.54s/it]
33it [02:08,  3.90s/it]
Compute metrics for 2072 samples
final/VideoMetricType.FVD : 192.584274
{'final/VideoMetricType.FVD': 192.5842742919922}
Number of frames in the videos: 16
Real data options:
{'class_name': 'tools.utils.dataset.VideoFramesFolderDataset', 'path': '/scratch/s224075134/temporal_diffusion/datasets/video/ucf101/images', 'cfg': {'max_num_frames': 10000}, 'load_n_consecutive': 16, 'subsample_factor': 3, 'discard_short_videos': True, 'xflip': False, 'resolution': 256, 'use_labels': False}
Fake data options:
{'class_name': 'tools.utils.dataset.VideoDataset', 'path': 'generation/ucf101_img256/000-FusedMatLatteIMG-XL-128-512-2-concat-F16S3-ucf101_img256-ImageNetPretrained-Compile-Amp-loadpixel/ddpm_250/0670000', 'cfg': {'max_num_frames': 10000}, 'load_n_consecutive': 16, 'load_n_consecutive_random_offset': False, 'subsample_factor': 1, 'xflip': False, 'resolution': 256, 'use_labels': False}
3
self._path generation/ucf101_img256/000-FusedMatLatteIMG-XL-128-512-2-concat-F16S3-ucf101_img256-ImageNetPretrained-Compile-Amp-loadpixel/ddpm_250/0670000
num_items: 2072
len(real_dataset): 13298
/scratch/s224075134/miniconda/envs/latte/lib/python3.12/site-packages/torch/utils/data/dataloader.py:617: UserWarning: This DataLoader will create 4 worker processes in total. Our suggested max number of worker in current system is 2, which is smaller than what this DataLoader is going to create. Please be aware that excessive worker creation might get DataLoader running slow or even freeze, lower the worker number to avoid potential slowness/freeze if necessary.
  warnings.warn(
len(fake_loader): 33
len(real_loader): 33

0it [00:00, ?it/s]
1it [00:27, 27.62s/it]
2it [00:28, 11.77s/it]
3it [00:30,  7.46s/it]
4it [00:32,  5.21s/it]
5it [00:39,  5.94s/it]
6it [00:40,  4.38s/it]
7it [00:44,  3.96s/it]
8it [00:46,  3.35s/it]
9it [00:54,  5.07s/it]
10it [00:56,  3.90s/it]
11it [00:59,  3.84s/it]
12it [01:01,  3.24s/it]
13it [01:10,  4.82s/it]
14it [01:12,  3.89s/it]
15it [01:15,  3.82s/it]
16it [01:17,  3.14s/it]
17it [01:25,  4.80s/it]
18it [01:27,  3.74s/it]
19it [01:31,  3.90s/it]
20it [01:33,  3.25s/it]
21it [01:41,  4.66s/it]
22it [01:41,  3.52s/it]
23it [01:46,  3.75s/it]
24it [01:47,  2.92s/it]
25it [01:57,  4.97s/it]
26it [01:57,  3.68s/it]
27it [01:59,  3.07s/it]
28it [01:59,  2.25s/it]
29it [02:05,  3.38s/it]
30it [02:05,  2.46s/it]
31it [02:07,  2.04s/it]
32it [02:07,  1.52s/it]
33it [02:08,  1.48s/it]
33it [02:08,  3.90s/it]
Compute metrics for 2072 samples
final/VideoMetricType.FVD : 189.448746
{'final/VideoMetricType.FVD': 189.44874572753906}
Number of frames in the videos: 16
Real data options:
{'class_name': 'tools.utils.dataset.VideoFramesFolderDataset', 'path': '/scratch/s224075134/temporal_diffusion/datasets/video/ucf101/images', 'cfg': {'max_num_frames': 10000}, 'load_n_consecutive': 16, 'subsample_factor': 3, 'discard_short_videos': True, 'xflip': False, 'resolution': 256, 'use_labels': False}
Fake data options:
{'class_name': 'tools.utils.dataset.VideoDataset', 'path': 'generation/ucf101_img256/000-FusedMatLatteIMG-XL-128-512-2-concat-F16S3-ucf101_img256-ImageNetPretrained-Compile-Amp-loadpixel/ddpm_250/0670000', 'cfg': {'max_num_frames': 10000}, 'load_n_consecutive': 16, 'load_n_consecutive_random_offset': False, 'subsample_factor': 1, 'xflip': False, 'resolution': 256, 'use_labels': False}
3
self._path generation/ucf101_img256/000-FusedMatLatteIMG-XL-128-512-2-concat-F16S3-ucf101_img256-ImageNetPretrained-Compile-Amp-loadpixel/ddpm_250/0670000
num_items: 2072
len(real_dataset): 13298
/scratch/s224075134/miniconda/envs/latte/lib/python3.12/site-packages/torch/utils/data/dataloader.py:617: UserWarning: This DataLoader will create 4 worker processes in total. Our suggested max number of worker in current system is 2, which is smaller than what this DataLoader is going to create. Please be aware that excessive worker creation might get DataLoader running slow or even freeze, lower the worker number to avoid potential slowness/freeze if necessary.
  warnings.warn(
len(fake_loader): 33
len(real_loader): 33

0it [00:00, ?it/s]
1it [00:28, 28.07s/it]
2it [00:28, 12.02s/it]
3it [00:31,  7.51s/it]
4it [00:33,  5.37s/it]
5it [00:40,  6.06s/it]
6it [00:41,  4.45s/it]
7it [00:45,  4.15s/it]
8it [00:47,  3.51s/it]
9it [00:55,  4.96s/it]
10it [00:56,  3.73s/it]
11it [00:58,  3.28s/it]
12it [01:00,  2.96s/it]
13it [01:11,  5.18s/it]
14it [01:12,  3.93s/it]
15it [01:15,  3.66s/it]
16it [01:17,  3.10s/it]
17it [01:26,  4.86s/it]
18it [01:26,  3.66s/it]
19it [01:29,  3.36s/it]
20it [01:31,  3.05s/it]
21it [01:41,  5.14s/it]
22it [01:43,  3.93s/it]
23it [01:46,  3.81s/it]
24it [01:48,  3.37s/it]
25it [01:57,  4.94s/it]
26it [01:58,  3.67s/it]
27it [01:59,  2.81s/it]
28it [01:59,  2.08s/it]
29it [02:06,  3.49s/it]
30it [02:06,  2.53s/it]
31it [02:06,  1.90s/it]
32it [02:07,  1.42s/it]
33it [02:08,  1.51s/it]
33it [02:09,  3.91s/it]
Compute metrics for 2072 samples
final/VideoMetricType.FVD : 184.397385
{'final/VideoMetricType.FVD': 184.3973846435547}
Number of frames in the videos: 16
Real data options:
{'class_name': 'tools.utils.dataset.VideoFramesFolderDataset', 'path': '/scratch/s224075134/temporal_diffusion/datasets/video/ucf101/images', 'cfg': {'max_num_frames': 10000}, 'load_n_consecutive': 16, 'subsample_factor': 3, 'discard_short_videos': True, 'xflip': False, 'resolution': 256, 'use_labels': False}
Fake data options:
{'class_name': 'tools.utils.dataset.VideoDataset', 'path': 'generation/ucf101_img256/000-FusedMatLatteIMG-XL-128-512-2-concat-F16S3-ucf101_img256-ImageNetPretrained-Compile-Amp-loadpixel/ddpm_250/0670000', 'cfg': {'max_num_frames': 10000}, 'load_n_consecutive': 16, 'load_n_consecutive_random_offset': False, 'subsample_factor': 1, 'xflip': False, 'resolution': 256, 'use_labels': False}
3
self._path generation/ucf101_img256/000-FusedMatLatteIMG-XL-128-512-2-concat-F16S3-ucf101_img256-ImageNetPretrained-Compile-Amp-loadpixel/ddpm_250/0670000
num_items: 2072
len(real_dataset): 13298
/scratch/s224075134/miniconda/envs/latte/lib/python3.12/site-packages/torch/utils/data/dataloader.py:617: UserWarning: This DataLoader will create 4 worker processes in total. Our suggested max number of worker in current system is 2, which is smaller than what this DataLoader is going to create. Please be aware that excessive worker creation might get DataLoader running slow or even freeze, lower the worker number to avoid potential slowness/freeze if necessary.
  warnings.warn(
len(fake_loader): 33
len(real_loader): 33

0it [00:00, ?it/s]
1it [00:26, 26.34s/it]
2it [00:26, 11.21s/it]
3it [00:28,  6.66s/it]
4it [00:29,  4.69s/it]
5it [00:38,  6.16s/it]
6it [00:39,  4.47s/it]
7it [00:42,  3.79s/it]
8it [00:45,  3.57s/it]
9it [00:54,  5.19s/it]
10it [00:55,  4.03s/it]
11it [00:58,  3.79s/it]
12it [01:00,  3.23s/it]
13it [01:08,  4.75s/it]
14it [01:10,  3.89s/it]
15it [01:14,  3.73s/it]
16it [01:15,  3.11s/it]
17it [01:23,  4.43s/it]
18it [01:24,  3.45s/it]
19it [01:27,  3.31s/it]
20it [01:30,  3.34s/it]
21it [01:38,  4.71s/it]
22it [01:40,  3.68s/it]
23it [01:43,  3.69s/it]
24it [01:46,  3.33s/it]
25it [01:54,  4.74s/it]
26it [01:55,  3.58s/it]
27it [01:55,  2.66s/it]
28it [01:56,  2.04s/it]
29it [02:02,  3.28s/it]
30it [02:02,  2.40s/it]
31it [02:03,  1.97s/it]
32it [02:04,  1.47s/it]
33it [02:05,  1.46s/it]
33it [02:05,  3.81s/it]
Compute metrics for 2072 samples
final/VideoMetricType.FVD : 187.816452
{'final/VideoMetricType.FVD': 187.8164520263672}
Number of frames in the videos: 16
Real data options:
{'class_name': 'tools.utils.dataset.VideoFramesFolderDataset', 'path': '/scratch/s224075134/temporal_diffusion/datasets/video/ucf101/images', 'cfg': {'max_num_frames': 10000}, 'load_n_consecutive': 16, 'subsample_factor': 3, 'discard_short_videos': True, 'xflip': False, 'resolution': 256, 'use_labels': False}
Fake data options:
{'class_name': 'tools.utils.dataset.VideoDataset', 'path': 'generation/ucf101_img256/000-FusedMatLatteIMG-XL-128-512-2-concat-F16S3-ucf101_img256-ImageNetPretrained-Compile-Amp-loadpixel/ddpm_250/0670000', 'cfg': {'max_num_frames': 10000}, 'load_n_consecutive': 16, 'load_n_consecutive_random_offset': False, 'subsample_factor': 1, 'xflip': False, 'resolution': 256, 'use_labels': False}
3
self._path generation/ucf101_img256/000-FusedMatLatteIMG-XL-128-512-2-concat-F16S3-ucf101_img256-ImageNetPretrained-Compile-Amp-loadpixel/ddpm_250/0670000
num_items: 2072
len(real_dataset): 13298
/scratch/s224075134/miniconda/envs/latte/lib/python3.12/site-packages/torch/utils/data/dataloader.py:617: UserWarning: This DataLoader will create 4 worker processes in total. Our suggested max number of worker in current system is 2, which is smaller than what this DataLoader is going to create. Please be aware that excessive worker creation might get DataLoader running slow or even freeze, lower the worker number to avoid potential slowness/freeze if necessary.
  warnings.warn(
len(fake_loader): 33
len(real_loader): 33

0it [00:00, ?it/s]
1it [00:26, 26.95s/it]
2it [00:27, 11.59s/it]
3it [00:29,  7.29s/it]
4it [00:32,  5.28s/it]
5it [00:38,  5.78s/it]
6it [00:40,  4.30s/it]
7it [00:43,  4.07s/it]
8it [00:45,  3.39s/it]
9it [00:54,  5.14s/it]
10it [00:55,  3.90s/it]
11it [00:59,  3.86s/it]
12it [01:01,  3.36s/it]
13it [01:10,  5.08s/it]
14it [01:12,  3.96s/it]
15it [01:15,  3.79s/it]
16it [01:18,  3.36s/it]
17it [01:26,  4.92s/it]
18it [01:28,  3.94s/it]
19it [01:31,  3.85s/it]
20it [01:33,  3.22s/it]
21it [01:41,  4.74s/it]
22it [01:43,  3.69s/it]
23it [01:46,  3.64s/it]
24it [01:48,  3.20s/it]
25it [01:57,  4.93s/it]
26it [01:58,  3.69s/it]
27it [01:59,  2.81s/it]
28it [01:59,  2.11s/it]
29it [02:05,  3.30s/it]
30it [02:06,  2.52s/it]
31it [02:07,  1.88s/it]
32it [02:07,  1.42s/it]
33it [02:08,  1.38s/it]
33it [02:08,  3.90s/it]
Compute metrics for 2072 samples
final/VideoMetricType.FVD : 190.684021
{'final/VideoMetricType.FVD': 190.68402099609375}
Number of frames in the videos: 16
Real data options:
{'class_name': 'tools.utils.dataset.VideoFramesFolderDataset', 'path': '/scratch/s224075134/temporal_diffusion/datasets/video/ucf101/images', 'cfg': {'max_num_frames': 10000}, 'load_n_consecutive': 16, 'subsample_factor': 3, 'discard_short_videos': True, 'xflip': False, 'resolution': 256, 'use_labels': False}
Fake data options:
{'class_name': 'tools.utils.dataset.VideoDataset', 'path': 'generation/ucf101_img256/000-FusedMatLatteIMG-XL-128-512-2-concat-F16S3-ucf101_img256-ImageNetPretrained-Compile-Amp-loadpixel/ddpm_250/0670000', 'cfg': {'max_num_frames': 10000}, 'load_n_consecutive': 16, 'load_n_consecutive_random_offset': False, 'subsample_factor': 1, 'xflip': False, 'resolution': 256, 'use_labels': False}
3
self._path generation/ucf101_img256/000-FusedMatLatteIMG-XL-128-512-2-concat-F16S3-ucf101_img256-ImageNetPretrained-Compile-Amp-loadpixel/ddpm_250/0670000
num_items: 2072
len(real_dataset): 13298
/scratch/s224075134/miniconda/envs/latte/lib/python3.12/site-packages/torch/utils/data/dataloader.py:617: UserWarning: This DataLoader will create 4 worker processes in total. Our suggested max number of worker in current system is 2, which is smaller than what this DataLoader is going to create. Please be aware that excessive worker creation might get DataLoader running slow or even freeze, lower the worker number to avoid potential slowness/freeze if necessary.
  warnings.warn(
len(fake_loader): 33
len(real_loader): 33

0it [00:00, ?it/s]
1it [00:27, 27.94s/it]
2it [00:28, 11.90s/it]
3it [00:30,  7.28s/it]
4it [00:32,  5.17s/it]
5it [00:39,  5.85s/it]
6it [00:40,  4.25s/it]
7it [00:43,  3.86s/it]
8it [00:46,  3.45s/it]
9it [00:54,  5.11s/it]
10it [00:56,  3.91s/it]
11it [00:59,  3.77s/it]
12it [01:01,  3.30s/it]
13it [01:10,  5.02s/it]
14it [01:12,  3.95s/it]
15it [01:15,  3.85s/it]
16it [01:17,  3.31s/it]
17it [01:26,  4.93s/it]
18it [01:27,  3.78s/it]
19it [01:30,  3.42s/it]
20it [01:32,  3.02s/it]
21it [01:42,  5.02s/it]
22it [01:43,  3.92s/it]
23it [01:46,  3.79s/it]
24it [01:49,  3.36s/it]
25it [01:57,  4.82s/it]
26it [01:58,  3.55s/it]
27it [01:58,  2.64s/it]
28it [01:59,  1.96s/it]
29it [02:06,  3.57s/it]
30it [02:06,  2.58s/it]
31it [02:07,  1.93s/it]
32it [02:07,  1.44s/it]
33it [02:08,  1.44s/it]
33it [02:08,  3.91s/it]
Compute metrics for 2072 samples
final/VideoMetricType.FVD : 183.796646
{'final/VideoMetricType.FVD': 183.79664611816406}
Number of frames in the videos: 16
Real data options:
{'class_name': 'tools.utils.dataset.VideoFramesFolderDataset', 'path': '/scratch/s224075134/temporal_diffusion/datasets/video/ucf101/images', 'cfg': {'max_num_frames': 10000}, 'load_n_consecutive': 16, 'subsample_factor': 3, 'discard_short_videos': True, 'xflip': False, 'resolution': 256, 'use_labels': False}
Fake data options:
{'class_name': 'tools.utils.dataset.VideoDataset', 'path': 'generation/ucf101_img256/000-FusedMatLatteIMG-XL-128-512-2-concat-F16S3-ucf101_img256-ImageNetPretrained-Compile-Amp-loadpixel/ddpm_250/0670000', 'cfg': {'max_num_frames': 10000}, 'load_n_consecutive': 16, 'load_n_consecutive_random_offset': False, 'subsample_factor': 1, 'xflip': False, 'resolution': 256, 'use_labels': False}
3
self._path generation/ucf101_img256/000-FusedMatLatteIMG-XL-128-512-2-concat-F16S3-ucf101_img256-ImageNetPretrained-Compile-Amp-loadpixel/ddpm_250/0670000
num_items: 2072
len(real_dataset): 13298
/scratch/s224075134/miniconda/envs/latte/lib/python3.12/site-packages/torch/utils/data/dataloader.py:617: UserWarning: This DataLoader will create 4 worker processes in total. Our suggested max number of worker in current system is 2, which is smaller than what this DataLoader is going to create. Please be aware that excessive worker creation might get DataLoader running slow or even freeze, lower the worker number to avoid potential slowness/freeze if necessary.
  warnings.warn(
len(fake_loader): 33
len(real_loader): 33

0it [00:00, ?it/s]
1it [00:26, 26.81s/it]
2it [00:27, 11.32s/it]
3it [00:29,  7.22s/it]
4it [00:31,  5.19s/it]
5it [00:38,  5.77s/it]
6it [00:40,  4.45s/it]
7it [00:43,  3.96s/it]
8it [00:45,  3.28s/it]
9it [00:54,  5.11s/it]
10it [00:55,  3.95s/it]
11it [00:59,  3.89s/it]
12it [01:01,  3.39s/it]
13it [01:09,  4.83s/it]
14it [01:11,  3.88s/it]
15it [01:14,  3.64s/it]
16it [01:16,  3.26s/it]
17it [01:25,  4.70s/it]
18it [01:27,  3.95s/it]
19it [01:30,  3.73s/it]
20it [01:32,  3.13s/it]
21it [01:41,  4.90s/it]
22it [01:43,  4.07s/it]
23it [01:46,  3.81s/it]
24it [01:48,  3.18s/it]
25it [01:56,  4.77s/it]
26it [01:58,  3.84s/it]
27it [01:58,  2.82s/it]
28it [01:59,  2.07s/it]
29it [02:05,  3.46s/it]
30it [02:07,  2.80s/it]
31it [02:07,  2.09s/it]
32it [02:07,  1.55s/it]
33it [02:08,  1.43s/it]
33it [02:09,  3.91s/it]
Compute metrics for 2072 samples
final/VideoMetricType.FVD : 190.480881
{'final/VideoMetricType.FVD': 190.4808807373047}
Number of frames in the videos: 16
Real data options:
{'class_name': 'tools.utils.dataset.VideoFramesFolderDataset', 'path': '/scratch/s224075134/temporal_diffusion/datasets/video/ucf101/images', 'cfg': {'max_num_frames': 10000}, 'load_n_consecutive': 16, 'subsample_factor': 3, 'discard_short_videos': True, 'xflip': False, 'resolution': 256, 'use_labels': False}
Fake data options:
{'class_name': 'tools.utils.dataset.VideoDataset', 'path': 'generation/ucf101_img256/000-FusedMatLatteIMG-XL-128-512-2-concat-F16S3-ucf101_img256-ImageNetPretrained-Compile-Amp-loadpixel/ddpm_250/0670000', 'cfg': {'max_num_frames': 10000}, 'load_n_consecutive': 16, 'load_n_consecutive_random_offset': False, 'subsample_factor': 1, 'xflip': False, 'resolution': 256, 'use_labels': False}
3
self._path generation/ucf101_img256/000-FusedMatLatteIMG-XL-128-512-2-concat-F16S3-ucf101_img256-ImageNetPretrained-Compile-Amp-loadpixel/ddpm_250/0670000
num_items: 2072
len(real_dataset): 13298
/scratch/s224075134/miniconda/envs/latte/lib/python3.12/site-packages/torch/utils/data/dataloader.py:617: UserWarning: This DataLoader will create 4 worker processes in total. Our suggested max number of worker in current system is 2, which is smaller than what this DataLoader is going to create. Please be aware that excessive worker creation might get DataLoader running slow or even freeze, lower the worker number to avoid potential slowness/freeze if necessary.
  warnings.warn(
len(fake_loader): 33
len(real_loader): 33

0it [00:00, ?it/s]
1it [00:26, 26.56s/it]
2it [00:27, 11.42s/it]
3it [00:29,  6.99s/it]
4it [00:31,  5.03s/it]
5it [00:38,  6.04s/it]
6it [00:40,  4.45s/it]
7it [00:43,  4.17s/it]
8it [00:46,  3.53s/it]
9it [00:54,  4.91s/it]
10it [00:55,  3.82s/it]
11it [00:58,  3.51s/it]
12it [01:00,  3.22s/it]
13it [01:09,  5.03s/it]
14it [01:10,  3.82s/it]
15it [01:13,  3.43s/it]
16it [01:15,  3.10s/it]
17it [01:25,  5.05s/it]
18it [01:26,  3.93s/it]
19it [01:30,  3.73s/it]
20it [01:32,  3.24s/it]
21it [01:40,  4.77s/it]
22it [01:41,  3.77s/it]
23it [01:44,  3.52s/it]
24it [01:46,  3.09s/it]
25it [01:56,  5.01s/it]
26it [01:57,  3.69s/it]
27it [01:57,  2.81s/it]
28it [01:58,  2.12s/it]
29it [02:03,  3.02s/it]
30it [02:03,  2.21s/it]
31it [02:04,  1.68s/it]
32it [02:04,  1.27s/it]
33it [02:05,  1.26s/it]
33it [02:05,  3.81s/it]
Compute metrics for 2072 samples
final/VideoMetricType.FVD : 189.362213
{'final/VideoMetricType.FVD': 189.36221313476562}
Number of frames in the videos: 16
Real data options:
{'class_name': 'tools.utils.dataset.VideoFramesFolderDataset', 'path': '/scratch/s224075134/temporal_diffusion/datasets/video/ucf101/images', 'cfg': {'max_num_frames': 10000}, 'load_n_consecutive': 16, 'subsample_factor': 3, 'discard_short_videos': True, 'xflip': False, 'resolution': 256, 'use_labels': False}
Fake data options:
{'class_name': 'tools.utils.dataset.VideoDataset', 'path': 'generation/ucf101_img256/000-FusedMatLatteIMG-XL-128-512-2-concat-F16S3-ucf101_img256-ImageNetPretrained-Compile-Amp-loadpixel/ddpm_250/0670000', 'cfg': {'max_num_frames': 10000}, 'load_n_consecutive': 16, 'load_n_consecutive_random_offset': False, 'subsample_factor': 1, 'xflip': False, 'resolution': 256, 'use_labels': False}
3
self._path generation/ucf101_img256/000-FusedMatLatteIMG-XL-128-512-2-concat-F16S3-ucf101_img256-ImageNetPretrained-Compile-Amp-loadpixel/ddpm_250/0670000
num_items: 2072
len(real_dataset): 13298
/scratch/s224075134/miniconda/envs/latte/lib/python3.12/site-packages/torch/utils/data/dataloader.py:617: UserWarning: This DataLoader will create 4 worker processes in total. Our suggested max number of worker in current system is 2, which is smaller than what this DataLoader is going to create. Please be aware that excessive worker creation might get DataLoader running slow or even freeze, lower the worker number to avoid potential slowness/freeze if necessary.
  warnings.warn(
len(fake_loader): 33
len(real_loader): 33

0it [00:00, ?it/s]
1it [00:26, 26.95s/it]
2it [00:27, 11.67s/it]
3it [00:29,  7.28s/it]
4it [00:32,  5.23s/it]
5it [00:39,  5.85s/it]
6it [00:40,  4.32s/it]
7it [00:43,  3.78s/it]
8it [00:45,  3.29s/it]
9it [00:55,  5.34s/it]
10it [00:56,  4.09s/it]
11it [00:59,  3.76s/it]
12it [01:01,  3.24s/it]
13it [01:10,  5.00s/it]
14it [01:11,  3.85s/it]
15it [01:15,  3.77s/it]
16it [01:17,  3.31s/it]
17it [01:26,  4.89s/it]
18it [01:27,  3.80s/it]
19it [01:30,  3.73s/it]
20it [01:33,  3.24s/it]
21it [01:40,  4.64s/it]
22it [01:42,  3.72s/it]
23it [01:46,  3.84s/it]
24it [01:47,  3.05s/it]
25it [01:56,  4.74s/it]
26it [01:57,  3.61s/it]
27it [01:59,  2.98s/it]
28it [01:59,  2.24s/it]
29it [02:05,  3.35s/it]
30it [02:06,  2.71s/it]
31it [02:07,  2.03s/it]
32it [02:07,  1.52s/it]
33it [02:08,  1.40s/it]
33it [02:08,  3.90s/it]
Compute metrics for 2072 samples
final/VideoMetricType.FVD : 183.799835
{'final/VideoMetricType.FVD': 183.79983520507812}
Number of frames in the videos: 16
Real data options:
{'class_name': 'tools.utils.dataset.VideoFramesFolderDataset', 'path': '/scratch/s224075134/temporal_diffusion/datasets/video/ucf101/images', 'cfg': {'max_num_frames': 10000}, 'load_n_consecutive': 16, 'subsample_factor': 3, 'discard_short_videos': True, 'xflip': False, 'resolution': 256, 'use_labels': False}
Fake data options:
{'class_name': 'tools.utils.dataset.VideoDataset', 'path': 'generation/ucf101_img256/000-FusedMatLatteIMG-XL-128-512-2-concat-F16S3-ucf101_img256-ImageNetPretrained-Compile-Amp-loadpixel/ddpm_250/0670000', 'cfg': {'max_num_frames': 10000}, 'load_n_consecutive': 16, 'load_n_consecutive_random_offset': False, 'subsample_factor': 1, 'xflip': False, 'resolution': 256, 'use_labels': False}
3
self._path generation/ucf101_img256/000-FusedMatLatteIMG-XL-128-512-2-concat-F16S3-ucf101_img256-ImageNetPretrained-Compile-Amp-loadpixel/ddpm_250/0670000
num_items: 2072
len(real_dataset): 13298
/scratch/s224075134/miniconda/envs/latte/lib/python3.12/site-packages/torch/utils/data/dataloader.py:617: UserWarning: This DataLoader will create 4 worker processes in total. Our suggested max number of worker in current system is 2, which is smaller than what this DataLoader is going to create. Please be aware that excessive worker creation might get DataLoader running slow or even freeze, lower the worker number to avoid potential slowness/freeze if necessary.
  warnings.warn(
len(fake_loader): 33
len(real_loader): 33

0it [00:00, ?it/s]
1it [00:27, 27.87s/it]
2it [00:28, 11.79s/it]
3it [00:30,  7.34s/it]
4it [00:31,  5.05s/it]
5it [00:38,  5.45s/it]
6it [00:39,  3.93s/it]
7it [00:42,  3.76s/it]
8it [00:44,  3.13s/it]
9it [00:53,  5.08s/it]
10it [00:55,  3.95s/it]
11it [00:58,  3.64s/it]
12it [00:59,  3.05s/it]
13it [01:08,  4.72s/it]
14it [01:10,  3.80s/it]
15it [01:13,  3.83s/it]
16it [01:14,  2.96s/it]
17it [01:23,  4.53s/it]
18it [01:24,  3.61s/it]
19it [01:28,  3.85s/it]
20it [01:29,  2.96s/it]
21it [01:38,  4.81s/it]
22it [01:40,  3.70s/it]
23it [01:44,  3.96s/it]
24it [01:46,  3.22s/it]
25it [01:53,  4.60s/it]
26it [01:54,  3.47s/it]
27it [01:56,  2.82s/it]
28it [01:56,  2.07s/it]
29it [02:02,  3.24s/it]
30it [02:02,  2.36s/it]
31it [02:03,  1.93s/it]
32it [02:03,  1.44s/it]
33it [02:05,  1.38s/it]
33it [02:05,  3.80s/it]
Compute metrics for 2072 samples
final/VideoMetricType.FVD : 190.806381
{'final/VideoMetricType.FVD': 190.80638122558594}
Number of frames in the videos: 16
Real data options:
{'class_name': 'tools.utils.dataset.VideoFramesFolderDataset', 'path': '/scratch/s224075134/temporal_diffusion/datasets/video/ucf101/images', 'cfg': {'max_num_frames': 10000}, 'load_n_consecutive': 16, 'subsample_factor': 3, 'discard_short_videos': True, 'xflip': False, 'resolution': 256, 'use_labels': False}
Fake data options:
{'class_name': 'tools.utils.dataset.VideoDataset', 'path': 'generation/ucf101_img256/000-FusedMatLatteIMG-XL-128-512-2-concat-F16S3-ucf101_img256-ImageNetPretrained-Compile-Amp-loadpixel/ddpm_250/0670000', 'cfg': {'max_num_frames': 10000}, 'load_n_consecutive': 16, 'load_n_consecutive_random_offset': False, 'subsample_factor': 1, 'xflip': False, 'resolution': 256, 'use_labels': False}
3
self._path generation/ucf101_img256/000-FusedMatLatteIMG-XL-128-512-2-concat-F16S3-ucf101_img256-ImageNetPretrained-Compile-Amp-loadpixel/ddpm_250/0670000
num_items: 2072
len(real_dataset): 13298
/scratch/s224075134/miniconda/envs/latte/lib/python3.12/site-packages/torch/utils/data/dataloader.py:617: UserWarning: This DataLoader will create 4 worker processes in total. Our suggested max number of worker in current system is 2, which is smaller than what this DataLoader is going to create. Please be aware that excessive worker creation might get DataLoader running slow or even freeze, lower the worker number to avoid potential slowness/freeze if necessary.
  warnings.warn(
len(fake_loader): 33
len(real_loader): 33

0it [00:00, ?it/s]
1it [00:27, 27.37s/it]
2it [00:28, 11.71s/it]
3it [00:30,  7.31s/it]
4it [00:32,  5.33s/it]
5it [00:38,  5.60s/it]
6it [00:39,  4.11s/it]
7it [00:43,  3.90s/it]
8it [00:45,  3.30s/it]
9it [00:53,  4.94s/it]
10it [00:55,  3.82s/it]
11it [00:58,  3.72s/it]
12it [01:00,  3.22s/it]
13it [01:09,  4.88s/it]
14it [01:11,  3.93s/it]
15it [01:14,  3.76s/it]
16it [01:16,  3.22s/it]
17it [01:24,  4.72s/it]
18it [01:25,  3.57s/it]
19it [01:28,  3.36s/it]
20it [01:30,  3.05s/it]
21it [01:39,  4.76s/it]
22it [01:40,  3.72s/it]
23it [01:44,  3.68s/it]
24it [01:46,  3.23s/it]
25it [01:55,  4.94s/it]
26it [01:56,  3.67s/it]
27it [01:56,  2.78s/it]
28it [01:57,  2.10s/it]
29it [02:03,  3.22s/it]
30it [02:03,  2.34s/it]
31it [02:03,  1.76s/it]
32it [02:04,  1.33s/it]
33it [02:05,  1.34s/it]
33it [02:05,  3.81s/it]
Compute metrics for 2072 samples
final/VideoMetricType.FVD : 202.916473
{'final/VideoMetricType.FVD': 202.91647338867188}
Number of frames in the videos: 16
Real data options:
{'class_name': 'tools.utils.dataset.VideoFramesFolderDataset', 'path': '/scratch/s224075134/temporal_diffusion/datasets/video/ucf101/images', 'cfg': {'max_num_frames': 10000}, 'load_n_consecutive': 16, 'subsample_factor': 3, 'discard_short_videos': True, 'xflip': False, 'resolution': 256, 'use_labels': False}
Fake data options:
{'class_name': 'tools.utils.dataset.VideoDataset', 'path': 'generation/ucf101_img256/000-FusedMatLatteIMG-XL-128-512-2-concat-F16S3-ucf101_img256-ImageNetPretrained-Compile-Amp-loadpixel/ddpm_250/0670000', 'cfg': {'max_num_frames': 10000}, 'load_n_consecutive': 16, 'load_n_consecutive_random_offset': False, 'subsample_factor': 1, 'xflip': False, 'resolution': 256, 'use_labels': False}
3
self._path generation/ucf101_img256/000-FusedMatLatteIMG-XL-128-512-2-concat-F16S3-ucf101_img256-ImageNetPretrained-Compile-Amp-loadpixel/ddpm_250/0670000
num_items: 2072
len(real_dataset): 13298
/scratch/s224075134/miniconda/envs/latte/lib/python3.12/site-packages/torch/utils/data/dataloader.py:617: UserWarning: This DataLoader will create 4 worker processes in total. Our suggested max number of worker in current system is 2, which is smaller than what this DataLoader is going to create. Please be aware that excessive worker creation might get DataLoader running slow or even freeze, lower the worker number to avoid potential slowness/freeze if necessary.
  warnings.warn(
len(fake_loader): 33
len(real_loader): 33

0it [00:00, ?it/s]
1it [00:26, 26.64s/it]
2it [00:27, 11.33s/it]
3it [00:28,  6.79s/it]
4it [00:29,  4.51s/it]
5it [00:38,  6.03s/it]
6it [00:39,  4.34s/it]
7it [00:42,  4.03s/it]
8it [00:45,  3.52s/it]
9it [00:54,  5.17s/it]
10it [00:55,  3.96s/it]
11it [00:58,  3.61s/it]
12it [01:00,  3.12s/it]
13it [01:09,  4.93s/it]
14it [01:11,  4.00s/it]
15it [01:13,  3.45s/it]
16it [01:15,  3.08s/it]
17it [01:24,  4.86s/it]
18it [01:25,  3.78s/it]
19it [01:28,  3.54s/it]
20it [01:30,  3.10s/it]
21it [01:39,  4.79s/it]
22it [01:40,  3.67s/it]
23it [01:43,  3.37s/it]
24it [01:46,  3.19s/it]
25it [01:54,  4.87s/it]
26it [01:55,  3.65s/it]
27it [01:56,  2.71s/it]
28it [01:56,  1.99s/it]
29it [02:03,  3.36s/it]
30it [02:03,  2.45s/it]
31it [02:03,  1.85s/it]
32it [02:04,  1.38s/it]
33it [02:05,  1.46s/it]
33it [02:05,  3.81s/it]
Compute metrics for 2072 samples
final/VideoMetricType.FVD : 196.087326
{'final/VideoMetricType.FVD': 196.0873260498047}
Number of frames in the videos: 16
Real data options:
{'class_name': 'tools.utils.dataset.VideoFramesFolderDataset', 'path': '/scratch/s224075134/temporal_diffusion/datasets/video/ucf101/images', 'cfg': {'max_num_frames': 10000}, 'load_n_consecutive': 16, 'subsample_factor': 3, 'discard_short_videos': True, 'xflip': False, 'resolution': 256, 'use_labels': False}
Fake data options:
{'class_name': 'tools.utils.dataset.VideoDataset', 'path': 'generation/ucf101_img256/000-FusedMatLatteIMG-XL-128-512-2-concat-F16S3-ucf101_img256-ImageNetPretrained-Compile-Amp-loadpixel/ddpm_250/0670000', 'cfg': {'max_num_frames': 10000}, 'load_n_consecutive': 16, 'load_n_consecutive_random_offset': False, 'subsample_factor': 1, 'xflip': False, 'resolution': 256, 'use_labels': False}
3
self._path generation/ucf101_img256/000-FusedMatLatteIMG-XL-128-512-2-concat-F16S3-ucf101_img256-ImageNetPretrained-Compile-Amp-loadpixel/ddpm_250/0670000
num_items: 2072
len(real_dataset): 13298
/scratch/s224075134/miniconda/envs/latte/lib/python3.12/site-packages/torch/utils/data/dataloader.py:617: UserWarning: This DataLoader will create 4 worker processes in total. Our suggested max number of worker in current system is 2, which is smaller than what this DataLoader is going to create. Please be aware that excessive worker creation might get DataLoader running slow or even freeze, lower the worker number to avoid potential slowness/freeze if necessary.
  warnings.warn(
len(fake_loader): 33
len(real_loader): 33

0it [00:00, ?it/s]
1it [00:26, 26.75s/it]
2it [00:27, 11.49s/it]
3it [00:29,  7.10s/it]
4it [00:31,  5.18s/it]
5it [00:38,  5.77s/it]
6it [00:40,  4.61s/it]
7it [00:43,  4.07s/it]
8it [00:45,  3.41s/it]
9it [00:53,  4.73s/it]
10it [00:56,  4.24s/it]
11it [00:58,  3.57s/it]
12it [01:00,  2.99s/it]
13it [01:08,  4.58s/it]
14it [01:12,  4.52s/it]
15it [01:14,  3.74s/it]
16it [01:17,  3.33s/it]
17it [01:24,  4.47s/it]
18it [01:28,  4.34s/it]
19it [01:29,  3.48s/it]
20it [01:32,  3.07s/it]
21it [01:39,  4.54s/it]
22it [01:44,  4.47s/it]
23it [01:45,  3.63s/it]
24it [01:47,  3.13s/it]
25it [01:55,  4.48s/it]
26it [01:58,  4.05s/it]
27it [01:58,  2.96s/it]
28it [01:59,  2.17s/it]
29it [02:04,  3.21s/it]
30it [02:07,  2.93s/it]
31it [02:07,  2.17s/it]
32it [02:07,  1.61s/it]
33it [02:09,  1.46s/it]
33it [02:09,  3.91s/it]
Compute metrics for 2072 samples
final/VideoMetricType.FVD : 193.394867
{'final/VideoMetricType.FVD': 193.39486694335938}
Number of frames in the videos: 16
Real data options:
{'class_name': 'tools.utils.dataset.VideoFramesFolderDataset', 'path': '/scratch/s224075134/temporal_diffusion/datasets/video/ucf101/images', 'cfg': {'max_num_frames': 10000}, 'load_n_consecutive': 16, 'subsample_factor': 3, 'discard_short_videos': True, 'xflip': False, 'resolution': 256, 'use_labels': False}
Fake data options:
{'class_name': 'tools.utils.dataset.VideoDataset', 'path': 'generation/ucf101_img256/000-FusedMatLatteIMG-XL-128-512-2-concat-F16S3-ucf101_img256-ImageNetPretrained-Compile-Amp-loadpixel/ddpm_250/0670000', 'cfg': {'max_num_frames': 10000}, 'load_n_consecutive': 16, 'load_n_consecutive_random_offset': False, 'subsample_factor': 1, 'xflip': False, 'resolution': 256, 'use_labels': False}
3
self._path generation/ucf101_img256/000-FusedMatLatteIMG-XL-128-512-2-concat-F16S3-ucf101_img256-ImageNetPretrained-Compile-Amp-loadpixel/ddpm_250/0670000
num_items: 2072
len(real_dataset): 13298
/scratch/s224075134/miniconda/envs/latte/lib/python3.12/site-packages/torch/utils/data/dataloader.py:617: UserWarning: This DataLoader will create 4 worker processes in total. Our suggested max number of worker in current system is 2, which is smaller than what this DataLoader is going to create. Please be aware that excessive worker creation might get DataLoader running slow or even freeze, lower the worker number to avoid potential slowness/freeze if necessary.
  warnings.warn(
len(fake_loader): 33
len(real_loader): 33

0it [00:00, ?it/s]
1it [00:26, 26.84s/it]
2it [00:27, 11.33s/it]
3it [00:29,  7.09s/it]
4it [00:31,  5.19s/it]
5it [00:39,  6.32s/it]
6it [00:41,  4.61s/it]
7it [00:44,  4.17s/it]
8it [00:46,  3.44s/it]
9it [00:55,  5.22s/it]
10it [00:57,  4.13s/it]
11it [00:59,  3.59s/it]
12it [01:02,  3.28s/it]
13it [01:11,  5.08s/it]
14it [01:12,  3.95s/it]
15it [01:16,  3.79s/it]
16it [01:17,  3.20s/it]
17it [01:26,  4.92s/it]
18it [01:27,  3.71s/it]
19it [01:30,  3.54s/it]
20it [01:33,  3.17s/it]
21it [01:41,  4.81s/it]
22it [01:42,  3.64s/it]
23it [01:46,  3.77s/it]
24it [01:48,  3.16s/it]
25it [01:57,  5.03s/it]
26it [01:58,  3.67s/it]
27it [01:59,  2.88s/it]
28it [01:59,  2.14s/it]
29it [02:06,  3.48s/it]
30it [02:06,  2.54s/it]
31it [02:07,  1.91s/it]
32it [02:07,  1.43s/it]
33it [02:08,  1.39s/it]
33it [02:09,  3.91s/it]
Compute metrics for 2072 samples
final/VideoMetricType.FVD : 186.280197
{'final/VideoMetricType.FVD': 186.2801971435547}
Number of frames in the videos: 16
Real data options:
{'class_name': 'tools.utils.dataset.VideoFramesFolderDataset', 'path': '/scratch/s224075134/temporal_diffusion/datasets/video/ucf101/images', 'cfg': {'max_num_frames': 10000}, 'load_n_consecutive': 16, 'subsample_factor': 3, 'discard_short_videos': True, 'xflip': False, 'resolution': 256, 'use_labels': False}
Fake data options:
{'class_name': 'tools.utils.dataset.VideoDataset', 'path': 'generation/ucf101_img256/000-FusedMatLatteIMG-XL-128-512-2-concat-F16S3-ucf101_img256-ImageNetPretrained-Compile-Amp-loadpixel/ddpm_250/0670000', 'cfg': {'max_num_frames': 10000}, 'load_n_consecutive': 16, 'load_n_consecutive_random_offset': False, 'subsample_factor': 1, 'xflip': False, 'resolution': 256, 'use_labels': False}
3
self._path generation/ucf101_img256/000-FusedMatLatteIMG-XL-128-512-2-concat-F16S3-ucf101_img256-ImageNetPretrained-Compile-Amp-loadpixel/ddpm_250/0670000
num_items: 2072
len(real_dataset): 13298
/scratch/s224075134/miniconda/envs/latte/lib/python3.12/site-packages/torch/utils/data/dataloader.py:617: UserWarning: This DataLoader will create 4 worker processes in total. Our suggested max number of worker in current system is 2, which is smaller than what this DataLoader is going to create. Please be aware that excessive worker creation might get DataLoader running slow or even freeze, lower the worker number to avoid potential slowness/freeze if necessary.
  warnings.warn(
len(fake_loader): 33
len(real_loader): 33

0it [00:00, ?it/s]
1it [00:26, 26.50s/it]
2it [00:27, 11.27s/it]
3it [00:28,  6.72s/it]
4it [00:30,  4.72s/it]
5it [00:38,  5.91s/it]
6it [00:39,  4.38s/it]
7it [00:42,  3.84s/it]
8it [00:44,  3.43s/it]
9it [00:53,  5.00s/it]
10it [00:54,  3.90s/it]
11it [00:57,  3.58s/it]
12it [00:59,  3.10s/it]
13it [01:07,  4.72s/it]
14it [01:10,  4.02s/it]
15it [01:13,  3.73s/it]
16it [01:15,  3.22s/it]
17it [01:23,  4.80s/it]
18it [01:25,  3.82s/it]
19it [01:28,  3.62s/it]
20it [01:30,  3.11s/it]
21it [01:39,  4.83s/it]
22it [01:40,  3.77s/it]
23it [01:44,  3.71s/it]
24it [01:46,  3.29s/it]
25it [01:53,  4.49s/it]
26it [01:55,  3.65s/it]
27it [01:56,  2.77s/it]
28it [01:56,  2.04s/it]
29it [02:02,  3.29s/it]
30it [02:03,  2.50s/it]
31it [02:03,  1.87s/it]
32it [02:04,  1.40s/it]
33it [02:05,  1.32s/it]
33it [02:05,  3.80s/it]
Compute metrics for 2072 samples
final/VideoMetricType.FVD : 196.160583
{'final/VideoMetricType.FVD': 196.16058349609375}
Number of frames in the videos: 16
Real data options:
{'class_name': 'tools.utils.dataset.VideoFramesFolderDataset', 'path': '/scratch/s224075134/temporal_diffusion/datasets/video/ucf101/images', 'cfg': {'max_num_frames': 10000}, 'load_n_consecutive': 16, 'subsample_factor': 3, 'discard_short_videos': True, 'xflip': False, 'resolution': 256, 'use_labels': False}
Fake data options:
{'class_name': 'tools.utils.dataset.VideoDataset', 'path': 'generation/ucf101_img256/000-FusedMatLatteIMG-XL-128-512-2-concat-F16S3-ucf101_img256-ImageNetPretrained-Compile-Amp-loadpixel/ddpm_250/0670000', 'cfg': {'max_num_frames': 10000}, 'load_n_consecutive': 16, 'load_n_consecutive_random_offset': False, 'subsample_factor': 1, 'xflip': False, 'resolution': 256, 'use_labels': False}
3
self._path generation/ucf101_img256/000-FusedMatLatteIMG-XL-128-512-2-concat-F16S3-ucf101_img256-ImageNetPretrained-Compile-Amp-loadpixel/ddpm_250/0670000
num_items: 2072
len(real_dataset): 13298
/scratch/s224075134/miniconda/envs/latte/lib/python3.12/site-packages/torch/utils/data/dataloader.py:617: UserWarning: This DataLoader will create 4 worker processes in total. Our suggested max number of worker in current system is 2, which is smaller than what this DataLoader is going to create. Please be aware that excessive worker creation might get DataLoader running slow or even freeze, lower the worker number to avoid potential slowness/freeze if necessary.
  warnings.warn(
len(fake_loader): 33
len(real_loader): 33

0it [00:00, ?it/s]
1it [00:27, 27.42s/it]
2it [00:28, 11.66s/it]
3it [00:29,  7.23s/it]
4it [00:31,  4.98s/it]
5it [00:39,  5.92s/it]
6it [00:40,  4.40s/it]
7it [00:43,  4.05s/it]
8it [00:45,  3.37s/it]
9it [00:54,  4.93s/it]
10it [00:55,  3.70s/it]
11it [00:59,  3.77s/it]
12it [01:00,  3.09s/it]
13it [01:09,  4.85s/it]
14it [01:10,  3.78s/it]
15it [01:14,  3.64s/it]
16it [01:16,  3.20s/it]
17it [01:24,  4.70s/it]
18it [01:25,  3.56s/it]
19it [01:28,  3.36s/it]
20it [01:30,  2.95s/it]
21it [01:39,  4.90s/it]
22it [01:41,  3.87s/it]
23it [01:44,  3.58s/it]
24it [01:46,  3.13s/it]
25it [01:55,  4.89s/it]
26it [01:55,  3.63s/it]
27it [01:56,  2.71s/it]
28it [01:56,  2.00s/it]
29it [02:03,  3.31s/it]
30it [02:03,  2.41s/it]
31it [02:03,  1.82s/it]
32it [02:04,  1.37s/it]
33it [02:05,  1.40s/it]
33it [02:05,  3.81s/it]
Compute metrics for 2072 samples
final/VideoMetricType.FVD : 188.949402
{'final/VideoMetricType.FVD': 188.94940185546875}
Number of frames in the videos: 16
Real data options:
{'class_name': 'tools.utils.dataset.VideoFramesFolderDataset', 'path': '/scratch/s224075134/temporal_diffusion/datasets/video/ucf101/images', 'cfg': {'max_num_frames': 10000}, 'load_n_consecutive': 16, 'subsample_factor': 3, 'discard_short_videos': True, 'xflip': False, 'resolution': 256, 'use_labels': False}
Fake data options:
{'class_name': 'tools.utils.dataset.VideoDataset', 'path': 'generation/ucf101_img256/000-FusedMatLatteIMG-XL-128-512-2-concat-F16S3-ucf101_img256-ImageNetPretrained-Compile-Amp-loadpixel/ddpm_250/0670000', 'cfg': {'max_num_frames': 10000}, 'load_n_consecutive': 16, 'load_n_consecutive_random_offset': False, 'subsample_factor': 1, 'xflip': False, 'resolution': 256, 'use_labels': False}
3
self._path generation/ucf101_img256/000-FusedMatLatteIMG-XL-128-512-2-concat-F16S3-ucf101_img256-ImageNetPretrained-Compile-Amp-loadpixel/ddpm_250/0670000
num_items: 2072
len(real_dataset): 13298
/scratch/s224075134/miniconda/envs/latte/lib/python3.12/site-packages/torch/utils/data/dataloader.py:617: UserWarning: This DataLoader will create 4 worker processes in total. Our suggested max number of worker in current system is 2, which is smaller than what this DataLoader is going to create. Please be aware that excessive worker creation might get DataLoader running slow or even freeze, lower the worker number to avoid potential slowness/freeze if necessary.
  warnings.warn(
len(fake_loader): 33
len(real_loader): 33

0it [00:00, ?it/s]
1it [00:28, 28.24s/it]
2it [00:28, 12.05s/it]
3it [00:31,  7.52s/it]
4it [00:33,  5.34s/it]
5it [00:38,  5.47s/it]
6it [00:41,  4.46s/it]
7it [00:44,  4.05s/it]
8it [00:46,  3.24s/it]
9it [00:54,  4.86s/it]
10it [00:56,  4.11s/it]
11it [00:59,  3.51s/it]
12it [01:01,  3.20s/it]
13it [01:10,  4.97s/it]
14it [01:12,  4.12s/it]
15it [01:15,  3.71s/it]
16it [01:17,  3.09s/it]
17it [01:25,  4.77s/it]
18it [01:28,  4.13s/it]
19it [01:31,  3.84s/it]
20it [01:33,  3.23s/it]
21it [01:41,  4.69s/it]
22it [01:43,  3.77s/it]
23it [01:46,  3.78s/it]
24it [01:48,  3.14s/it]
25it [01:57,  4.79s/it]
26it [01:58,  3.63s/it]
27it [01:59,  2.84s/it]
28it [01:59,  2.14s/it]
29it [02:06,  3.51s/it]
30it [02:06,  2.58s/it]
31it [02:07,  2.02s/it]
32it [02:07,  1.50s/it]
33it [02:08,  1.41s/it]
33it [02:09,  3.91s/it]
Compute metrics for 2072 samples
final/VideoMetricType.FVD : 195.813217
{'final/VideoMetricType.FVD': 195.81321716308594}
Number of frames in the videos: 16
Real data options:
{'class_name': 'tools.utils.dataset.VideoFramesFolderDataset', 'path': '/scratch/s224075134/temporal_diffusion/datasets/video/ucf101/images', 'cfg': {'max_num_frames': 10000}, 'load_n_consecutive': 16, 'subsample_factor': 3, 'discard_short_videos': True, 'xflip': False, 'resolution': 256, 'use_labels': False}
Fake data options:
{'class_name': 'tools.utils.dataset.VideoDataset', 'path': 'generation/ucf101_img256/000-FusedMatLatteIMG-XL-128-512-2-concat-F16S3-ucf101_img256-ImageNetPretrained-Compile-Amp-loadpixel/ddpm_250/0670000', 'cfg': {'max_num_frames': 10000}, 'load_n_consecutive': 16, 'load_n_consecutive_random_offset': False, 'subsample_factor': 1, 'xflip': False, 'resolution': 256, 'use_labels': False}
3
self._path generation/ucf101_img256/000-FusedMatLatteIMG-XL-128-512-2-concat-F16S3-ucf101_img256-ImageNetPretrained-Compile-Amp-loadpixel/ddpm_250/0670000
num_items: 2072
len(real_dataset): 13298
/scratch/s224075134/miniconda/envs/latte/lib/python3.12/site-packages/torch/utils/data/dataloader.py:617: UserWarning: This DataLoader will create 4 worker processes in total. Our suggested max number of worker in current system is 2, which is smaller than what this DataLoader is going to create. Please be aware that excessive worker creation might get DataLoader running slow or even freeze, lower the worker number to avoid potential slowness/freeze if necessary.
  warnings.warn(
len(fake_loader): 33
len(real_loader): 33

0it [00:00, ?it/s]
1it [00:27, 27.61s/it]
2it [00:28, 11.81s/it]
3it [00:29,  7.02s/it]
4it [00:31,  4.91s/it]
5it [00:38,  5.78s/it]
6it [00:40,  4.29s/it]
7it [00:43,  3.91s/it]
8it [00:45,  3.35s/it]
9it [00:54,  5.11s/it]
10it [00:55,  3.89s/it]
11it [00:58,  3.47s/it]
12it [01:00,  3.14s/it]
13it [01:09,  4.96s/it]
14it [01:11,  4.02s/it]
15it [01:14,  3.85s/it]
16it [01:16,  3.30s/it]
17it [01:25,  4.75s/it]
18it [01:26,  3.86s/it]
19it [01:30,  3.84s/it]
20it [01:32,  3.20s/it]
21it [01:40,  4.79s/it]
22it [01:42,  3.75s/it]
23it [01:46,  3.94s/it]
24it [01:48,  3.27s/it]
25it [01:56,  4.79s/it]
26it [01:57,  3.65s/it]
27it [01:58,  2.86s/it]
28it [01:59,  2.15s/it]
29it [02:05,  3.54s/it]
30it [02:06,  2.60s/it]
31it [02:06,  2.00s/it]
32it [02:07,  1.49s/it]
33it [02:08,  1.51s/it]
33it [02:08,  3.90s/it]
Compute metrics for 2072 samples
final/VideoMetricType.FVD : 185.430008
{'final/VideoMetricType.FVD': 185.4300079345703}
Number of frames in the videos: 16
Real data options:
{'class_name': 'tools.utils.dataset.VideoFramesFolderDataset', 'path': '/scratch/s224075134/temporal_diffusion/datasets/video/ucf101/images', 'cfg': {'max_num_frames': 10000}, 'load_n_consecutive': 16, 'subsample_factor': 3, 'discard_short_videos': True, 'xflip': False, 'resolution': 256, 'use_labels': False}
Fake data options:
{'class_name': 'tools.utils.dataset.VideoDataset', 'path': 'generation/ucf101_img256/000-FusedMatLatteIMG-XL-128-512-2-concat-F16S3-ucf101_img256-ImageNetPretrained-Compile-Amp-loadpixel/ddpm_250/0670000', 'cfg': {'max_num_frames': 10000}, 'load_n_consecutive': 16, 'load_n_consecutive_random_offset': False, 'subsample_factor': 1, 'xflip': False, 'resolution': 256, 'use_labels': False}
3
self._path generation/ucf101_img256/000-FusedMatLatteIMG-XL-128-512-2-concat-F16S3-ucf101_img256-ImageNetPretrained-Compile-Amp-loadpixel/ddpm_250/0670000
num_items: 2072
len(real_dataset): 13298
/scratch/s224075134/miniconda/envs/latte/lib/python3.12/site-packages/torch/utils/data/dataloader.py:617: UserWarning: This DataLoader will create 4 worker processes in total. Our suggested max number of worker in current system is 2, which is smaller than what this DataLoader is going to create. Please be aware that excessive worker creation might get DataLoader running slow or even freeze, lower the worker number to avoid potential slowness/freeze if necessary.
  warnings.warn(
len(fake_loader): 33
len(real_loader): 33

0it [00:00, ?it/s]
1it [00:27, 27.01s/it]
2it [00:27, 11.53s/it]
3it [00:28,  6.84s/it]
4it [00:30,  4.78s/it]
5it [00:37,  5.48s/it]
6it [00:39,  4.51s/it]
7it [00:42,  3.72s/it]
8it [00:43,  3.13s/it]
9it [00:52,  4.98s/it]
10it [00:55,  4.27s/it]
11it [00:57,  3.69s/it]
12it [01:00,  3.30s/it]
13it [01:08,  4.75s/it]
14it [01:11,  4.14s/it]
15it [01:14,  3.77s/it]
16it [01:16,  3.26s/it]
17it [01:23,  4.40s/it]
18it [01:27,  4.23s/it]
19it [01:29,  3.59s/it]
20it [01:31,  3.13s/it]
21it [01:38,  4.46s/it]
22it [01:42,  4.19s/it]
23it [01:45,  3.77s/it]
24it [01:47,  3.25s/it]
25it [01:54,  4.34s/it]
26it [01:56,  3.76s/it]
27it [01:57,  2.84s/it]
28it [01:57,  2.13s/it]
29it [02:02,  2.93s/it]
30it [02:03,  2.44s/it]
31it [02:04,  1.84s/it]
32it [02:04,  1.37s/it]
33it [02:05,  1.30s/it]
33it [02:05,  3.81s/it]
Compute metrics for 2072 samples
final/VideoMetricType.FVD : 177.775269
{'final/VideoMetricType.FVD': 177.7752685546875}
Number of frames in the videos: 16
Real data options:
{'class_name': 'tools.utils.dataset.VideoFramesFolderDataset', 'path': '/scratch/s224075134/temporal_diffusion/datasets/video/ucf101/images', 'cfg': {'max_num_frames': 10000}, 'load_n_consecutive': 16, 'subsample_factor': 3, 'discard_short_videos': True, 'xflip': False, 'resolution': 256, 'use_labels': False}
Fake data options:
{'class_name': 'tools.utils.dataset.VideoDataset', 'path': 'generation/ucf101_img256/000-FusedMatLatteIMG-XL-128-512-2-concat-F16S3-ucf101_img256-ImageNetPretrained-Compile-Amp-loadpixel/ddpm_250/0670000', 'cfg': {'max_num_frames': 10000}, 'load_n_consecutive': 16, 'load_n_consecutive_random_offset': False, 'subsample_factor': 1, 'xflip': False, 'resolution': 256, 'use_labels': False}
3
self._path generation/ucf101_img256/000-FusedMatLatteIMG-XL-128-512-2-concat-F16S3-ucf101_img256-ImageNetPretrained-Compile-Amp-loadpixel/ddpm_250/0670000
num_items: 2072
len(real_dataset): 13298
/scratch/s224075134/miniconda/envs/latte/lib/python3.12/site-packages/torch/utils/data/dataloader.py:617: UserWarning: This DataLoader will create 4 worker processes in total. Our suggested max number of worker in current system is 2, which is smaller than what this DataLoader is going to create. Please be aware that excessive worker creation might get DataLoader running slow or even freeze, lower the worker number to avoid potential slowness/freeze if necessary.
  warnings.warn(
len(fake_loader): 33
len(real_loader): 33

0it [00:00, ?it/s]
1it [00:27, 27.48s/it]
2it [00:27, 11.61s/it]
3it [00:29,  6.82s/it]
4it [00:30,  4.66s/it]
5it [00:39,  6.23s/it]
6it [00:40,  4.56s/it]
7it [00:43,  3.86s/it]
8it [00:45,  3.32s/it]
9it [00:55,  5.44s/it]
10it [00:56,  4.15s/it]
11it [00:59,  3.85s/it]
12it [01:01,  3.17s/it]
13it [01:10,  5.03s/it]
14it [01:11,  3.83s/it]
15it [01:15,  3.67s/it]
16it [01:17,  3.30s/it]
17it [01:26,  4.88s/it]
18it [01:27,  3.72s/it]
19it [01:31,  3.81s/it]
20it [01:32,  2.98s/it]
21it [01:41,  4.88s/it]
22it [01:42,  3.78s/it]
23it [01:47,  3.97s/it]
24it [01:48,  3.13s/it]
25it [01:56,  4.73s/it]
26it [01:57,  3.67s/it]
27it [01:59,  3.04s/it]
28it [01:59,  2.22s/it]
29it [02:05,  3.25s/it]
30it [02:07,  2.72s/it]
31it [02:07,  2.13s/it]
32it [02:08,  1.57s/it]
33it [02:09,  1.44s/it]
33it [02:09,  3.92s/it]
Compute metrics for 2072 samples
final/VideoMetricType.FVD : 201.929794
{'final/VideoMetricType.FVD': 201.92979431152344}
Number of frames in the videos: 16
Real data options:
{'class_name': 'tools.utils.dataset.VideoFramesFolderDataset', 'path': '/scratch/s224075134/temporal_diffusion/datasets/video/ucf101/images', 'cfg': {'max_num_frames': 10000}, 'load_n_consecutive': 16, 'subsample_factor': 3, 'discard_short_videos': True, 'xflip': False, 'resolution': 256, 'use_labels': False}
Fake data options:
{'class_name': 'tools.utils.dataset.VideoDataset', 'path': 'generation/ucf101_img256/000-FusedMatLatteIMG-XL-128-512-2-concat-F16S3-ucf101_img256-ImageNetPretrained-Compile-Amp-loadpixel/ddpm_250/0670000', 'cfg': {'max_num_frames': 10000}, 'load_n_consecutive': 16, 'load_n_consecutive_random_offset': False, 'subsample_factor': 1, 'xflip': False, 'resolution': 256, 'use_labels': False}
3
self._path generation/ucf101_img256/000-FusedMatLatteIMG-XL-128-512-2-concat-F16S3-ucf101_img256-ImageNetPretrained-Compile-Amp-loadpixel/ddpm_250/0670000
num_items: 2072
len(real_dataset): 13298
/scratch/s224075134/miniconda/envs/latte/lib/python3.12/site-packages/torch/utils/data/dataloader.py:617: UserWarning: This DataLoader will create 4 worker processes in total. Our suggested max number of worker in current system is 2, which is smaller than what this DataLoader is going to create. Please be aware that excessive worker creation might get DataLoader running slow or even freeze, lower the worker number to avoid potential slowness/freeze if necessary.
  warnings.warn(
len(fake_loader): 33
len(real_loader): 33

0it [00:00, ?it/s]
1it [00:27, 27.17s/it]
2it [00:27, 11.62s/it]
3it [00:30,  7.30s/it]
4it [00:32,  5.23s/it]
5it [00:38,  5.68s/it]
6it [00:40,  4.45s/it]
7it [00:43,  3.93s/it]
8it [00:45,  3.39s/it]
9it [00:54,  4.95s/it]
10it [00:57,  4.33s/it]
11it [00:59,  3.87s/it]
12it [01:01,  3.31s/it]
13it [01:09,  4.75s/it]
14it [01:13,  4.31s/it]
15it [01:16,  3.90s/it]
16it [01:18,  3.42s/it]
17it [01:25,  4.48s/it]
18it [01:29,  4.46s/it]
19it [01:31,  3.68s/it]
20it [01:33,  3.22s/it]
21it [01:40,  4.38s/it]
22it [01:45,  4.53s/it]
23it [01:47,  3.81s/it]
24it [01:49,  3.17s/it]
25it [01:56,  4.34s/it]
26it [02:00,  4.02s/it]
27it [02:00,  3.03s/it]
28it [02:01,  2.22s/it]
29it [02:05,  2.79s/it]
30it [02:07,  2.58s/it]
31it [02:07,  1.93s/it]
32it [02:07,  1.44s/it]
33it [02:09,  1.34s/it]
33it [02:09,  3.92s/it]
Compute metrics for 2072 samples
final/VideoMetricType.FVD : 184.786545
{'final/VideoMetricType.FVD': 184.7865447998047}
Number of frames in the videos: 16
Real data options:
{'class_name': 'tools.utils.dataset.VideoFramesFolderDataset', 'path': '/scratch/s224075134/temporal_diffusion/datasets/video/ucf101/images', 'cfg': {'max_num_frames': 10000}, 'load_n_consecutive': 16, 'subsample_factor': 3, 'discard_short_videos': True, 'xflip': False, 'resolution': 256, 'use_labels': False}
Fake data options:
{'class_name': 'tools.utils.dataset.VideoDataset', 'path': 'generation/ucf101_img256/000-FusedMatLatteIMG-XL-128-512-2-concat-F16S3-ucf101_img256-ImageNetPretrained-Compile-Amp-loadpixel/ddpm_250/0670000', 'cfg': {'max_num_frames': 10000}, 'load_n_consecutive': 16, 'load_n_consecutive_random_offset': False, 'subsample_factor': 1, 'xflip': False, 'resolution': 256, 'use_labels': False}
3
self._path generation/ucf101_img256/000-FusedMatLatteIMG-XL-128-512-2-concat-F16S3-ucf101_img256-ImageNetPretrained-Compile-Amp-loadpixel/ddpm_250/0670000
num_items: 2072
len(real_dataset): 13298
/scratch/s224075134/miniconda/envs/latte/lib/python3.12/site-packages/torch/utils/data/dataloader.py:617: UserWarning: This DataLoader will create 4 worker processes in total. Our suggested max number of worker in current system is 2, which is smaller than what this DataLoader is going to create. Please be aware that excessive worker creation might get DataLoader running slow or even freeze, lower the worker number to avoid potential slowness/freeze if necessary.
  warnings.warn(
len(fake_loader): 33
len(real_loader): 33

0it [00:00, ?it/s]
1it [00:27, 27.61s/it]
2it [00:28, 11.90s/it]
3it [00:30,  7.32s/it]
4it [00:32,  5.24s/it]
5it [00:39,  5.98s/it]
6it [00:40,  4.30s/it]
7it [00:43,  3.65s/it]
8it [00:46,  3.43s/it]
9it [00:55,  5.35s/it]
10it [00:56,  4.12s/it]
11it [01:00,  3.84s/it]
12it [01:02,  3.28s/it]
13it [01:11,  5.05s/it]
14it [01:12,  3.95s/it]
15it [01:16,  3.82s/it]
16it [01:18,  3.34s/it]
17it [01:27,  5.13s/it]
18it [01:29,  4.08s/it]
19it [01:32,  3.81s/it]
20it [01:34,  3.28s/it]
21it [01:42,  4.59s/it]
22it [01:43,  3.53s/it]
23it [01:45,  3.17s/it]
24it [01:48,  3.14s/it]
25it [01:58,  5.07s/it]
26it [01:58,  3.75s/it]
27it [01:59,  2.91s/it]
28it [02:00,  2.19s/it]
29it [02:06,  3.28s/it]
30it [02:06,  2.38s/it]
31it [02:06,  1.79s/it]
32it [02:07,  1.47s/it]
33it [02:09,  1.48s/it]
33it [02:09,  3.92s/it]
Compute metrics for 2072 samples
final/VideoMetricType.FVD : 191.380814
{'final/VideoMetricType.FVD': 191.3808135986328}
Number of frames in the videos: 16
Real data options:
{'class_name': 'tools.utils.dataset.VideoFramesFolderDataset', 'path': '/scratch/s224075134/temporal_diffusion/datasets/video/ucf101/images', 'cfg': {'max_num_frames': 10000}, 'load_n_consecutive': 16, 'subsample_factor': 3, 'discard_short_videos': True, 'xflip': False, 'resolution': 256, 'use_labels': False}
Fake data options:
{'class_name': 'tools.utils.dataset.VideoDataset', 'path': 'generation/ucf101_img256/000-FusedMatLatteIMG-XL-128-512-2-concat-F16S3-ucf101_img256-ImageNetPretrained-Compile-Amp-loadpixel/ddpm_250/0670000', 'cfg': {'max_num_frames': 10000}, 'load_n_consecutive': 16, 'load_n_consecutive_random_offset': False, 'subsample_factor': 1, 'xflip': False, 'resolution': 256, 'use_labels': False}
3
self._path generation/ucf101_img256/000-FusedMatLatteIMG-XL-128-512-2-concat-F16S3-ucf101_img256-ImageNetPretrained-Compile-Amp-loadpixel/ddpm_250/0670000
num_items: 2072
len(real_dataset): 13298
/scratch/s224075134/miniconda/envs/latte/lib/python3.12/site-packages/torch/utils/data/dataloader.py:617: UserWarning: This DataLoader will create 4 worker processes in total. Our suggested max number of worker in current system is 2, which is smaller than what this DataLoader is going to create. Please be aware that excessive worker creation might get DataLoader running slow or even freeze, lower the worker number to avoid potential slowness/freeze if necessary.
  warnings.warn(
len(fake_loader): 33
len(real_loader): 33

0it [00:00, ?it/s]
1it [00:27, 27.00s/it]
2it [00:27, 11.45s/it]
3it [00:29,  6.90s/it]
4it [00:30,  4.76s/it]
5it [00:39,  6.17s/it]
6it [00:40,  4.54s/it]
7it [00:42,  3.77s/it]
8it [00:44,  3.21s/it]
9it [00:54,  5.39s/it]
10it [00:56,  4.12s/it]
11it [00:58,  3.58s/it]
12it [01:00,  3.18s/it]
13it [01:10,  5.11s/it]
14it [01:11,  4.01s/it]
15it [01:15,  3.80s/it]
16it [01:17,  3.21s/it]
17it [01:25,  4.89s/it]
18it [01:26,  3.75s/it]
19it [01:29,  3.47s/it]
20it [01:31,  3.04s/it]
21it [01:41,  4.96s/it]
22it [01:42,  3.79s/it]
23it [01:45,  3.72s/it]
24it [01:48,  3.25s/it]
25it [01:56,  4.97s/it]
26it [01:57,  3.70s/it]
27it [01:58,  2.86s/it]
28it [01:59,  2.15s/it]
29it [02:05,  3.49s/it]
30it [02:06,  2.53s/it]
31it [02:06,  1.89s/it]
32it [02:06,  1.41s/it]
33it [02:08,  1.40s/it]
33it [02:08,  3.89s/it]
Compute metrics for 2072 samples
final/VideoMetricType.FVD : 202.223495
{'final/VideoMetricType.FVD': 202.22349548339844}
Number of frames in the videos: 16
Real data options:
{'class_name': 'tools.utils.dataset.VideoFramesFolderDataset', 'path': '/scratch/s224075134/temporal_diffusion/datasets/video/ucf101/images', 'cfg': {'max_num_frames': 10000}, 'load_n_consecutive': 16, 'subsample_factor': 3, 'discard_short_videos': True, 'xflip': False, 'resolution': 256, 'use_labels': False}
Fake data options:
{'class_name': 'tools.utils.dataset.VideoDataset', 'path': 'generation/ucf101_img256/000-FusedMatLatteIMG-XL-128-512-2-concat-F16S3-ucf101_img256-ImageNetPretrained-Compile-Amp-loadpixel/ddpm_250/0670000', 'cfg': {'max_num_frames': 10000}, 'load_n_consecutive': 16, 'load_n_consecutive_random_offset': False, 'subsample_factor': 1, 'xflip': False, 'resolution': 256, 'use_labels': False}
3
self._path generation/ucf101_img256/000-FusedMatLatteIMG-XL-128-512-2-concat-F16S3-ucf101_img256-ImageNetPretrained-Compile-Amp-loadpixel/ddpm_250/0670000
num_items: 2072
len(real_dataset): 13298
/scratch/s224075134/miniconda/envs/latte/lib/python3.12/site-packages/torch/utils/data/dataloader.py:617: UserWarning: This DataLoader will create 4 worker processes in total. Our suggested max number of worker in current system is 2, which is smaller than what this DataLoader is going to create. Please be aware that excessive worker creation might get DataLoader running slow or even freeze, lower the worker number to avoid potential slowness/freeze if necessary.
  warnings.warn(
len(fake_loader): 33
len(real_loader): 33

0it [00:00, ?it/s]
1it [00:27, 27.68s/it]
2it [00:28, 11.84s/it]
3it [00:30,  7.16s/it]
4it [00:31,  4.89s/it]
5it [00:38,  5.70s/it]
6it [00:39,  4.22s/it]
7it [00:42,  3.71s/it]
8it [00:44,  3.28s/it]
9it [00:54,  5.19s/it]
10it [00:55,  4.00s/it]
11it [00:58,  3.73s/it]
12it [01:00,  3.17s/it]
13it [01:09,  4.85s/it]
14it [01:10,  3.75s/it]
15it [01:14,  3.65s/it]
16it [01:16,  3.19s/it]
17it [01:24,  4.73s/it]
18it [01:27,  4.09s/it]
19it [01:29,  3.70s/it]
20it [01:31,  3.09s/it]
21it [01:40,  4.79s/it]
22it [01:42,  3.94s/it]
23it [01:45,  3.82s/it]
24it [01:47,  3.26s/it]
25it [01:55,  4.73s/it]
26it [01:57,  3.87s/it]
27it [01:58,  2.91s/it]
28it [01:58,  2.18s/it]
29it [02:04,  3.21s/it]
30it [02:06,  2.82s/it]
31it [02:06,  2.10s/it]
32it [02:07,  1.55s/it]
33it [02:08,  1.43s/it]
33it [02:08,  3.89s/it]
Compute metrics for 2072 samples
final/VideoMetricType.FVD : 193.531326
{'final/VideoMetricType.FVD': 193.5313262939453}
Number of frames in the videos: 16
Real data options:
{'class_name': 'tools.utils.dataset.VideoFramesFolderDataset', 'path': '/scratch/s224075134/temporal_diffusion/datasets/video/ucf101/images', 'cfg': {'max_num_frames': 10000}, 'load_n_consecutive': 16, 'subsample_factor': 3, 'discard_short_videos': True, 'xflip': False, 'resolution': 256, 'use_labels': False}
Fake data options:
{'class_name': 'tools.utils.dataset.VideoDataset', 'path': 'generation/ucf101_img256/000-FusedMatLatteIMG-XL-128-512-2-concat-F16S3-ucf101_img256-ImageNetPretrained-Compile-Amp-loadpixel/ddpm_250/0670000', 'cfg': {'max_num_frames': 10000}, 'load_n_consecutive': 16, 'load_n_consecutive_random_offset': False, 'subsample_factor': 1, 'xflip': False, 'resolution': 256, 'use_labels': False}
3
self._path generation/ucf101_img256/000-FusedMatLatteIMG-XL-128-512-2-concat-F16S3-ucf101_img256-ImageNetPretrained-Compile-Amp-loadpixel/ddpm_250/0670000
num_items: 2072
len(real_dataset): 13298
/scratch/s224075134/miniconda/envs/latte/lib/python3.12/site-packages/torch/utils/data/dataloader.py:617: UserWarning: This DataLoader will create 4 worker processes in total. Our suggested max number of worker in current system is 2, which is smaller than what this DataLoader is going to create. Please be aware that excessive worker creation might get DataLoader running slow or even freeze, lower the worker number to avoid potential slowness/freeze if necessary.
  warnings.warn(
len(fake_loader): 33
len(real_loader): 33

0it [00:00, ?it/s]
1it [00:26, 26.53s/it]
2it [00:27, 11.55s/it]
3it [00:29,  7.35s/it]
4it [00:32,  5.42s/it]
5it [00:39,  6.09s/it]
6it [00:41,  4.58s/it]
7it [00:44,  4.07s/it]
8it [00:46,  3.40s/it]
9it [00:54,  5.00s/it]
10it [00:56,  3.85s/it]
11it [00:59,  3.79s/it]
12it [01:01,  3.29s/it]
13it [01:09,  4.61s/it]
14it [01:10,  3.54s/it]
15it [01:12,  3.16s/it]
16it [01:15,  2.98s/it]
17it [01:25,  5.01s/it]
18it [01:26,  3.78s/it]
19it [01:28,  3.41s/it]
20it [01:31,  3.29s/it]
21it [01:40,  4.91s/it]
22it [01:41,  3.78s/it]
23it [01:44,  3.42s/it]
24it [01:46,  3.05s/it]
25it [01:55,  4.98s/it]
26it [01:56,  3.64s/it]
27it [01:56,  2.74s/it]
28it [01:57,  2.02s/it]
29it [02:03,  3.32s/it]
30it [02:03,  2.42s/it]
31it [02:04,  1.82s/it]
32it [02:04,  1.37s/it]
33it [02:05,  1.35s/it]
33it [02:06,  3.82s/it]
Compute metrics for 2072 samples
final/VideoMetricType.FVD : 184.352524
{'final/VideoMetricType.FVD': 184.35252380371094}
Number of frames in the videos: 16
Real data options:
{'class_name': 'tools.utils.dataset.VideoFramesFolderDataset', 'path': '/scratch/s224075134/temporal_diffusion/datasets/video/ucf101/images', 'cfg': {'max_num_frames': 10000}, 'load_n_consecutive': 16, 'subsample_factor': 3, 'discard_short_videos': True, 'xflip': False, 'resolution': 256, 'use_labels': False}
Fake data options:
{'class_name': 'tools.utils.dataset.VideoDataset', 'path': 'generation/ucf101_img256/000-FusedMatLatteIMG-XL-128-512-2-concat-F16S3-ucf101_img256-ImageNetPretrained-Compile-Amp-loadpixel/ddpm_250/0670000', 'cfg': {'max_num_frames': 10000}, 'load_n_consecutive': 16, 'load_n_consecutive_random_offset': False, 'subsample_factor': 1, 'xflip': False, 'resolution': 256, 'use_labels': False}
3
self._path generation/ucf101_img256/000-FusedMatLatteIMG-XL-128-512-2-concat-F16S3-ucf101_img256-ImageNetPretrained-Compile-Amp-loadpixel/ddpm_250/0670000
num_items: 2072
len(real_dataset): 13298
/scratch/s224075134/miniconda/envs/latte/lib/python3.12/site-packages/torch/utils/data/dataloader.py:617: UserWarning: This DataLoader will create 4 worker processes in total. Our suggested max number of worker in current system is 2, which is smaller than what this DataLoader is going to create. Please be aware that excessive worker creation might get DataLoader running slow or even freeze, lower the worker number to avoid potential slowness/freeze if necessary.
  warnings.warn(
len(fake_loader): 33
len(real_loader): 33

0it [00:00, ?it/s]
1it [00:29, 29.04s/it]
2it [00:29, 12.36s/it]
3it [00:31,  7.59s/it]
4it [00:33,  5.34s/it]
5it [00:39,  5.50s/it]
6it [00:40,  4.13s/it]
7it [00:44,  3.84s/it]
8it [00:46,  3.30s/it]
9it [00:54,  4.98s/it]
10it [00:56,  3.97s/it]
11it [00:59,  3.73s/it]
12it [01:01,  3.13s/it]
13it [01:10,  4.91s/it]
14it [01:11,  3.84s/it]
15it [01:15,  3.69s/it]
16it [01:17,  3.23s/it]
17it [01:25,  4.77s/it]
18it [01:27,  3.78s/it]
19it [01:30,  3.64s/it]
20it [01:32,  3.29s/it]
21it [01:41,  4.73s/it]
22it [01:43,  4.07s/it]
23it [01:46,  3.60s/it]
24it [01:48,  3.10s/it]
25it [01:56,  4.70s/it]
26it [01:58,  3.88s/it]
27it [01:58,  2.85s/it]
28it [01:59,  2.09s/it]
29it [02:05,  3.47s/it]
30it [02:07,  2.77s/it]
31it [02:07,  2.08s/it]
32it [02:07,  1.54s/it]
33it [02:08,  1.44s/it]
33it [02:09,  3.91s/it]
Compute metrics for 2072 samples
final/VideoMetricType.FVD : 190.581223
{'final/VideoMetricType.FVD': 190.5812225341797}
Number of frames in the videos: 16
Real data options:
{'class_name': 'tools.utils.dataset.VideoFramesFolderDataset', 'path': '/scratch/s224075134/temporal_diffusion/datasets/video/ucf101/images', 'cfg': {'max_num_frames': 10000}, 'load_n_consecutive': 16, 'subsample_factor': 3, 'discard_short_videos': True, 'xflip': False, 'resolution': 256, 'use_labels': False}
Fake data options:
{'class_name': 'tools.utils.dataset.VideoDataset', 'path': 'generation/ucf101_img256/000-FusedMatLatteIMG-XL-128-512-2-concat-F16S3-ucf101_img256-ImageNetPretrained-Compile-Amp-loadpixel/ddpm_250/0670000', 'cfg': {'max_num_frames': 10000}, 'load_n_consecutive': 16, 'load_n_consecutive_random_offset': False, 'subsample_factor': 1, 'xflip': False, 'resolution': 256, 'use_labels': False}
3
self._path generation/ucf101_img256/000-FusedMatLatteIMG-XL-128-512-2-concat-F16S3-ucf101_img256-ImageNetPretrained-Compile-Amp-loadpixel/ddpm_250/0670000
num_items: 2072
len(real_dataset): 13298
/scratch/s224075134/miniconda/envs/latte/lib/python3.12/site-packages/torch/utils/data/dataloader.py:617: UserWarning: This DataLoader will create 4 worker processes in total. Our suggested max number of worker in current system is 2, which is smaller than what this DataLoader is going to create. Please be aware that excessive worker creation might get DataLoader running slow or even freeze, lower the worker number to avoid potential slowness/freeze if necessary.
  warnings.warn(
len(fake_loader): 33
len(real_loader): 33

0it [00:00, ?it/s]
1it [00:26, 26.70s/it]
2it [00:27, 11.36s/it]
3it [00:28,  6.80s/it]
4it [00:31,  5.08s/it]
5it [00:39,  6.13s/it]
6it [00:40,  4.57s/it]
7it [00:43,  4.06s/it]
8it [00:45,  3.28s/it]
9it [00:55,  5.32s/it]
10it [00:56,  4.15s/it]
11it [00:58,  3.54s/it]
12it [01:00,  3.10s/it]
13it [01:10,  5.08s/it]
14it [01:11,  3.85s/it]
15it [01:14,  3.47s/it]
16it [01:16,  3.13s/it]
17it [01:25,  5.04s/it]
18it [01:27,  3.99s/it]
19it [01:31,  3.91s/it]
20it [01:32,  3.25s/it]
21it [01:41,  4.98s/it]
22it [01:43,  3.90s/it]
23it [01:46,  3.69s/it]
24it [01:48,  3.21s/it]
25it [01:57,  4.88s/it]
26it [01:58,  3.75s/it]
27it [01:59,  2.81s/it]
28it [01:59,  2.06s/it]
29it [02:06,  3.60s/it]
30it [02:06,  2.60s/it]
31it [02:07,  1.94s/it]
32it [02:07,  1.45s/it]
33it [02:09,  1.45s/it]
33it [02:09,  3.92s/it]
Compute metrics for 2072 samples
final/VideoMetricType.FVD : 199.589783
{'final/VideoMetricType.FVD': 199.58978271484375}
Number of frames in the videos: 16
Real data options:
{'class_name': 'tools.utils.dataset.VideoFramesFolderDataset', 'path': '/scratch/s224075134/temporal_diffusion/datasets/video/ucf101/images', 'cfg': {'max_num_frames': 10000}, 'load_n_consecutive': 16, 'subsample_factor': 3, 'discard_short_videos': True, 'xflip': False, 'resolution': 256, 'use_labels': False}
Fake data options:
{'class_name': 'tools.utils.dataset.VideoDataset', 'path': 'generation/ucf101_img256/000-FusedMatLatteIMG-XL-128-512-2-concat-F16S3-ucf101_img256-ImageNetPretrained-Compile-Amp-loadpixel/ddpm_250/0670000', 'cfg': {'max_num_frames': 10000}, 'load_n_consecutive': 16, 'load_n_consecutive_random_offset': False, 'subsample_factor': 1, 'xflip': False, 'resolution': 256, 'use_labels': False}
3
self._path generation/ucf101_img256/000-FusedMatLatteIMG-XL-128-512-2-concat-F16S3-ucf101_img256-ImageNetPretrained-Compile-Amp-loadpixel/ddpm_250/0670000
num_items: 2072
len(real_dataset): 13298
/scratch/s224075134/miniconda/envs/latte/lib/python3.12/site-packages/torch/utils/data/dataloader.py:617: UserWarning: This DataLoader will create 4 worker processes in total. Our suggested max number of worker in current system is 2, which is smaller than what this DataLoader is going to create. Please be aware that excessive worker creation might get DataLoader running slow or even freeze, lower the worker number to avoid potential slowness/freeze if necessary.
  warnings.warn(
len(fake_loader): 33
len(real_loader): 33

0it [00:00, ?it/s]
1it [00:26, 26.99s/it]
2it [00:27, 11.62s/it]
3it [00:30,  7.45s/it]
4it [00:32,  5.45s/it]
5it [00:39,  5.95s/it]
6it [00:40,  4.40s/it]
7it [00:44,  3.98s/it]
8it [00:45,  3.31s/it]
9it [00:55,  5.26s/it]
10it [00:56,  3.99s/it]
11it [00:59,  3.75s/it]
12it [01:01,  3.25s/it]
13it [01:11,  5.16s/it]
14it [01:13,  4.06s/it]
15it [01:16,  3.77s/it]
16it [01:17,  3.15s/it]
17it [01:27,  5.02s/it]
18it [01:28,  3.78s/it]
19it [01:30,  3.28s/it]
20it [01:33,  3.28s/it]
21it [01:42,  4.98s/it]
22it [01:43,  3.88s/it]
23it [01:47,  3.82s/it]
24it [01:49,  3.21s/it]
25it [01:57,  4.84s/it]
26it [01:58,  3.55s/it]
27it [01:59,  2.70s/it]
28it [01:59,  1.99s/it]
29it [02:06,  3.57s/it]
30it [02:07,  2.60s/it]
31it [02:07,  1.95s/it]
32it [02:07,  1.46s/it]
33it [02:09,  1.41s/it]
33it [02:09,  3.91s/it]
Compute metrics for 2072 samples
final/VideoMetricType.FVD : 179.284637
{'final/VideoMetricType.FVD': 179.28463745117188}
Number of frames in the videos: 16
Real data options:
{'class_name': 'tools.utils.dataset.VideoFramesFolderDataset', 'path': '/scratch/s224075134/temporal_diffusion/datasets/video/ucf101/images', 'cfg': {'max_num_frames': 10000}, 'load_n_consecutive': 16, 'subsample_factor': 3, 'discard_short_videos': True, 'xflip': False, 'resolution': 256, 'use_labels': False}
Fake data options:
{'class_name': 'tools.utils.dataset.VideoDataset', 'path': 'generation/ucf101_img256/000-FusedMatLatteIMG-XL-128-512-2-concat-F16S3-ucf101_img256-ImageNetPretrained-Compile-Amp-loadpixel/ddpm_250/0670000', 'cfg': {'max_num_frames': 10000}, 'load_n_consecutive': 16, 'load_n_consecutive_random_offset': False, 'subsample_factor': 1, 'xflip': False, 'resolution': 256, 'use_labels': False}
3
self._path generation/ucf101_img256/000-FusedMatLatteIMG-XL-128-512-2-concat-F16S3-ucf101_img256-ImageNetPretrained-Compile-Amp-loadpixel/ddpm_250/0670000
num_items: 2072
len(real_dataset): 13298
/scratch/s224075134/miniconda/envs/latte/lib/python3.12/site-packages/torch/utils/data/dataloader.py:617: UserWarning: This DataLoader will create 4 worker processes in total. Our suggested max number of worker in current system is 2, which is smaller than what this DataLoader is going to create. Please be aware that excessive worker creation might get DataLoader running slow or even freeze, lower the worker number to avoid potential slowness/freeze if necessary.
  warnings.warn(
len(fake_loader): 33
len(real_loader): 33

0it [00:00, ?it/s]
1it [00:27, 27.79s/it]
2it [00:28, 12.01s/it]
3it [00:30,  7.25s/it]
4it [00:32,  5.08s/it]
5it [00:38,  5.69s/it]
6it [00:41,  4.61s/it]
7it [00:43,  3.91s/it]
8it [00:45,  3.23s/it]
9it [00:53,  4.83s/it]
10it [00:57,  4.53s/it]
11it [00:59,  3.77s/it]
12it [01:02,  3.30s/it]
13it [01:09,  4.50s/it]
14it [01:13,  4.35s/it]
15it [01:15,  3.74s/it]
16it [01:17,  3.28s/it]
17it [01:25,  4.46s/it]
18it [01:28,  4.17s/it]
19it [01:31,  3.81s/it]
20it [01:33,  3.33s/it]
21it [01:41,  4.64s/it]
22it [01:43,  3.77s/it]
23it [01:46,  3.53s/it]
24it [01:48,  3.17s/it]
25it [01:57,  4.91s/it]
26it [01:58,  3.76s/it]
27it [01:59,  2.78s/it]
28it [01:59,  2.04s/it]
29it [02:06,  3.61s/it]
30it [02:06,  2.62s/it]
31it [02:07,  1.97s/it]
32it [02:07,  1.47s/it]
33it [02:09,  1.51s/it]
33it [02:09,  3.92s/it]
Compute metrics for 2072 samples
final/VideoMetricType.FVD : 190.524277
{'final/VideoMetricType.FVD': 190.52427673339844}
Number of frames in the videos: 16
Real data options:
{'class_name': 'tools.utils.dataset.VideoFramesFolderDataset', 'path': '/scratch/s224075134/temporal_diffusion/datasets/video/ucf101/images', 'cfg': {'max_num_frames': 10000}, 'load_n_consecutive': 16, 'subsample_factor': 3, 'discard_short_videos': True, 'xflip': False, 'resolution': 256, 'use_labels': False}
Fake data options:
{'class_name': 'tools.utils.dataset.VideoDataset', 'path': 'generation/ucf101_img256/000-FusedMatLatteIMG-XL-128-512-2-concat-F16S3-ucf101_img256-ImageNetPretrained-Compile-Amp-loadpixel/ddpm_250/0670000', 'cfg': {'max_num_frames': 10000}, 'load_n_consecutive': 16, 'load_n_consecutive_random_offset': False, 'subsample_factor': 1, 'xflip': False, 'resolution': 256, 'use_labels': False}
3
self._path generation/ucf101_img256/000-FusedMatLatteIMG-XL-128-512-2-concat-F16S3-ucf101_img256-ImageNetPretrained-Compile-Amp-loadpixel/ddpm_250/0670000
num_items: 2072
len(real_dataset): 13298
/scratch/s224075134/miniconda/envs/latte/lib/python3.12/site-packages/torch/utils/data/dataloader.py:617: UserWarning: This DataLoader will create 4 worker processes in total. Our suggested max number of worker in current system is 2, which is smaller than what this DataLoader is going to create. Please be aware that excessive worker creation might get DataLoader running slow or even freeze, lower the worker number to avoid potential slowness/freeze if necessary.
  warnings.warn(
len(fake_loader): 33
len(real_loader): 33

0it [00:00, ?it/s]
1it [00:27, 27.54s/it]
2it [00:28, 11.89s/it]
3it [00:31,  7.70s/it]
4it [00:32,  5.32s/it]
5it [00:39,  5.66s/it]
6it [00:40,  4.22s/it]
7it [00:43,  3.68s/it]
8it [00:45,  3.28s/it]
9it [00:54,  5.08s/it]
10it [00:56,  4.20s/it]
11it [00:59,  3.80s/it]
12it [01:01,  3.26s/it]
13it [01:09,  4.65s/it]
14it [01:12,  4.16s/it]
15it [01:15,  3.84s/it]
16it [01:17,  3.37s/it]
17it [01:25,  4.69s/it]
18it [01:27,  3.94s/it]
19it [01:30,  3.56s/it]
20it [01:32,  3.18s/it]
21it [01:41,  4.77s/it]
22it [01:44,  4.15s/it]
23it [01:46,  3.69s/it]
24it [01:49,  3.33s/it]
25it [01:57,  4.83s/it]
26it [01:58,  3.83s/it]
27it [01:59,  2.89s/it]
28it [02:00,  2.18s/it]
29it [02:06,  3.47s/it]
30it [02:07,  2.65s/it]
31it [02:07,  1.99s/it]
32it [02:08,  1.49s/it]
33it [02:09,  1.49s/it]
33it [02:09,  3.93s/it]
Compute metrics for 2072 samples
final/VideoMetricType.FVD : 197.075119
{'final/VideoMetricType.FVD': 197.0751190185547}
Number of frames in the videos: 16
Real data options:
{'class_name': 'tools.utils.dataset.VideoFramesFolderDataset', 'path': '/scratch/s224075134/temporal_diffusion/datasets/video/ucf101/images', 'cfg': {'max_num_frames': 10000}, 'load_n_consecutive': 16, 'subsample_factor': 3, 'discard_short_videos': True, 'xflip': False, 'resolution': 256, 'use_labels': False}
Fake data options:
{'class_name': 'tools.utils.dataset.VideoDataset', 'path': 'generation/ucf101_img256/000-FusedMatLatteIMG-XL-128-512-2-concat-F16S3-ucf101_img256-ImageNetPretrained-Compile-Amp-loadpixel/ddpm_250/0670000', 'cfg': {'max_num_frames': 10000}, 'load_n_consecutive': 16, 'load_n_consecutive_random_offset': False, 'subsample_factor': 1, 'xflip': False, 'resolution': 256, 'use_labels': False}
3
self._path generation/ucf101_img256/000-FusedMatLatteIMG-XL-128-512-2-concat-F16S3-ucf101_img256-ImageNetPretrained-Compile-Amp-loadpixel/ddpm_250/0670000
num_items: 2072
len(real_dataset): 13298
/scratch/s224075134/miniconda/envs/latte/lib/python3.12/site-packages/torch/utils/data/dataloader.py:617: UserWarning: This DataLoader will create 4 worker processes in total. Our suggested max number of worker in current system is 2, which is smaller than what this DataLoader is going to create. Please be aware that excessive worker creation might get DataLoader running slow or even freeze, lower the worker number to avoid potential slowness/freeze if necessary.
  warnings.warn(
len(fake_loader): 33
len(real_loader): 33

0it [00:00, ?it/s]
1it [00:26, 26.78s/it]
2it [00:27, 11.54s/it]
3it [00:29,  7.05s/it]
4it [00:31,  5.01s/it]
5it [00:38,  5.78s/it]
6it [00:40,  4.68s/it]
7it [00:43,  4.07s/it]
8it [00:45,  3.45s/it]
9it [00:54,  5.00s/it]
10it [00:56,  4.02s/it]
11it [00:59,  3.71s/it]
12it [01:01,  3.26s/it]
13it [01:09,  4.88s/it]
14it [01:11,  3.99s/it]
15it [01:14,  3.70s/it]
16it [01:16,  3.10s/it]
17it [01:25,  4.93s/it]
18it [01:27,  3.91s/it]
19it [01:29,  3.40s/it]
20it [01:31,  2.99s/it]
21it [01:41,  5.13s/it]
22it [01:44,  4.28s/it]
23it [01:46,  3.67s/it]
24it [01:47,  3.09s/it]
25it [01:57,  5.06s/it]
26it [01:58,  3.89s/it]
27it [01:59,  2.87s/it]
28it [01:59,  2.11s/it]
29it [02:07,  3.69s/it]
30it [02:08,  2.92s/it]
31it [02:08,  2.16s/it]
32it [02:08,  1.60s/it]
33it [02:10,  1.54s/it]
33it [02:10,  3.95s/it]
Compute metrics for 2072 samples
final/VideoMetricType.FVD : 189.244370
{'final/VideoMetricType.FVD': 189.24436950683594}
Number of frames in the videos: 16
Real data options:
{'class_name': 'tools.utils.dataset.VideoFramesFolderDataset', 'path': '/scratch/s224075134/temporal_diffusion/datasets/video/ucf101/images', 'cfg': {'max_num_frames': 10000}, 'load_n_consecutive': 16, 'subsample_factor': 3, 'discard_short_videos': True, 'xflip': False, 'resolution': 256, 'use_labels': False}
Fake data options:
{'class_name': 'tools.utils.dataset.VideoDataset', 'path': 'generation/ucf101_img256/000-FusedMatLatteIMG-XL-128-512-2-concat-F16S3-ucf101_img256-ImageNetPretrained-Compile-Amp-loadpixel/ddpm_250/0670000', 'cfg': {'max_num_frames': 10000}, 'load_n_consecutive': 16, 'load_n_consecutive_random_offset': False, 'subsample_factor': 1, 'xflip': False, 'resolution': 256, 'use_labels': False}
3
self._path generation/ucf101_img256/000-FusedMatLatteIMG-XL-128-512-2-concat-F16S3-ucf101_img256-ImageNetPretrained-Compile-Amp-loadpixel/ddpm_250/0670000
num_items: 2072
len(real_dataset): 13298
/scratch/s224075134/miniconda/envs/latte/lib/python3.12/site-packages/torch/utils/data/dataloader.py:617: UserWarning: This DataLoader will create 4 worker processes in total. Our suggested max number of worker in current system is 2, which is smaller than what this DataLoader is going to create. Please be aware that excessive worker creation might get DataLoader running slow or even freeze, lower the worker number to avoid potential slowness/freeze if necessary.
  warnings.warn(
len(fake_loader): 33
len(real_loader): 33

0it [00:00, ?it/s]
1it [00:26, 26.15s/it]
2it [00:27, 11.42s/it]
3it [00:29,  7.23s/it]
4it [00:31,  5.21s/it]
5it [00:38,  5.83s/it]
6it [00:39,  4.23s/it]
7it [00:43,  4.01s/it]
8it [00:45,  3.42s/it]
9it [00:53,  4.96s/it]
10it [00:55,  3.92s/it]
11it [00:58,  3.79s/it]
12it [01:00,  3.06s/it]
13it [01:08,  4.75s/it]
14it [01:10,  3.72s/it]
15it [01:14,  3.77s/it]
16it [01:16,  3.30s/it]
17it [01:23,  4.63s/it]
18it [01:25,  3.78s/it]
19it [01:29,  3.76s/it]
20it [01:31,  3.10s/it]
21it [01:38,  4.52s/it]
22it [01:41,  3.84s/it]
23it [01:44,  3.76s/it]
24it [01:45,  2.94s/it]
25it [01:53,  4.50s/it]
26it [01:56,  3.79s/it]
27it [01:56,  2.85s/it]
28it [01:57,  2.09s/it]
29it [02:02,  3.11s/it]
30it [02:04,  2.76s/it]
31it [02:04,  2.08s/it]
32it [02:05,  1.54s/it]
33it [02:06,  1.42s/it]
33it [02:06,  3.83s/it]
Compute metrics for 2072 samples
final/VideoMetricType.FVD : 201.640549
{'final/VideoMetricType.FVD': 201.6405487060547}
Number of frames in the videos: 16
Real data options:
{'class_name': 'tools.utils.dataset.VideoFramesFolderDataset', 'path': '/scratch/s224075134/temporal_diffusion/datasets/video/ucf101/images', 'cfg': {'max_num_frames': 10000}, 'load_n_consecutive': 16, 'subsample_factor': 3, 'discard_short_videos': True, 'xflip': False, 'resolution': 256, 'use_labels': False}
Fake data options:
{'class_name': 'tools.utils.dataset.VideoDataset', 'path': 'generation/ucf101_img256/000-FusedMatLatteIMG-XL-128-512-2-concat-F16S3-ucf101_img256-ImageNetPretrained-Compile-Amp-loadpixel/ddpm_250/0670000', 'cfg': {'max_num_frames': 10000}, 'load_n_consecutive': 16, 'load_n_consecutive_random_offset': False, 'subsample_factor': 1, 'xflip': False, 'resolution': 256, 'use_labels': False}
3
self._path generation/ucf101_img256/000-FusedMatLatteIMG-XL-128-512-2-concat-F16S3-ucf101_img256-ImageNetPretrained-Compile-Amp-loadpixel/ddpm_250/0670000
num_items: 2072
len(real_dataset): 13298
/scratch/s224075134/miniconda/envs/latte/lib/python3.12/site-packages/torch/utils/data/dataloader.py:617: UserWarning: This DataLoader will create 4 worker processes in total. Our suggested max number of worker in current system is 2, which is smaller than what this DataLoader is going to create. Please be aware that excessive worker creation might get DataLoader running slow or even freeze, lower the worker number to avoid potential slowness/freeze if necessary.
  warnings.warn(
len(fake_loader): 33
len(real_loader): 33

0it [00:00, ?it/s]
1it [00:27, 27.58s/it]
2it [00:28, 11.80s/it]
3it [00:30,  7.37s/it]
4it [00:32,  5.30s/it]
5it [00:39,  5.86s/it]
6it [00:40,  4.37s/it]
7it [00:43,  3.71s/it]
8it [00:45,  3.22s/it]
9it [00:55,  5.26s/it]
10it [00:56,  4.04s/it]
11it [01:00,  3.90s/it]
12it [01:02,  3.36s/it]
13it [01:10,  4.87s/it]
14it [01:12,  3.93s/it]
15it [01:15,  3.73s/it]
16it [01:17,  3.14s/it]
17it [01:25,  4.69s/it]
18it [01:27,  3.92s/it]
19it [01:31,  3.86s/it]
20it [01:33,  3.19s/it]
21it [01:41,  4.79s/it]
22it [01:43,  3.81s/it]
23it [01:46,  3.73s/it]
24it [01:48,  3.05s/it]
25it [01:57,  4.84s/it]
26it [01:58,  3.74s/it]
27it [01:59,  2.84s/it]
28it [01:59,  2.14s/it]
29it [02:06,  3.65s/it]
30it [02:07,  2.65s/it]
31it [02:07,  1.98s/it]
32it [02:07,  1.47s/it]
33it [02:09,  1.52s/it]
33it [02:09,  3.93s/it]
Compute metrics for 2072 samples
final/VideoMetricType.FVD : 180.563522
{'final/VideoMetricType.FVD': 180.5635223388672}
Number of frames in the videos: 16
Real data options:
{'class_name': 'tools.utils.dataset.VideoFramesFolderDataset', 'path': '/scratch/s224075134/temporal_diffusion/datasets/video/ucf101/images', 'cfg': {'max_num_frames': 10000}, 'load_n_consecutive': 16, 'subsample_factor': 3, 'discard_short_videos': True, 'xflip': False, 'resolution': 256, 'use_labels': False}
Fake data options:
{'class_name': 'tools.utils.dataset.VideoDataset', 'path': 'generation/ucf101_img256/000-FusedMatLatteIMG-XL-128-512-2-concat-F16S3-ucf101_img256-ImageNetPretrained-Compile-Amp-loadpixel/ddpm_250/0670000', 'cfg': {'max_num_frames': 10000}, 'load_n_consecutive': 16, 'load_n_consecutive_random_offset': False, 'subsample_factor': 1, 'xflip': False, 'resolution': 256, 'use_labels': False}
3
self._path generation/ucf101_img256/000-FusedMatLatteIMG-XL-128-512-2-concat-F16S3-ucf101_img256-ImageNetPretrained-Compile-Amp-loadpixel/ddpm_250/0670000
num_items: 2072
len(real_dataset): 13298
/scratch/s224075134/miniconda/envs/latte/lib/python3.12/site-packages/torch/utils/data/dataloader.py:617: UserWarning: This DataLoader will create 4 worker processes in total. Our suggested max number of worker in current system is 2, which is smaller than what this DataLoader is going to create. Please be aware that excessive worker creation might get DataLoader running slow or even freeze, lower the worker number to avoid potential slowness/freeze if necessary.
  warnings.warn(
len(fake_loader): 33
len(real_loader): 33

0it [00:00, ?it/s]
1it [00:27, 27.32s/it]
2it [00:27, 11.64s/it]
3it [00:30,  7.48s/it]
4it [00:32,  5.44s/it]
5it [00:39,  5.99s/it]
6it [00:40,  4.26s/it]
7it [00:42,  3.56s/it]
8it [00:45,  3.22s/it]
9it [00:55,  5.51s/it]
10it [00:57,  4.24s/it]
11it [01:00,  4.00s/it]
12it [01:02,  3.42s/it]
13it [01:11,  4.98s/it]
14it [01:12,  3.77s/it]
15it [01:14,  3.40s/it]
16it [01:17,  3.05s/it]
17it [01:27,  5.32s/it]
18it [01:28,  4.08s/it]
19it [01:32,  3.78s/it]
20it [01:34,  3.30s/it]
21it [01:42,  4.84s/it]
22it [01:43,  3.69s/it]
23it [01:45,  3.11s/it]
24it [01:47,  2.96s/it]
25it [01:59,  5.40s/it]
26it [02:00,  4.06s/it]
27it [02:00,  3.13s/it]
28it [02:01,  2.34s/it]
29it [02:07,  3.30s/it]
30it [02:07,  2.41s/it]
31it [02:07,  1.81s/it]
32it [02:08,  1.36s/it]
33it [02:09,  1.35s/it]
33it [02:09,  3.92s/it]
Compute metrics for 2072 samples
final/VideoMetricType.FVD : 196.033859
{'final/VideoMetricType.FVD': 196.0338592529297}
Number of frames in the videos: 16
Real data options:
{'class_name': 'tools.utils.dataset.VideoFramesFolderDataset', 'path': '/scratch/s224075134/temporal_diffusion/datasets/video/ucf101/images', 'cfg': {'max_num_frames': 10000}, 'load_n_consecutive': 16, 'subsample_factor': 3, 'discard_short_videos': True, 'xflip': False, 'resolution': 256, 'use_labels': False}
Fake data options:
{'class_name': 'tools.utils.dataset.VideoDataset', 'path': 'generation/ucf101_img256/000-FusedMatLatteIMG-XL-128-512-2-concat-F16S3-ucf101_img256-ImageNetPretrained-Compile-Amp-loadpixel/ddpm_250/0670000', 'cfg': {'max_num_frames': 10000}, 'load_n_consecutive': 16, 'load_n_consecutive_random_offset': False, 'subsample_factor': 1, 'xflip': False, 'resolution': 256, 'use_labels': False}
3
self._path generation/ucf101_img256/000-FusedMatLatteIMG-XL-128-512-2-concat-F16S3-ucf101_img256-ImageNetPretrained-Compile-Amp-loadpixel/ddpm_250/0670000
num_items: 2072
len(real_dataset): 13298
/scratch/s224075134/miniconda/envs/latte/lib/python3.12/site-packages/torch/utils/data/dataloader.py:617: UserWarning: This DataLoader will create 4 worker processes in total. Our suggested max number of worker in current system is 2, which is smaller than what this DataLoader is going to create. Please be aware that excessive worker creation might get DataLoader running slow or even freeze, lower the worker number to avoid potential slowness/freeze if necessary.
  warnings.warn(
len(fake_loader): 33
len(real_loader): 33

0it [00:00, ?it/s]
1it [00:27, 27.67s/it]
2it [00:28, 11.82s/it]
3it [00:30,  7.33s/it]
4it [00:32,  5.30s/it]
5it [00:38,  5.51s/it]
6it [00:39,  3.97s/it]
7it [00:42,  3.56s/it]
8it [00:44,  3.29s/it]
9it [00:53,  4.90s/it]
10it [00:54,  3.69s/it]
11it [00:58,  3.90s/it]
12it [01:00,  3.25s/it]
13it [01:08,  4.84s/it]
14it [01:10,  3.88s/it]
15it [01:14,  3.77s/it]
16it [01:15,  3.10s/it]
17it [01:24,  4.78s/it]
18it [01:25,  3.84s/it]
19it [01:29,  3.74s/it]
20it [01:31,  3.09s/it]
21it [01:39,  4.55s/it]
22it [01:41,  3.97s/it]
23it [01:44,  3.52s/it]
24it [01:46,  3.05s/it]
25it [01:53,  4.42s/it]
26it [01:56,  3.90s/it]
27it [01:56,  2.90s/it]
28it [01:57,  2.12s/it]
29it [02:02,  3.05s/it]
30it [02:03,  2.53s/it]
31it [02:04,  2.01s/it]
32it [02:04,  1.50s/it]
33it [02:05,  1.39s/it]
33it [02:06,  3.82s/it]
Compute metrics for 2072 samples
final/VideoMetricType.FVD : 202.567215
{'final/VideoMetricType.FVD': 202.5672149658203}
Number of frames in the videos: 16
Real data options:
{'class_name': 'tools.utils.dataset.VideoFramesFolderDataset', 'path': '/scratch/s224075134/temporal_diffusion/datasets/video/ucf101/images', 'cfg': {'max_num_frames': 10000}, 'load_n_consecutive': 16, 'subsample_factor': 3, 'discard_short_videos': True, 'xflip': False, 'resolution': 256, 'use_labels': False}
Fake data options:
{'class_name': 'tools.utils.dataset.VideoDataset', 'path': 'generation/ucf101_img256/000-FusedMatLatteIMG-XL-128-512-2-concat-F16S3-ucf101_img256-ImageNetPretrained-Compile-Amp-loadpixel/ddpm_250/0670000', 'cfg': {'max_num_frames': 10000}, 'load_n_consecutive': 16, 'load_n_consecutive_random_offset': False, 'subsample_factor': 1, 'xflip': False, 'resolution': 256, 'use_labels': False}
3
self._path generation/ucf101_img256/000-FusedMatLatteIMG-XL-128-512-2-concat-F16S3-ucf101_img256-ImageNetPretrained-Compile-Amp-loadpixel/ddpm_250/0670000
num_items: 2072
len(real_dataset): 13298
/scratch/s224075134/miniconda/envs/latte/lib/python3.12/site-packages/torch/utils/data/dataloader.py:617: UserWarning: This DataLoader will create 4 worker processes in total. Our suggested max number of worker in current system is 2, which is smaller than what this DataLoader is going to create. Please be aware that excessive worker creation might get DataLoader running slow or even freeze, lower the worker number to avoid potential slowness/freeze if necessary.
  warnings.warn(
len(fake_loader): 33
len(real_loader): 33

0it [00:00, ?it/s]
1it [00:27, 27.42s/it]
2it [00:28, 11.71s/it]
3it [00:29,  7.21s/it]
4it [00:32,  5.34s/it]
5it [00:38,  5.66s/it]
6it [00:39,  4.05s/it]
7it [00:41,  3.46s/it]
8it [00:44,  3.09s/it]
9it [00:54,  5.25s/it]
10it [00:56,  4.25s/it]
11it [00:58,  3.76s/it]
12it [01:00,  3.20s/it]
13it [01:08,  4.68s/it]
14it [01:11,  4.18s/it]
15it [01:14,  3.70s/it]
16it [01:16,  3.21s/it]
17it [01:23,  4.33s/it]
18it [01:27,  4.14s/it]
19it [01:28,  3.34s/it]
20it [01:29,  2.75s/it]
21it [01:38,  4.62s/it]
22it [01:42,  4.33s/it]
23it [01:45,  4.00s/it]
24it [01:47,  3.29s/it]
25it [01:53,  4.17s/it]
26it [01:56,  3.73s/it]
27it [01:56,  2.74s/it]
28it [01:57,  2.02s/it]
29it [02:02,  2.99s/it]
30it [02:04,  2.58s/it]
31it [02:04,  1.93s/it]
32it [02:04,  1.44s/it]
33it [02:05,  1.34s/it]
33it [02:06,  3.82s/it]
Compute metrics for 2072 samples
final/VideoMetricType.FVD : 204.169754
{'final/VideoMetricType.FVD': 204.1697540283203}
Number of frames in the videos: 16
Real data options:
{'class_name': 'tools.utils.dataset.VideoFramesFolderDataset', 'path': '/scratch/s224075134/temporal_diffusion/datasets/video/ucf101/images', 'cfg': {'max_num_frames': 10000}, 'load_n_consecutive': 16, 'subsample_factor': 3, 'discard_short_videos': True, 'xflip': False, 'resolution': 256, 'use_labels': False}
Fake data options:
{'class_name': 'tools.utils.dataset.VideoDataset', 'path': 'generation/ucf101_img256/000-FusedMatLatteIMG-XL-128-512-2-concat-F16S3-ucf101_img256-ImageNetPretrained-Compile-Amp-loadpixel/ddpm_250/0670000', 'cfg': {'max_num_frames': 10000}, 'load_n_consecutive': 16, 'load_n_consecutive_random_offset': False, 'subsample_factor': 1, 'xflip': False, 'resolution': 256, 'use_labels': False}
3
self._path generation/ucf101_img256/000-FusedMatLatteIMG-XL-128-512-2-concat-F16S3-ucf101_img256-ImageNetPretrained-Compile-Amp-loadpixel/ddpm_250/0670000
num_items: 2072
len(real_dataset): 13298
/scratch/s224075134/miniconda/envs/latte/lib/python3.12/site-packages/torch/utils/data/dataloader.py:617: UserWarning: This DataLoader will create 4 worker processes in total. Our suggested max number of worker in current system is 2, which is smaller than what this DataLoader is going to create. Please be aware that excessive worker creation might get DataLoader running slow or even freeze, lower the worker number to avoid potential slowness/freeze if necessary.
  warnings.warn(
len(fake_loader): 33
len(real_loader): 33

0it [00:00, ?it/s]
1it [00:26, 26.96s/it]
2it [00:27, 11.50s/it]
3it [00:30,  7.45s/it]
4it [00:32,  5.32s/it]
5it [00:37,  5.33s/it]
6it [00:39,  3.99s/it]
7it [00:43,  3.99s/it]
8it [00:44,  3.06s/it]
9it [00:52,  4.72s/it]
10it [00:53,  3.70s/it]
11it [00:58,  3.95s/it]
12it [00:59,  3.09s/it]
13it [01:07,  4.45s/it]
14it [01:08,  3.62s/it]
15it [01:13,  4.00s/it]
16it [01:15,  3.28s/it]
17it [01:22,  4.56s/it]
18it [01:24,  3.68s/it]
19it [01:28,  3.75s/it]
20it [01:29,  2.94s/it]
21it [01:37,  4.55s/it]
22it [01:39,  3.63s/it]
23it [01:43,  3.95s/it]
24it [01:45,  3.17s/it]
25it [01:53,  4.62s/it]
26it [01:54,  3.51s/it]
27it [01:55,  2.91s/it]
28it [01:56,  2.13s/it]
29it [02:01,  3.22s/it]
30it [02:02,  2.47s/it]
31it [02:03,  2.17s/it]
32it [02:04,  1.60s/it]
33it [02:05,  1.46s/it]
33it [02:05,  3.80s/it]
Compute metrics for 2072 samples
final/VideoMetricType.FVD : 197.378738
{'final/VideoMetricType.FVD': 197.3787384033203}
Number of frames in the videos: 16
Real data options:
{'class_name': 'tools.utils.dataset.VideoFramesFolderDataset', 'path': '/scratch/s224075134/temporal_diffusion/datasets/video/ucf101/images', 'cfg': {'max_num_frames': 10000}, 'load_n_consecutive': 16, 'subsample_factor': 3, 'discard_short_videos': True, 'xflip': False, 'resolution': 256, 'use_labels': False}
Fake data options:
{'class_name': 'tools.utils.dataset.VideoDataset', 'path': 'generation/ucf101_img256/000-FusedMatLatteIMG-XL-128-512-2-concat-F16S3-ucf101_img256-ImageNetPretrained-Compile-Amp-loadpixel/ddpm_250/0670000', 'cfg': {'max_num_frames': 10000}, 'load_n_consecutive': 16, 'load_n_consecutive_random_offset': False, 'subsample_factor': 1, 'xflip': False, 'resolution': 256, 'use_labels': False}
3
self._path generation/ucf101_img256/000-FusedMatLatteIMG-XL-128-512-2-concat-F16S3-ucf101_img256-ImageNetPretrained-Compile-Amp-loadpixel/ddpm_250/0670000
num_items: 2072
len(real_dataset): 13298
/scratch/s224075134/miniconda/envs/latte/lib/python3.12/site-packages/torch/utils/data/dataloader.py:617: UserWarning: This DataLoader will create 4 worker processes in total. Our suggested max number of worker in current system is 2, which is smaller than what this DataLoader is going to create. Please be aware that excessive worker creation might get DataLoader running slow or even freeze, lower the worker number to avoid potential slowness/freeze if necessary.
  warnings.warn(
len(fake_loader): 33
len(real_loader): 33

0it [00:00, ?it/s]
1it [00:27, 27.56s/it]
2it [00:28, 11.73s/it]
3it [00:30,  7.26s/it]
4it [00:32,  5.32s/it]
5it [00:39,  5.75s/it]
6it [00:40,  4.24s/it]
7it [00:43,  3.84s/it]
8it [00:45,  3.28s/it]
9it [00:54,  4.99s/it]
10it [00:55,  3.94s/it]
11it [01:00,  4.08s/it]
12it [01:01,  3.31s/it]
13it [01:09,  4.72s/it]
14it [01:11,  3.78s/it]
15it [01:15,  3.94s/it]
16it [01:16,  3.14s/it]
17it [01:24,  4.60s/it]
18it [01:27,  4.04s/it]
19it [01:31,  3.96s/it]
20it [01:32,  3.18s/it]
21it [01:40,  4.68s/it]
22it [01:42,  3.76s/it]
23it [01:47,  4.07s/it]
24it [01:48,  3.27s/it]
25it [01:56,  4.75s/it]
26it [01:58,  3.65s/it]
27it [01:59,  2.99s/it]
28it [01:59,  2.25s/it]
29it [02:05,  3.35s/it]
30it [02:06,  2.52s/it]
31it [02:07,  2.09s/it]
32it [02:07,  1.55s/it]
33it [02:08,  1.42s/it]
33it [02:09,  3.91s/it]
Compute metrics for 2072 samples
final/VideoMetricType.FVD : 188.572662
{'final/VideoMetricType.FVD': 188.57266235351562}
Number of frames in the videos: 16
Real data options:
{'class_name': 'tools.utils.dataset.VideoFramesFolderDataset', 'path': '/scratch/s224075134/temporal_diffusion/datasets/video/ucf101/images', 'cfg': {'max_num_frames': 10000}, 'load_n_consecutive': 16, 'subsample_factor': 3, 'discard_short_videos': True, 'xflip': False, 'resolution': 256, 'use_labels': False}
Fake data options:
{'class_name': 'tools.utils.dataset.VideoDataset', 'path': 'generation/ucf101_img256/000-FusedMatLatteIMG-XL-128-512-2-concat-F16S3-ucf101_img256-ImageNetPretrained-Compile-Amp-loadpixel/ddpm_250/0670000', 'cfg': {'max_num_frames': 10000}, 'load_n_consecutive': 16, 'load_n_consecutive_random_offset': False, 'subsample_factor': 1, 'xflip': False, 'resolution': 256, 'use_labels': False}
3
self._path generation/ucf101_img256/000-FusedMatLatteIMG-XL-128-512-2-concat-F16S3-ucf101_img256-ImageNetPretrained-Compile-Amp-loadpixel/ddpm_250/0670000
num_items: 2072
len(real_dataset): 13298
/scratch/s224075134/miniconda/envs/latte/lib/python3.12/site-packages/torch/utils/data/dataloader.py:617: UserWarning: This DataLoader will create 4 worker processes in total. Our suggested max number of worker in current system is 2, which is smaller than what this DataLoader is going to create. Please be aware that excessive worker creation might get DataLoader running slow or even freeze, lower the worker number to avoid potential slowness/freeze if necessary.
  warnings.warn(
len(fake_loader): 33
len(real_loader): 33

0it [00:00, ?it/s]
1it [00:27, 27.26s/it]
2it [00:28, 11.72s/it]
3it [00:30,  7.43s/it]
4it [00:33,  5.53s/it]
5it [00:38,  5.65s/it]
6it [00:40,  4.28s/it]
7it [00:43,  3.86s/it]
8it [00:45,  3.32s/it]
9it [00:54,  4.97s/it]
10it [00:56,  4.26s/it]
11it [01:00,  3.92s/it]
12it [01:02,  3.34s/it]
13it [01:09,  4.64s/it]
14it [01:12,  4.20s/it]
15it [01:15,  3.74s/it]
16it [01:16,  3.00s/it]
17it [01:25,  4.82s/it]
18it [01:28,  4.25s/it]
19it [01:31,  3.62s/it]
20it [01:32,  3.03s/it]
21it [01:40,  4.57s/it]
22it [01:44,  4.28s/it]
23it [01:46,  3.51s/it]
24it [01:48,  3.05s/it]
25it [01:55,  4.37s/it]
26it [01:59,  4.17s/it]
27it [01:59,  3.08s/it]
28it [02:00,  2.25s/it]
29it [02:05,  3.08s/it]
30it [02:07,  2.89s/it]
31it [02:08,  2.14s/it]
32it [02:08,  1.58s/it]
33it [02:09,  1.45s/it]
33it [02:09,  3.93s/it]
Compute metrics for 2072 samples
final/VideoMetricType.FVD : 183.607971
{'final/VideoMetricType.FVD': 183.60797119140625}
Number of frames in the videos: 16
Real data options:
{'class_name': 'tools.utils.dataset.VideoFramesFolderDataset', 'path': '/scratch/s224075134/temporal_diffusion/datasets/video/ucf101/images', 'cfg': {'max_num_frames': 10000}, 'load_n_consecutive': 16, 'subsample_factor': 3, 'discard_short_videos': True, 'xflip': False, 'resolution': 256, 'use_labels': False}
Fake data options:
{'class_name': 'tools.utils.dataset.VideoDataset', 'path': 'generation/ucf101_img256/000-FusedMatLatteIMG-XL-128-512-2-concat-F16S3-ucf101_img256-ImageNetPretrained-Compile-Amp-loadpixel/ddpm_250/0670000', 'cfg': {'max_num_frames': 10000}, 'load_n_consecutive': 16, 'load_n_consecutive_random_offset': False, 'subsample_factor': 1, 'xflip': False, 'resolution': 256, 'use_labels': False}
3
self._path generation/ucf101_img256/000-FusedMatLatteIMG-XL-128-512-2-concat-F16S3-ucf101_img256-ImageNetPretrained-Compile-Amp-loadpixel/ddpm_250/0670000
num_items: 2072
len(real_dataset): 13298
/scratch/s224075134/miniconda/envs/latte/lib/python3.12/site-packages/torch/utils/data/dataloader.py:617: UserWarning: This DataLoader will create 4 worker processes in total. Our suggested max number of worker in current system is 2, which is smaller than what this DataLoader is going to create. Please be aware that excessive worker creation might get DataLoader running slow or even freeze, lower the worker number to avoid potential slowness/freeze if necessary.
  warnings.warn(
len(fake_loader): 33
len(real_loader): 33

0it [00:00, ?it/s]
1it [00:26, 26.14s/it]
2it [00:27, 11.30s/it]
3it [00:29,  7.14s/it]
4it [00:31,  5.12s/it]
5it [00:37,  5.64s/it]
6it [00:39,  4.35s/it]
7it [00:42,  3.94s/it]
8it [00:44,  3.30s/it]
9it [00:53,  5.08s/it]
10it [00:55,  4.18s/it]
11it [00:58,  3.78s/it]
12it [01:00,  3.25s/it]
13it [01:08,  4.68s/it]
14it [01:10,  3.94s/it]
15it [01:14,  3.77s/it]
16it [01:16,  3.18s/it]
17it [01:24,  4.76s/it]
18it [01:26,  3.96s/it]
19it [01:30,  3.78s/it]
20it [01:31,  3.11s/it]
21it [01:40,  4.80s/it]
22it [01:42,  3.89s/it]
23it [01:45,  3.79s/it]
24it [01:47,  3.09s/it]
25it [01:55,  4.77s/it]
26it [01:57,  3.75s/it]
27it [01:58,  2.92s/it]
28it [01:58,  2.29s/it]
29it [02:04,  3.41s/it]
30it [02:05,  2.64s/it]
31it [02:06,  2.07s/it]
32it [02:07,  1.60s/it]
33it [02:08,  1.52s/it]
33it [02:08,  3.90s/it]
Compute metrics for 2072 samples
final/VideoMetricType.FVD : 183.403824
{'final/VideoMetricType.FVD': 183.40382385253906}
Number of frames in the videos: 16
Real data options:
{'class_name': 'tools.utils.dataset.VideoFramesFolderDataset', 'path': '/scratch/s224075134/temporal_diffusion/datasets/video/ucf101/images', 'cfg': {'max_num_frames': 10000}, 'load_n_consecutive': 16, 'subsample_factor': 3, 'discard_short_videos': True, 'xflip': False, 'resolution': 256, 'use_labels': False}
Fake data options:
{'class_name': 'tools.utils.dataset.VideoDataset', 'path': 'generation/ucf101_img256/000-FusedMatLatteIMG-XL-128-512-2-concat-F16S3-ucf101_img256-ImageNetPretrained-Compile-Amp-loadpixel/ddpm_250/0670000', 'cfg': {'max_num_frames': 10000}, 'load_n_consecutive': 16, 'load_n_consecutive_random_offset': False, 'subsample_factor': 1, 'xflip': False, 'resolution': 256, 'use_labels': False}
3
self._path generation/ucf101_img256/000-FusedMatLatteIMG-XL-128-512-2-concat-F16S3-ucf101_img256-ImageNetPretrained-Compile-Amp-loadpixel/ddpm_250/0670000
num_items: 2072
len(real_dataset): 13298
/scratch/s224075134/miniconda/envs/latte/lib/python3.12/site-packages/torch/utils/data/dataloader.py:617: UserWarning: This DataLoader will create 4 worker processes in total. Our suggested max number of worker in current system is 2, which is smaller than what this DataLoader is going to create. Please be aware that excessive worker creation might get DataLoader running slow or even freeze, lower the worker number to avoid potential slowness/freeze if necessary.
  warnings.warn(
len(fake_loader): 33
len(real_loader): 33

0it [00:00, ?it/s]
1it [00:27, 27.69s/it]
2it [00:28, 11.75s/it]
3it [00:29,  7.00s/it]
4it [00:31,  4.95s/it]
5it [00:40,  6.31s/it]
6it [00:41,  4.64s/it]
7it [00:44,  4.25s/it]
8it [00:47,  3.54s/it]
9it [00:55,  5.22s/it]
10it [00:57,  4.02s/it]
11it [01:00,  3.79s/it]
12it [01:02,  3.32s/it]
13it [01:11,  4.86s/it]
14it [01:12,  3.83s/it]
15it [01:14,  3.38s/it]
16it [01:17,  3.04s/it]
17it [01:26,  4.91s/it]
18it [01:27,  3.75s/it]
19it [01:31,  3.71s/it]
20it [01:33,  3.21s/it]
21it [01:42,  5.01s/it]
22it [01:43,  3.87s/it]
23it [01:46,  3.58s/it]
24it [01:48,  3.25s/it]
25it [01:57,  4.93s/it]
26it [01:58,  3.68s/it]
27it [01:59,  2.73s/it]
28it [01:59,  2.01s/it]
29it [02:06,  3.52s/it]
30it [02:06,  2.56s/it]
31it [02:07,  1.92s/it]
32it [02:07,  1.43s/it]
33it [02:09,  1.50s/it]
33it [02:09,  3.92s/it]
Compute metrics for 2072 samples
final/VideoMetricType.FVD : 202.527573
{'final/VideoMetricType.FVD': 202.52757263183594}
Number of frames in the videos: 16
Real data options:
{'class_name': 'tools.utils.dataset.VideoFramesFolderDataset', 'path': '/scratch/s224075134/temporal_diffusion/datasets/video/ucf101/images', 'cfg': {'max_num_frames': 10000}, 'load_n_consecutive': 16, 'subsample_factor': 3, 'discard_short_videos': True, 'xflip': False, 'resolution': 256, 'use_labels': False}
Fake data options:
{'class_name': 'tools.utils.dataset.VideoDataset', 'path': 'generation/ucf101_img256/000-FusedMatLatteIMG-XL-128-512-2-concat-F16S3-ucf101_img256-ImageNetPretrained-Compile-Amp-loadpixel/ddpm_250/0670000', 'cfg': {'max_num_frames': 10000}, 'load_n_consecutive': 16, 'load_n_consecutive_random_offset': False, 'subsample_factor': 1, 'xflip': False, 'resolution': 256, 'use_labels': False}
3
self._path generation/ucf101_img256/000-FusedMatLatteIMG-XL-128-512-2-concat-F16S3-ucf101_img256-ImageNetPretrained-Compile-Amp-loadpixel/ddpm_250/0670000
num_items: 2072
len(real_dataset): 13298
/scratch/s224075134/miniconda/envs/latte/lib/python3.12/site-packages/torch/utils/data/dataloader.py:617: UserWarning: This DataLoader will create 4 worker processes in total. Our suggested max number of worker in current system is 2, which is smaller than what this DataLoader is going to create. Please be aware that excessive worker creation might get DataLoader running slow or even freeze, lower the worker number to avoid potential slowness/freeze if necessary.
  warnings.warn(
len(fake_loader): 33
len(real_loader): 33

0it [00:00, ?it/s]
1it [00:27, 27.02s/it]
2it [00:27, 11.55s/it]
3it [00:30,  7.49s/it]
4it [00:32,  5.47s/it]
5it [00:36,  4.98s/it]
6it [00:41,  5.01s/it]
7it [00:43,  4.00s/it]
8it [00:46,  3.54s/it]
9it [00:52,  4.39s/it]
10it [00:57,  4.57s/it]
11it [01:00,  3.90s/it]
12it [01:02,  3.34s/it]
13it [01:08,  4.28s/it]
14it [01:13,  4.51s/it]
15it [01:15,  3.80s/it]
16it [01:17,  3.11s/it]
17it [01:24,  4.22s/it]
18it [01:29,  4.46s/it]
19it [01:31,  3.86s/it]
20it [01:34,  3.48s/it]
21it [01:39,  4.02s/it]
22it [01:44,  4.36s/it]
23it [01:48,  4.25s/it]
24it [01:50,  3.50s/it]
25it [01:55,  4.08s/it]
26it [01:58,  3.71s/it]
27it [02:00,  3.31s/it]
28it [02:01,  2.42s/it]
29it [02:04,  2.79s/it]
30it [02:07,  2.69s/it]
31it [02:08,  2.28s/it]
32it [02:09,  1.68s/it]
33it [02:10,  1.52s/it]
33it [02:10,  3.95s/it]
Compute metrics for 2072 samples
final/VideoMetricType.FVD : 181.305695
{'final/VideoMetricType.FVD': 181.30569458007812}
Number of frames in the videos: 16
Real data options:
{'class_name': 'tools.utils.dataset.VideoFramesFolderDataset', 'path': '/scratch/s224075134/temporal_diffusion/datasets/video/ucf101/images', 'cfg': {'max_num_frames': 10000}, 'load_n_consecutive': 16, 'subsample_factor': 3, 'discard_short_videos': True, 'xflip': False, 'resolution': 256, 'use_labels': False}
Fake data options:
{'class_name': 'tools.utils.dataset.VideoDataset', 'path': 'generation/ucf101_img256/000-FusedMatLatteIMG-XL-128-512-2-concat-F16S3-ucf101_img256-ImageNetPretrained-Compile-Amp-loadpixel/ddpm_250/0670000', 'cfg': {'max_num_frames': 10000}, 'load_n_consecutive': 16, 'load_n_consecutive_random_offset': False, 'subsample_factor': 1, 'xflip': False, 'resolution': 256, 'use_labels': False}
3
self._path generation/ucf101_img256/000-FusedMatLatteIMG-XL-128-512-2-concat-F16S3-ucf101_img256-ImageNetPretrained-Compile-Amp-loadpixel/ddpm_250/0670000
num_items: 2072
len(real_dataset): 13298
/scratch/s224075134/miniconda/envs/latte/lib/python3.12/site-packages/torch/utils/data/dataloader.py:617: UserWarning: This DataLoader will create 4 worker processes in total. Our suggested max number of worker in current system is 2, which is smaller than what this DataLoader is going to create. Please be aware that excessive worker creation might get DataLoader running slow or even freeze, lower the worker number to avoid potential slowness/freeze if necessary.
  warnings.warn(
len(fake_loader): 33
len(real_loader): 33

0it [00:00, ?it/s]
1it [00:27, 27.93s/it]
2it [00:28, 11.99s/it]
3it [00:30,  7.43s/it]
4it [00:33,  5.44s/it]
5it [00:39,  5.78s/it]
6it [00:40,  4.22s/it]
7it [00:44,  3.97s/it]
8it [00:46,  3.41s/it]
9it [00:54,  4.98s/it]
10it [00:56,  3.84s/it]
11it [00:58,  3.53s/it]
12it [01:01,  3.19s/it]
13it [01:10,  5.10s/it]
14it [01:12,  3.96s/it]
15it [01:15,  3.64s/it]
16it [01:17,  3.32s/it]
17it [01:26,  5.11s/it]
18it [01:28,  3.97s/it]
19it [01:31,  3.84s/it]
20it [01:33,  3.32s/it]
21it [01:42,  4.86s/it]
22it [01:43,  3.62s/it]
23it [01:47,  3.73s/it]
24it [01:49,  3.30s/it]
25it [01:58,  4.93s/it]
26it [01:58,  3.70s/it]
27it [01:59,  2.85s/it]
28it [02:00,  2.14s/it]
29it [02:06,  3.52s/it]
30it [02:07,  2.55s/it]
31it [02:07,  1.91s/it]
32it [02:07,  1.43s/it]
33it [02:09,  1.43s/it]
33it [02:09,  3.93s/it]
Compute metrics for 2072 samples
final/VideoMetricType.FVD : 194.882599
{'final/VideoMetricType.FVD': 194.88259887695312}
Number of frames in the videos: 16
Real data options:
{'class_name': 'tools.utils.dataset.VideoFramesFolderDataset', 'path': '/scratch/s224075134/temporal_diffusion/datasets/video/ucf101/images', 'cfg': {'max_num_frames': 10000}, 'load_n_consecutive': 16, 'subsample_factor': 3, 'discard_short_videos': True, 'xflip': False, 'resolution': 256, 'use_labels': False}
Fake data options:
{'class_name': 'tools.utils.dataset.VideoDataset', 'path': 'generation/ucf101_img256/000-FusedMatLatteIMG-XL-128-512-2-concat-F16S3-ucf101_img256-ImageNetPretrained-Compile-Amp-loadpixel/ddpm_250/0670000', 'cfg': {'max_num_frames': 10000}, 'load_n_consecutive': 16, 'load_n_consecutive_random_offset': False, 'subsample_factor': 1, 'xflip': False, 'resolution': 256, 'use_labels': False}
3
self._path generation/ucf101_img256/000-FusedMatLatteIMG-XL-128-512-2-concat-F16S3-ucf101_img256-ImageNetPretrained-Compile-Amp-loadpixel/ddpm_250/0670000
num_items: 2072
len(real_dataset): 13298
/scratch/s224075134/miniconda/envs/latte/lib/python3.12/site-packages/torch/utils/data/dataloader.py:617: UserWarning: This DataLoader will create 4 worker processes in total. Our suggested max number of worker in current system is 2, which is smaller than what this DataLoader is going to create. Please be aware that excessive worker creation might get DataLoader running slow or even freeze, lower the worker number to avoid potential slowness/freeze if necessary.
  warnings.warn(
len(fake_loader): 33
len(real_loader): 33

0it [00:00, ?it/s]
1it [00:27, 27.52s/it]
2it [00:28, 11.81s/it]
3it [00:30,  7.46s/it]
4it [00:32,  5.33s/it]
5it [00:38,  5.45s/it]
6it [00:39,  4.15s/it]
7it [00:42,  3.70s/it]
8it [00:45,  3.27s/it]
9it [00:53,  4.75s/it]
10it [00:55,  3.95s/it]
11it [00:58,  3.65s/it]
12it [00:59,  3.02s/it]
13it [01:08,  4.74s/it]
14it [01:10,  3.91s/it]
15it [01:14,  3.79s/it]
16it [01:15,  3.16s/it]
17it [01:22,  4.35s/it]
18it [01:26,  4.01s/it]
19it [01:28,  3.55s/it]
20it [01:29,  2.86s/it]
21it [01:38,  4.51s/it]
22it [01:40,  3.98s/it]
23it [01:44,  3.92s/it]
24it [01:45,  3.12s/it]
25it [01:53,  4.45s/it]
26it [01:54,  3.55s/it]
27it [01:56,  3.01s/it]
28it [01:56,  2.20s/it]
29it [02:02,  3.21s/it]
30it [02:03,  2.52s/it]
31it [02:04,  2.05s/it]
32it [02:04,  1.53s/it]
33it [02:05,  1.41s/it]
33it [02:05,  3.82s/it]
Compute metrics for 2072 samples
final/VideoMetricType.FVD : 188.472946
{'final/VideoMetricType.FVD': 188.4729461669922}
Number of frames in the videos: 16
Real data options:
{'class_name': 'tools.utils.dataset.VideoFramesFolderDataset', 'path': '/scratch/s224075134/temporal_diffusion/datasets/video/ucf101/images', 'cfg': {'max_num_frames': 10000}, 'load_n_consecutive': 16, 'subsample_factor': 3, 'discard_short_videos': True, 'xflip': False, 'resolution': 256, 'use_labels': False}
Fake data options:
{'class_name': 'tools.utils.dataset.VideoDataset', 'path': 'generation/ucf101_img256/000-FusedMatLatteIMG-XL-128-512-2-concat-F16S3-ucf101_img256-ImageNetPretrained-Compile-Amp-loadpixel/ddpm_250/0670000', 'cfg': {'max_num_frames': 10000}, 'load_n_consecutive': 16, 'load_n_consecutive_random_offset': False, 'subsample_factor': 1, 'xflip': False, 'resolution': 256, 'use_labels': False}
3
self._path generation/ucf101_img256/000-FusedMatLatteIMG-XL-128-512-2-concat-F16S3-ucf101_img256-ImageNetPretrained-Compile-Amp-loadpixel/ddpm_250/0670000
num_items: 2072
len(real_dataset): 13298
/scratch/s224075134/miniconda/envs/latte/lib/python3.12/site-packages/torch/utils/data/dataloader.py:617: UserWarning: This DataLoader will create 4 worker processes in total. Our suggested max number of worker in current system is 2, which is smaller than what this DataLoader is going to create. Please be aware that excessive worker creation might get DataLoader running slow or even freeze, lower the worker number to avoid potential slowness/freeze if necessary.
  warnings.warn(
len(fake_loader): 33
len(real_loader): 33

0it [00:00, ?it/s]
1it [00:26, 26.68s/it]
2it [00:27, 11.45s/it]
3it [00:29,  7.33s/it]
4it [00:32,  5.43s/it]
5it [00:39,  6.01s/it]
6it [00:41,  4.52s/it]
7it [00:44,  4.06s/it]
8it [00:46,  3.37s/it]
9it [00:54,  4.93s/it]
10it [00:55,  3.83s/it]
11it [00:59,  3.75s/it]
12it [01:01,  3.21s/it]
13it [01:10,  4.96s/it]
14it [01:11,  3.86s/it]
15it [01:15,  3.75s/it]
16it [01:16,  3.11s/it]
17it [01:26,  5.00s/it]
18it [01:27,  3.94s/it]
19it [01:30,  3.70s/it]
20it [01:32,  3.21s/it]
21it [01:41,  4.98s/it]
22it [01:43,  3.86s/it]
23it [01:46,  3.57s/it]
24it [01:48,  3.11s/it]
25it [01:57,  5.12s/it]
26it [01:58,  3.75s/it]
27it [01:58,  2.76s/it]
28it [01:59,  2.04s/it]
29it [02:05,  3.42s/it]
30it [02:06,  2.49s/it]
31it [02:06,  1.86s/it]
32it [02:06,  1.39s/it]
33it [02:08,  1.48s/it]
33it [02:08,  3.90s/it]
Compute metrics for 2072 samples
final/VideoMetricType.FVD : 202.290375
{'final/VideoMetricType.FVD': 202.29037475585938}
Number of frames in the videos: 16
Real data options:
{'class_name': 'tools.utils.dataset.VideoFramesFolderDataset', 'path': '/scratch/s224075134/temporal_diffusion/datasets/video/ucf101/images', 'cfg': {'max_num_frames': 10000}, 'load_n_consecutive': 16, 'subsample_factor': 3, 'discard_short_videos': True, 'xflip': False, 'resolution': 256, 'use_labels': False}
Fake data options:
{'class_name': 'tools.utils.dataset.VideoDataset', 'path': 'generation/ucf101_img256/000-FusedMatLatteIMG-XL-128-512-2-concat-F16S3-ucf101_img256-ImageNetPretrained-Compile-Amp-loadpixel/ddpm_250/0670000', 'cfg': {'max_num_frames': 10000}, 'load_n_consecutive': 16, 'load_n_consecutive_random_offset': False, 'subsample_factor': 1, 'xflip': False, 'resolution': 256, 'use_labels': False}
3
self._path generation/ucf101_img256/000-FusedMatLatteIMG-XL-128-512-2-concat-F16S3-ucf101_img256-ImageNetPretrained-Compile-Amp-loadpixel/ddpm_250/0670000
num_items: 2072
len(real_dataset): 13298
/scratch/s224075134/miniconda/envs/latte/lib/python3.12/site-packages/torch/utils/data/dataloader.py:617: UserWarning: This DataLoader will create 4 worker processes in total. Our suggested max number of worker in current system is 2, which is smaller than what this DataLoader is going to create. Please be aware that excessive worker creation might get DataLoader running slow or even freeze, lower the worker number to avoid potential slowness/freeze if necessary.
  warnings.warn(
len(fake_loader): 33
len(real_loader): 33

0it [00:00, ?it/s]
1it [00:27, 27.46s/it]
2it [00:28, 11.64s/it]
3it [00:29,  7.14s/it]
4it [00:31,  5.15s/it]
5it [00:38,  5.81s/it]
6it [00:40,  4.37s/it]
7it [00:43,  3.98s/it]
8it [00:45,  3.38s/it]
9it [00:53,  4.88s/it]
10it [00:55,  3.74s/it]
11it [00:58,  3.66s/it]
12it [01:00,  3.21s/it]
13it [01:10,  5.12s/it]
14it [01:11,  4.08s/it]
15it [01:15,  3.98s/it]
16it [01:17,  3.39s/it]
17it [01:30,  6.25s/it]
18it [01:32,  4.85s/it]
19it [01:35,  4.38s/it]
20it [01:37,  3.65s/it]
21it [01:50,  6.62s/it]
22it [01:52,  5.17s/it]
23it [01:56,  4.68s/it]
24it [01:58,  3.95s/it]
25it [02:09,  6.17s/it]
26it [02:10,  4.58s/it]
27it [02:11,  3.43s/it]
28it [02:12,  2.66s/it]
29it [02:20,  4.31s/it]
30it [02:20,  3.11s/it]
31it [02:21,  2.31s/it]
32it [02:22,  2.05s/it]
33it [02:24,  1.89s/it]
33it [02:24,  4.38s/it]
Compute metrics for 2072 samples
final/VideoMetricType.FVD : 200.880325
{'final/VideoMetricType.FVD': 200.8803253173828}
Number of frames in the videos: 16
Real data options:
{'class_name': 'tools.utils.dataset.VideoFramesFolderDataset', 'path': '/scratch/s224075134/temporal_diffusion/datasets/video/ucf101/images', 'cfg': {'max_num_frames': 10000}, 'load_n_consecutive': 16, 'subsample_factor': 3, 'discard_short_videos': True, 'xflip': False, 'resolution': 256, 'use_labels': False}
Fake data options:
{'class_name': 'tools.utils.dataset.VideoDataset', 'path': 'generation/ucf101_img256/000-FusedMatLatteIMG-XL-128-512-2-concat-F16S3-ucf101_img256-ImageNetPretrained-Compile-Amp-loadpixel/ddpm_250/0670000', 'cfg': {'max_num_frames': 10000}, 'load_n_consecutive': 16, 'load_n_consecutive_random_offset': False, 'subsample_factor': 1, 'xflip': False, 'resolution': 256, 'use_labels': False}
3
self._path generation/ucf101_img256/000-FusedMatLatteIMG-XL-128-512-2-concat-F16S3-ucf101_img256-ImageNetPretrained-Compile-Amp-loadpixel/ddpm_250/0670000
num_items: 2072
len(real_dataset): 13298
/scratch/s224075134/miniconda/envs/latte/lib/python3.12/site-packages/torch/utils/data/dataloader.py:617: UserWarning: This DataLoader will create 4 worker processes in total. Our suggested max number of worker in current system is 2, which is smaller than what this DataLoader is going to create. Please be aware that excessive worker creation might get DataLoader running slow or even freeze, lower the worker number to avoid potential slowness/freeze if necessary.
  warnings.warn(
len(fake_loader): 33
len(real_loader): 33

0it [00:00, ?it/s]
1it [00:30, 30.99s/it]
2it [00:31, 13.25s/it]
3it [00:34,  8.49s/it]
4it [00:36,  5.99s/it]
5it [00:49,  8.42s/it]
6it [00:51,  6.13s/it]
7it [00:55,  5.43s/it]
8it [00:57,  4.38s/it][10:49:06] /github/workspace/src/video/video_reader.cc:83: ERROR opening: generation/ucf101_img256/000-FusedMatLatteIMG-XL-128-512-2-concat-F16S3-ucf101_img256-ImageNetPretrained-Compile-Amp-loadpixel/ddpm_250/0670000/1006.mp4, No such file or directory
[10:49:16] /github/workspace/src/video/video_reader.cc:83: ERROR opening: generation/ucf101_img256/000-FusedMatLatteIMG-XL-128-512-2-concat-F16S3-ucf101_img256-ImageNetPretrained-Compile-Amp-loadpixel/ddpm_250/0670000/1024.mp4, No such file or directory

9it [01:10,  7.21s/it][10:49:18] /github/workspace/src/video/video_reader.cc:83: ERROR opening: generation/ucf101_img256/000-FusedMatLatteIMG-XL-128-512-2-concat-F16S3-ucf101_img256-ImageNetPretrained-Compile-Amp-loadpixel/ddpm_250/0670000/1088.mp4, No such file or directory

10it [01:12,  5.37s/it][10:49:18] /github/workspace/src/video/video_reader.cc:83: ERROR opening: generation/ucf101_img256/000-FusedMatLatteIMG-XL-128-512-2-concat-F16S3-ucf101_img256-ImageNetPretrained-Compile-Amp-loadpixel/ddpm_250/0670000/1152.mp4, No such file or directory

11it [01:12,  3.89s/it][10:49:19] /github/workspace/src/video/video_reader.cc:83: ERROR opening: generation/ucf101_img256/000-FusedMatLatteIMG-XL-128-512-2-concat-F16S3-ucf101_img256-ImageNetPretrained-Compile-Amp-loadpixel/ddpm_250/0670000/1216.mp4, No such file or directory

12it [01:12,  2.81s/it][10:49:27] /github/workspace/src/video/video_reader.cc:83: ERROR opening: generation/ucf101_img256/000-FusedMatLatteIMG-XL-128-512-2-concat-F16S3-ucf101_img256-ImageNetPretrained-Compile-Amp-loadpixel/ddpm_250/0670000/1280.mp4, No such file or directory

13it [01:21,  4.60s/it][10:49:29] /github/workspace/src/video/video_reader.cc:83: ERROR opening: generation/ucf101_img256/000-FusedMatLatteIMG-XL-128-512-2-concat-F16S3-ucf101_img256-ImageNetPretrained-Compile-Amp-loadpixel/ddpm_250/0670000/1344.mp4, No such file or directory

14it [01:23,  3.67s/it][10:49:30] /github/workspace/src/video/video_reader.cc:83: ERROR opening: generation/ucf101_img256/000-FusedMatLatteIMG-XL-128-512-2-concat-F16S3-ucf101_img256-ImageNetPretrained-Compile-Amp-loadpixel/ddpm_250/0670000/1408.mp4, No such file or directory

15it [01:24,  2.88s/it][10:49:30] /github/workspace/src/video/video_reader.cc:83: ERROR opening: generation/ucf101_img256/000-FusedMatLatteIMG-XL-128-512-2-concat-F16S3-ucf101_img256-ImageNetPretrained-Compile-Amp-loadpixel/ddpm_250/0670000/1472.mp4, No such file or directory

15it [01:24,  5.62s/it]
Traceback (most recent call last):
  File "/weka/s224075134/temporal_diffusion/video-diffusion-model-v2/tools/my_cal_metrics_for_dataset.py", line 197, in <module>
    cal_metrics(
  File "/weka/s224075134/temporal_diffusion/video-diffusion-model-v2/tools/my_cal_metrics_for_dataset.py", line 131, in cal_metrics
    for real_batch, fake_batch in tqdm(zip_longest(real_loader, fake_loader, fillvalue=None)):
                                  ^^^^^^^^^^^^^^^^^^^^^^^^^^^^^^^^^^^^^^^^^^^^^^^^^^^^^^^^^^^
  File "/scratch/s224075134/miniconda/envs/latte/lib/python3.12/site-packages/tqdm/std.py", line 1181, in __iter__
    for obj in iterable:
               ^^^^^^^^
  File "/scratch/s224075134/miniconda/envs/latte/lib/python3.12/site-packages/torch/utils/data/dataloader.py", line 701, in __next__
    data = self._next_data()
           ^^^^^^^^^^^^^^^^^
  File "/scratch/s224075134/miniconda/envs/latte/lib/python3.12/site-packages/torch/utils/data/dataloader.py", line 1445, in _next_data
    return self._process_data(data)
           ^^^^^^^^^^^^^^^^^^^^^^^^
  File "/scratch/s224075134/miniconda/envs/latte/lib/python3.12/site-packages/torch/utils/data/dataloader.py", line 1491, in _process_data
    data.reraise()
  File "/scratch/s224075134/miniconda/envs/latte/lib/python3.12/site-packages/torch/_utils.py", line 715, in reraise
    raise exception
RuntimeError: Caught RuntimeError in DataLoader worker process 3.
Original Traceback (most recent call last):
  File "/scratch/s224075134/miniconda/envs/latte/lib/python3.12/site-packages/torch/utils/data/_utils/worker.py", line 351, in _worker_loop
    data = fetcher.fetch(index)  # type: ignore[possibly-undefined]
           ^^^^^^^^^^^^^^^^^^^^
  File "/scratch/s224075134/miniconda/envs/latte/lib/python3.12/site-packages/torch/utils/data/_utils/fetch.py", line 52, in fetch
    data = [self.dataset[idx] for idx in possibly_batched_index]
            ~~~~~~~~~~~~^^^^^
  File "/weka/s224075134/temporal_diffusion/video-diffusion-model-v2/tools/utils/dataset.py", line 857, in __getitem__
    frames_hwc = vd.get_batch(frames_idx)
                 ^^^^^^^^^^^^^^^^^^^^^^^^
  File "/weka/s224075134/temporal_diffusion/video-diffusion-model-v2/tools/utils/dataset.py", line 562, in get_batch
    vr = decord.VideoReader(self.path, ctx=decord.cpu(0))  # re-init to avoid issues with multithreading
         ^^^^^^^^^^^^^^^^^^^^^^^^^^^^^^^^^^^^^^^^^^^^^^^^
  File "/scratch/s224075134/miniconda/envs/latte/lib/python3.12/site-packages/decord/video_reader.py", line 57, in __init__
    raise RuntimeError("Error reading " + uri + "...")
RuntimeError: Error reading generation/ucf101_img256/000-FusedMatLatteIMG-XL-128-512-2-concat-F16S3-ucf101_img256-ImageNetPretrained-Compile-Amp-loadpixel/ddpm_250/0670000/1006.mp4...

Traceback (most recent call last):
  File "/weka/s224075134/temporal_diffusion/video-diffusion-model-v2/tools/my_cal_metrics_for_dataset.py", line 185, in <module>
    num_frames = get_num_frames(args.fake_data_path)
                 ^^^^^^^^^^^^^^^^^^^^^^^^^^^^^^^^^^^
  File "/weka/s224075134/temporal_diffusion/video-diffusion-model-v2/tools/my_cal_metrics_for_dataset.py", line 158, in get_num_frames
    video_files = [f for f in os.listdir(video_dir) if f.endswith(('.mp4', '.avi', '.mov', '.mkv'))]
                              ^^^^^^^^^^^^^^^^^^^^^
FileNotFoundError: [Errno 2] No such file or directory: 'generation/ucf101_img256/000-FusedMatLatteIMG-XL-128-512-2-concat-F16S3-ucf101_img256-ImageNetPretrained-Compile-Amp-loadpixel/ddpm_250/0670000'
Traceback (most recent call last):
  File "/weka/s224075134/temporal_diffusion/video-diffusion-model-v2/tools/my_cal_metrics_for_dataset.py", line 185, in <module>
    num_frames = get_num_frames(args.fake_data_path)
                 ^^^^^^^^^^^^^^^^^^^^^^^^^^^^^^^^^^^
  File "/weka/s224075134/temporal_diffusion/video-diffusion-model-v2/tools/my_cal_metrics_for_dataset.py", line 158, in get_num_frames
    video_files = [f for f in os.listdir(video_dir) if f.endswith(('.mp4', '.avi', '.mov', '.mkv'))]
                              ^^^^^^^^^^^^^^^^^^^^^
FileNotFoundError: [Errno 2] No such file or directory: 'generation/ucf101_img256/000-FusedMatLatteIMG-XL-128-512-2-concat-F16S3-ucf101_img256-ImageNetPretrained-Compile-Amp-loadpixel/ddpm_250/0670000'
Traceback (most recent call last):
  File "/weka/s224075134/temporal_diffusion/video-diffusion-model-v2/tools/my_cal_metrics_for_dataset.py", line 185, in <module>
    num_frames = get_num_frames(args.fake_data_path)
                 ^^^^^^^^^^^^^^^^^^^^^^^^^^^^^^^^^^^
  File "/weka/s224075134/temporal_diffusion/video-diffusion-model-v2/tools/my_cal_metrics_for_dataset.py", line 158, in get_num_frames
    video_files = [f for f in os.listdir(video_dir) if f.endswith(('.mp4', '.avi', '.mov', '.mkv'))]
                              ^^^^^^^^^^^^^^^^^^^^^
FileNotFoundError: [Errno 2] No such file or directory: 'generation/ucf101_img256/000-FusedMatLatteIMG-XL-128-512-2-concat-F16S3-ucf101_img256-ImageNetPretrained-Compile-Amp-loadpixel/ddpm_250/0670000'
Traceback (most recent call last):
  File "/weka/s224075134/temporal_diffusion/video-diffusion-model-v2/tools/my_cal_metrics_for_dataset.py", line 185, in <module>
    num_frames = get_num_frames(args.fake_data_path)
                 ^^^^^^^^^^^^^^^^^^^^^^^^^^^^^^^^^^^
  File "/weka/s224075134/temporal_diffusion/video-diffusion-model-v2/tools/my_cal_metrics_for_dataset.py", line 158, in get_num_frames
    video_files = [f for f in os.listdir(video_dir) if f.endswith(('.mp4', '.avi', '.mov', '.mkv'))]
                              ^^^^^^^^^^^^^^^^^^^^^
FileNotFoundError: [Errno 2] No such file or directory: 'generation/ucf101_img256/000-FusedMatLatteIMG-XL-128-512-2-concat-F16S3-ucf101_img256-ImageNetPretrained-Compile-Amp-loadpixel/ddpm_250/0670000'
Traceback (most recent call last):
  File "/weka/s224075134/temporal_diffusion/video-diffusion-model-v2/tools/my_cal_metrics_for_dataset.py", line 185, in <module>
    num_frames = get_num_frames(args.fake_data_path)
                 ^^^^^^^^^^^^^^^^^^^^^^^^^^^^^^^^^^^
  File "/weka/s224075134/temporal_diffusion/video-diffusion-model-v2/tools/my_cal_metrics_for_dataset.py", line 158, in get_num_frames
    video_files = [f for f in os.listdir(video_dir) if f.endswith(('.mp4', '.avi', '.mov', '.mkv'))]
                              ^^^^^^^^^^^^^^^^^^^^^
FileNotFoundError: [Errno 2] No such file or directory: 'generation/ucf101_img256/000-FusedMatLatteIMG-XL-128-512-2-concat-F16S3-ucf101_img256-ImageNetPretrained-Compile-Amp-loadpixel/ddpm_250/0670000'
Traceback (most recent call last):
  File "/weka/s224075134/temporal_diffusion/video-diffusion-model-v2/tools/my_cal_metrics_for_dataset.py", line 185, in <module>
    num_frames = get_num_frames(args.fake_data_path)
                 ^^^^^^^^^^^^^^^^^^^^^^^^^^^^^^^^^^^
  File "/weka/s224075134/temporal_diffusion/video-diffusion-model-v2/tools/my_cal_metrics_for_dataset.py", line 158, in get_num_frames
    video_files = [f for f in os.listdir(video_dir) if f.endswith(('.mp4', '.avi', '.mov', '.mkv'))]
                              ^^^^^^^^^^^^^^^^^^^^^
FileNotFoundError: [Errno 2] No such file or directory: 'generation/ucf101_img256/000-FusedMatLatteIMG-XL-128-512-2-concat-F16S3-ucf101_img256-ImageNetPretrained-Compile-Amp-loadpixel/ddpm_250/0670000'
Traceback (most recent call last):
  File "/weka/s224075134/temporal_diffusion/video-diffusion-model-v2/tools/my_cal_metrics_for_dataset.py", line 185, in <module>
    num_frames = get_num_frames(args.fake_data_path)
                 ^^^^^^^^^^^^^^^^^^^^^^^^^^^^^^^^^^^
  File "/weka/s224075134/temporal_diffusion/video-diffusion-model-v2/tools/my_cal_metrics_for_dataset.py", line 158, in get_num_frames
    video_files = [f for f in os.listdir(video_dir) if f.endswith(('.mp4', '.avi', '.mov', '.mkv'))]
                              ^^^^^^^^^^^^^^^^^^^^^
FileNotFoundError: [Errno 2] No such file or directory: 'generation/ucf101_img256/000-FusedMatLatteIMG-XL-128-512-2-concat-F16S3-ucf101_img256-ImageNetPretrained-Compile-Amp-loadpixel/ddpm_250/0670000'
Traceback (most recent call last):
  File "/weka/s224075134/temporal_diffusion/video-diffusion-model-v2/tools/my_cal_metrics_for_dataset.py", line 185, in <module>
    num_frames = get_num_frames(args.fake_data_path)
                 ^^^^^^^^^^^^^^^^^^^^^^^^^^^^^^^^^^^
  File "/weka/s224075134/temporal_diffusion/video-diffusion-model-v2/tools/my_cal_metrics_for_dataset.py", line 158, in get_num_frames
    video_files = [f for f in os.listdir(video_dir) if f.endswith(('.mp4', '.avi', '.mov', '.mkv'))]
                              ^^^^^^^^^^^^^^^^^^^^^
FileNotFoundError: [Errno 2] No such file or directory: 'generation/ucf101_img256/000-FusedMatLatteIMG-XL-128-512-2-concat-F16S3-ucf101_img256-ImageNetPretrained-Compile-Amp-loadpixel/ddpm_250/0670000'
Traceback (most recent call last):
  File "/weka/s224075134/temporal_diffusion/video-diffusion-model-v2/tools/my_cal_metrics_for_dataset.py", line 185, in <module>
    num_frames = get_num_frames(args.fake_data_path)
                 ^^^^^^^^^^^^^^^^^^^^^^^^^^^^^^^^^^^
  File "/weka/s224075134/temporal_diffusion/video-diffusion-model-v2/tools/my_cal_metrics_for_dataset.py", line 158, in get_num_frames
    video_files = [f for f in os.listdir(video_dir) if f.endswith(('.mp4', '.avi', '.mov', '.mkv'))]
                              ^^^^^^^^^^^^^^^^^^^^^
FileNotFoundError: [Errno 2] No such file or directory: 'generation/ucf101_img256/000-FusedMatLatteIMG-XL-128-512-2-concat-F16S3-ucf101_img256-ImageNetPretrained-Compile-Amp-loadpixel/ddpm_250/0670000'
Traceback (most recent call last):
  File "/weka/s224075134/temporal_diffusion/video-diffusion-model-v2/tools/my_cal_metrics_for_dataset.py", line 185, in <module>
    num_frames = get_num_frames(args.fake_data_path)
                 ^^^^^^^^^^^^^^^^^^^^^^^^^^^^^^^^^^^
  File "/weka/s224075134/temporal_diffusion/video-diffusion-model-v2/tools/my_cal_metrics_for_dataset.py", line 158, in get_num_frames
    video_files = [f for f in os.listdir(video_dir) if f.endswith(('.mp4', '.avi', '.mov', '.mkv'))]
                              ^^^^^^^^^^^^^^^^^^^^^
FileNotFoundError: [Errno 2] No such file or directory: 'generation/ucf101_img256/000-FusedMatLatteIMG-XL-128-512-2-concat-F16S3-ucf101_img256-ImageNetPretrained-Compile-Amp-loadpixel/ddpm_250/0670000'
Traceback (most recent call last):
  File "/weka/s224075134/temporal_diffusion/video-diffusion-model-v2/tools/my_cal_metrics_for_dataset.py", line 185, in <module>
    num_frames = get_num_frames(args.fake_data_path)
                 ^^^^^^^^^^^^^^^^^^^^^^^^^^^^^^^^^^^
  File "/weka/s224075134/temporal_diffusion/video-diffusion-model-v2/tools/my_cal_metrics_for_dataset.py", line 158, in get_num_frames
    video_files = [f for f in os.listdir(video_dir) if f.endswith(('.mp4', '.avi', '.mov', '.mkv'))]
                              ^^^^^^^^^^^^^^^^^^^^^
FileNotFoundError: [Errno 2] No such file or directory: 'generation/ucf101_img256/000-FusedMatLatteIMG-XL-128-512-2-concat-F16S3-ucf101_img256-ImageNetPretrained-Compile-Amp-loadpixel/ddpm_250/0670000'
Traceback (most recent call last):
  File "/weka/s224075134/temporal_diffusion/video-diffusion-model-v2/tools/my_cal_metrics_for_dataset.py", line 185, in <module>
    num_frames = get_num_frames(args.fake_data_path)
                 ^^^^^^^^^^^^^^^^^^^^^^^^^^^^^^^^^^^
  File "/weka/s224075134/temporal_diffusion/video-diffusion-model-v2/tools/my_cal_metrics_for_dataset.py", line 158, in get_num_frames
    video_files = [f for f in os.listdir(video_dir) if f.endswith(('.mp4', '.avi', '.mov', '.mkv'))]
                              ^^^^^^^^^^^^^^^^^^^^^
FileNotFoundError: [Errno 2] No such file or directory: 'generation/ucf101_img256/000-FusedMatLatteIMG-XL-128-512-2-concat-F16S3-ucf101_img256-ImageNetPretrained-Compile-Amp-loadpixel/ddpm_250/0670000'
Traceback (most recent call last):
  File "/weka/s224075134/temporal_diffusion/video-diffusion-model-v2/tools/my_cal_metrics_for_dataset.py", line 185, in <module>
    num_frames = get_num_frames(args.fake_data_path)
                 ^^^^^^^^^^^^^^^^^^^^^^^^^^^^^^^^^^^
  File "/weka/s224075134/temporal_diffusion/video-diffusion-model-v2/tools/my_cal_metrics_for_dataset.py", line 158, in get_num_frames
    video_files = [f for f in os.listdir(video_dir) if f.endswith(('.mp4', '.avi', '.mov', '.mkv'))]
                              ^^^^^^^^^^^^^^^^^^^^^
FileNotFoundError: [Errno 2] No such file or directory: 'generation/ucf101_img256/000-FusedMatLatteIMG-XL-128-512-2-concat-F16S3-ucf101_img256-ImageNetPretrained-Compile-Amp-loadpixel/ddpm_250/0670000'
Traceback (most recent call last):
  File "/weka/s224075134/temporal_diffusion/video-diffusion-model-v2/tools/my_cal_metrics_for_dataset.py", line 185, in <module>
    num_frames = get_num_frames(args.fake_data_path)
                 ^^^^^^^^^^^^^^^^^^^^^^^^^^^^^^^^^^^
  File "/weka/s224075134/temporal_diffusion/video-diffusion-model-v2/tools/my_cal_metrics_for_dataset.py", line 158, in get_num_frames
    video_files = [f for f in os.listdir(video_dir) if f.endswith(('.mp4', '.avi', '.mov', '.mkv'))]
                              ^^^^^^^^^^^^^^^^^^^^^
FileNotFoundError: [Errno 2] No such file or directory: 'generation/ucf101_img256/000-FusedMatLatteIMG-XL-128-512-2-concat-F16S3-ucf101_img256-ImageNetPretrained-Compile-Amp-loadpixel/ddpm_250/0670000'
Traceback (most recent call last):
  File "/weka/s224075134/temporal_diffusion/video-diffusion-model-v2/tools/my_cal_metrics_for_dataset.py", line 185, in <module>
    num_frames = get_num_frames(args.fake_data_path)
                 ^^^^^^^^^^^^^^^^^^^^^^^^^^^^^^^^^^^
  File "/weka/s224075134/temporal_diffusion/video-diffusion-model-v2/tools/my_cal_metrics_for_dataset.py", line 158, in get_num_frames
    video_files = [f for f in os.listdir(video_dir) if f.endswith(('.mp4', '.avi', '.mov', '.mkv'))]
                              ^^^^^^^^^^^^^^^^^^^^^
FileNotFoundError: [Errno 2] No such file or directory: 'generation/ucf101_img256/000-FusedMatLatteIMG-XL-128-512-2-concat-F16S3-ucf101_img256-ImageNetPretrained-Compile-Amp-loadpixel/ddpm_250/0670000'
Traceback (most recent call last):
  File "/weka/s224075134/temporal_diffusion/video-diffusion-model-v2/tools/my_cal_metrics_for_dataset.py", line 185, in <module>
    num_frames = get_num_frames(args.fake_data_path)
                 ^^^^^^^^^^^^^^^^^^^^^^^^^^^^^^^^^^^
  File "/weka/s224075134/temporal_diffusion/video-diffusion-model-v2/tools/my_cal_metrics_for_dataset.py", line 158, in get_num_frames
    video_files = [f for f in os.listdir(video_dir) if f.endswith(('.mp4', '.avi', '.mov', '.mkv'))]
                              ^^^^^^^^^^^^^^^^^^^^^
FileNotFoundError: [Errno 2] No such file or directory: 'generation/ucf101_img256/000-FusedMatLatteIMG-XL-128-512-2-concat-F16S3-ucf101_img256-ImageNetPretrained-Compile-Amp-loadpixel/ddpm_250/0670000'
Traceback (most recent call last):
  File "/weka/s224075134/temporal_diffusion/video-diffusion-model-v2/tools/my_cal_metrics_for_dataset.py", line 185, in <module>
    num_frames = get_num_frames(args.fake_data_path)
                 ^^^^^^^^^^^^^^^^^^^^^^^^^^^^^^^^^^^
  File "/weka/s224075134/temporal_diffusion/video-diffusion-model-v2/tools/my_cal_metrics_for_dataset.py", line 158, in get_num_frames
    video_files = [f for f in os.listdir(video_dir) if f.endswith(('.mp4', '.avi', '.mov', '.mkv'))]
                              ^^^^^^^^^^^^^^^^^^^^^
FileNotFoundError: [Errno 2] No such file or directory: 'generation/ucf101_img256/000-FusedMatLatteIMG-XL-128-512-2-concat-F16S3-ucf101_img256-ImageNetPretrained-Compile-Amp-loadpixel/ddpm_250/0670000'
Traceback (most recent call last):
  File "/weka/s224075134/temporal_diffusion/video-diffusion-model-v2/tools/my_cal_metrics_for_dataset.py", line 185, in <module>
    num_frames = get_num_frames(args.fake_data_path)
                 ^^^^^^^^^^^^^^^^^^^^^^^^^^^^^^^^^^^
  File "/weka/s224075134/temporal_diffusion/video-diffusion-model-v2/tools/my_cal_metrics_for_dataset.py", line 158, in get_num_frames
    video_files = [f for f in os.listdir(video_dir) if f.endswith(('.mp4', '.avi', '.mov', '.mkv'))]
                              ^^^^^^^^^^^^^^^^^^^^^
FileNotFoundError: [Errno 2] No such file or directory: 'generation/ucf101_img256/000-FusedMatLatteIMG-XL-128-512-2-concat-F16S3-ucf101_img256-ImageNetPretrained-Compile-Amp-loadpixel/ddpm_250/0670000'
Traceback (most recent call last):
  File "/weka/s224075134/temporal_diffusion/video-diffusion-model-v2/tools/my_cal_metrics_for_dataset.py", line 185, in <module>
    num_frames = get_num_frames(args.fake_data_path)
                 ^^^^^^^^^^^^^^^^^^^^^^^^^^^^^^^^^^^
  File "/weka/s224075134/temporal_diffusion/video-diffusion-model-v2/tools/my_cal_metrics_for_dataset.py", line 158, in get_num_frames
    video_files = [f for f in os.listdir(video_dir) if f.endswith(('.mp4', '.avi', '.mov', '.mkv'))]
                              ^^^^^^^^^^^^^^^^^^^^^
FileNotFoundError: [Errno 2] No such file or directory: 'generation/ucf101_img256/000-FusedMatLatteIMG-XL-128-512-2-concat-F16S3-ucf101_img256-ImageNetPretrained-Compile-Amp-loadpixel/ddpm_250/0670000'
Traceback (most recent call last):
  File "/weka/s224075134/temporal_diffusion/video-diffusion-model-v2/tools/my_cal_metrics_for_dataset.py", line 185, in <module>
    num_frames = get_num_frames(args.fake_data_path)
                 ^^^^^^^^^^^^^^^^^^^^^^^^^^^^^^^^^^^
  File "/weka/s224075134/temporal_diffusion/video-diffusion-model-v2/tools/my_cal_metrics_for_dataset.py", line 158, in get_num_frames
    video_files = [f for f in os.listdir(video_dir) if f.endswith(('.mp4', '.avi', '.mov', '.mkv'))]
                              ^^^^^^^^^^^^^^^^^^^^^
FileNotFoundError: [Errno 2] No such file or directory: 'generation/ucf101_img256/000-FusedMatLatteIMG-XL-128-512-2-concat-F16S3-ucf101_img256-ImageNetPretrained-Compile-Amp-loadpixel/ddpm_250/0670000'
Traceback (most recent call last):
  File "/weka/s224075134/temporal_diffusion/video-diffusion-model-v2/tools/my_cal_metrics_for_dataset.py", line 185, in <module>
    num_frames = get_num_frames(args.fake_data_path)
                 ^^^^^^^^^^^^^^^^^^^^^^^^^^^^^^^^^^^
  File "/weka/s224075134/temporal_diffusion/video-diffusion-model-v2/tools/my_cal_metrics_for_dataset.py", line 158, in get_num_frames
    video_files = [f for f in os.listdir(video_dir) if f.endswith(('.mp4', '.avi', '.mov', '.mkv'))]
                              ^^^^^^^^^^^^^^^^^^^^^
FileNotFoundError: [Errno 2] No such file or directory: 'generation/ucf101_img256/000-FusedMatLatteIMG-XL-128-512-2-concat-F16S3-ucf101_img256-ImageNetPretrained-Compile-Amp-loadpixel/ddpm_250/0670000'
Traceback (most recent call last):
  File "/weka/s224075134/temporal_diffusion/video-diffusion-model-v2/tools/my_cal_metrics_for_dataset.py", line 185, in <module>
    num_frames = get_num_frames(args.fake_data_path)
                 ^^^^^^^^^^^^^^^^^^^^^^^^^^^^^^^^^^^
  File "/weka/s224075134/temporal_diffusion/video-diffusion-model-v2/tools/my_cal_metrics_for_dataset.py", line 158, in get_num_frames
    video_files = [f for f in os.listdir(video_dir) if f.endswith(('.mp4', '.avi', '.mov', '.mkv'))]
                              ^^^^^^^^^^^^^^^^^^^^^
FileNotFoundError: [Errno 2] No such file or directory: 'generation/ucf101_img256/000-FusedMatLatteIMG-XL-128-512-2-concat-F16S3-ucf101_img256-ImageNetPretrained-Compile-Amp-loadpixel/ddpm_250/0670000'
Traceback (most recent call last):
  File "/weka/s224075134/temporal_diffusion/video-diffusion-model-v2/tools/my_cal_metrics_for_dataset.py", line 185, in <module>
    num_frames = get_num_frames(args.fake_data_path)
                 ^^^^^^^^^^^^^^^^^^^^^^^^^^^^^^^^^^^
  File "/weka/s224075134/temporal_diffusion/video-diffusion-model-v2/tools/my_cal_metrics_for_dataset.py", line 158, in get_num_frames
    video_files = [f for f in os.listdir(video_dir) if f.endswith(('.mp4', '.avi', '.mov', '.mkv'))]
                              ^^^^^^^^^^^^^^^^^^^^^
FileNotFoundError: [Errno 2] No such file or directory: 'generation/ucf101_img256/000-FusedMatLatteIMG-XL-128-512-2-concat-F16S3-ucf101_img256-ImageNetPretrained-Compile-Amp-loadpixel/ddpm_250/0670000'
Traceback (most recent call last):
  File "/weka/s224075134/temporal_diffusion/video-diffusion-model-v2/tools/my_cal_metrics_for_dataset.py", line 185, in <module>
    num_frames = get_num_frames(args.fake_data_path)
                 ^^^^^^^^^^^^^^^^^^^^^^^^^^^^^^^^^^^
  File "/weka/s224075134/temporal_diffusion/video-diffusion-model-v2/tools/my_cal_metrics_for_dataset.py", line 158, in get_num_frames
    video_files = [f for f in os.listdir(video_dir) if f.endswith(('.mp4', '.avi', '.mov', '.mkv'))]
                              ^^^^^^^^^^^^^^^^^^^^^
FileNotFoundError: [Errno 2] No such file or directory: 'generation/ucf101_img256/000-FusedMatLatteIMG-XL-128-512-2-concat-F16S3-ucf101_img256-ImageNetPretrained-Compile-Amp-loadpixel/ddpm_250/0670000'
Traceback (most recent call last):
  File "/weka/s224075134/temporal_diffusion/video-diffusion-model-v2/tools/my_cal_metrics_for_dataset.py", line 185, in <module>
    num_frames = get_num_frames(args.fake_data_path)
                 ^^^^^^^^^^^^^^^^^^^^^^^^^^^^^^^^^^^
  File "/weka/s224075134/temporal_diffusion/video-diffusion-model-v2/tools/my_cal_metrics_for_dataset.py", line 158, in get_num_frames
    video_files = [f for f in os.listdir(video_dir) if f.endswith(('.mp4', '.avi', '.mov', '.mkv'))]
                              ^^^^^^^^^^^^^^^^^^^^^
FileNotFoundError: [Errno 2] No such file or directory: 'generation/ucf101_img256/000-FusedMatLatteIMG-XL-128-512-2-concat-F16S3-ucf101_img256-ImageNetPretrained-Compile-Amp-loadpixel/ddpm_250/0670000'
Traceback (most recent call last):
  File "/weka/s224075134/temporal_diffusion/video-diffusion-model-v2/tools/my_cal_metrics_for_dataset.py", line 185, in <module>
    num_frames = get_num_frames(args.fake_data_path)
                 ^^^^^^^^^^^^^^^^^^^^^^^^^^^^^^^^^^^
  File "/weka/s224075134/temporal_diffusion/video-diffusion-model-v2/tools/my_cal_metrics_for_dataset.py", line 158, in get_num_frames
    video_files = [f for f in os.listdir(video_dir) if f.endswith(('.mp4', '.avi', '.mov', '.mkv'))]
                              ^^^^^^^^^^^^^^^^^^^^^
FileNotFoundError: [Errno 2] No such file or directory: 'generation/ucf101_img256/000-FusedMatLatteIMG-XL-128-512-2-concat-F16S3-ucf101_img256-ImageNetPretrained-Compile-Amp-loadpixel/ddpm_250/0670000'
Traceback (most recent call last):
  File "/weka/s224075134/temporal_diffusion/video-diffusion-model-v2/tools/my_cal_metrics_for_dataset.py", line 185, in <module>
    num_frames = get_num_frames(args.fake_data_path)
                 ^^^^^^^^^^^^^^^^^^^^^^^^^^^^^^^^^^^
  File "/weka/s224075134/temporal_diffusion/video-diffusion-model-v2/tools/my_cal_metrics_for_dataset.py", line 158, in get_num_frames
    video_files = [f for f in os.listdir(video_dir) if f.endswith(('.mp4', '.avi', '.mov', '.mkv'))]
                              ^^^^^^^^^^^^^^^^^^^^^
FileNotFoundError: [Errno 2] No such file or directory: 'generation/ucf101_img256/000-FusedMatLatteIMG-XL-128-512-2-concat-F16S3-ucf101_img256-ImageNetPretrained-Compile-Amp-loadpixel/ddpm_250/0670000'
Traceback (most recent call last):
  File "/weka/s224075134/temporal_diffusion/video-diffusion-model-v2/tools/my_cal_metrics_for_dataset.py", line 185, in <module>
    num_frames = get_num_frames(args.fake_data_path)
                 ^^^^^^^^^^^^^^^^^^^^^^^^^^^^^^^^^^^
  File "/weka/s224075134/temporal_diffusion/video-diffusion-model-v2/tools/my_cal_metrics_for_dataset.py", line 158, in get_num_frames
    video_files = [f for f in os.listdir(video_dir) if f.endswith(('.mp4', '.avi', '.mov', '.mkv'))]
                              ^^^^^^^^^^^^^^^^^^^^^
FileNotFoundError: [Errno 2] No such file or directory: 'generation/ucf101_img256/000-FusedMatLatteIMG-XL-128-512-2-concat-F16S3-ucf101_img256-ImageNetPretrained-Compile-Amp-loadpixel/ddpm_250/0670000'
Traceback (most recent call last):
  File "/weka/s224075134/temporal_diffusion/video-diffusion-model-v2/tools/my_cal_metrics_for_dataset.py", line 185, in <module>
    num_frames = get_num_frames(args.fake_data_path)
                 ^^^^^^^^^^^^^^^^^^^^^^^^^^^^^^^^^^^
  File "/weka/s224075134/temporal_diffusion/video-diffusion-model-v2/tools/my_cal_metrics_for_dataset.py", line 158, in get_num_frames
    video_files = [f for f in os.listdir(video_dir) if f.endswith(('.mp4', '.avi', '.mov', '.mkv'))]
                              ^^^^^^^^^^^^^^^^^^^^^
FileNotFoundError: [Errno 2] No such file or directory: 'generation/ucf101_img256/000-FusedMatLatteIMG-XL-128-512-2-concat-F16S3-ucf101_img256-ImageNetPretrained-Compile-Amp-loadpixel/ddpm_250/0670000'
Traceback (most recent call last):
  File "/weka/s224075134/temporal_diffusion/video-diffusion-model-v2/tools/my_cal_metrics_for_dataset.py", line 185, in <module>
    num_frames = get_num_frames(args.fake_data_path)
                 ^^^^^^^^^^^^^^^^^^^^^^^^^^^^^^^^^^^
  File "/weka/s224075134/temporal_diffusion/video-diffusion-model-v2/tools/my_cal_metrics_for_dataset.py", line 158, in get_num_frames
    video_files = [f for f in os.listdir(video_dir) if f.endswith(('.mp4', '.avi', '.mov', '.mkv'))]
                              ^^^^^^^^^^^^^^^^^^^^^
FileNotFoundError: [Errno 2] No such file or directory: 'generation/ucf101_img256/000-FusedMatLatteIMG-XL-128-512-2-concat-F16S3-ucf101_img256-ImageNetPretrained-Compile-Amp-loadpixel/ddpm_250/0670000'
Traceback (most recent call last):
  File "/weka/s224075134/temporal_diffusion/video-diffusion-model-v2/tools/my_cal_metrics_for_dataset.py", line 185, in <module>
    num_frames = get_num_frames(args.fake_data_path)
                 ^^^^^^^^^^^^^^^^^^^^^^^^^^^^^^^^^^^
  File "/weka/s224075134/temporal_diffusion/video-diffusion-model-v2/tools/my_cal_metrics_for_dataset.py", line 158, in get_num_frames
    video_files = [f for f in os.listdir(video_dir) if f.endswith(('.mp4', '.avi', '.mov', '.mkv'))]
                              ^^^^^^^^^^^^^^^^^^^^^
FileNotFoundError: [Errno 2] No such file or directory: 'generation/ucf101_img256/000-FusedMatLatteIMG-XL-128-512-2-concat-F16S3-ucf101_img256-ImageNetPretrained-Compile-Amp-loadpixel/ddpm_250/0670000'
Traceback (most recent call last):
  File "/weka/s224075134/temporal_diffusion/video-diffusion-model-v2/tools/my_cal_metrics_for_dataset.py", line 185, in <module>
    num_frames = get_num_frames(args.fake_data_path)
                 ^^^^^^^^^^^^^^^^^^^^^^^^^^^^^^^^^^^
  File "/weka/s224075134/temporal_diffusion/video-diffusion-model-v2/tools/my_cal_metrics_for_dataset.py", line 158, in get_num_frames
    video_files = [f for f in os.listdir(video_dir) if f.endswith(('.mp4', '.avi', '.mov', '.mkv'))]
                              ^^^^^^^^^^^^^^^^^^^^^
FileNotFoundError: [Errno 2] No such file or directory: 'generation/ucf101_img256/000-FusedMatLatteIMG-XL-128-512-2-concat-F16S3-ucf101_img256-ImageNetPretrained-Compile-Amp-loadpixel/ddpm_250/0670000'
Traceback (most recent call last):
  File "/weka/s224075134/temporal_diffusion/video-diffusion-model-v2/tools/my_cal_metrics_for_dataset.py", line 185, in <module>
    num_frames = get_num_frames(args.fake_data_path)
                 ^^^^^^^^^^^^^^^^^^^^^^^^^^^^^^^^^^^
  File "/weka/s224075134/temporal_diffusion/video-diffusion-model-v2/tools/my_cal_metrics_for_dataset.py", line 158, in get_num_frames
    video_files = [f for f in os.listdir(video_dir) if f.endswith(('.mp4', '.avi', '.mov', '.mkv'))]
                              ^^^^^^^^^^^^^^^^^^^^^
FileNotFoundError: [Errno 2] No such file or directory: 'generation/ucf101_img256/000-FusedMatLatteIMG-XL-128-512-2-concat-F16S3-ucf101_img256-ImageNetPretrained-Compile-Amp-loadpixel/ddpm_250/0670000'
Traceback (most recent call last):
  File "/weka/s224075134/temporal_diffusion/video-diffusion-model-v2/tools/my_cal_metrics_for_dataset.py", line 185, in <module>
    num_frames = get_num_frames(args.fake_data_path)
                 ^^^^^^^^^^^^^^^^^^^^^^^^^^^^^^^^^^^
  File "/weka/s224075134/temporal_diffusion/video-diffusion-model-v2/tools/my_cal_metrics_for_dataset.py", line 158, in get_num_frames
    video_files = [f for f in os.listdir(video_dir) if f.endswith(('.mp4', '.avi', '.mov', '.mkv'))]
                              ^^^^^^^^^^^^^^^^^^^^^
FileNotFoundError: [Errno 2] No such file or directory: 'generation/ucf101_img256/000-FusedMatLatteIMG-XL-128-512-2-concat-F16S3-ucf101_img256-ImageNetPretrained-Compile-Amp-loadpixel/ddpm_250/0670000'
Traceback (most recent call last):
  File "/weka/s224075134/temporal_diffusion/video-diffusion-model-v2/tools/my_cal_metrics_for_dataset.py", line 185, in <module>
    num_frames = get_num_frames(args.fake_data_path)
                 ^^^^^^^^^^^^^^^^^^^^^^^^^^^^^^^^^^^
  File "/weka/s224075134/temporal_diffusion/video-diffusion-model-v2/tools/my_cal_metrics_for_dataset.py", line 158, in get_num_frames
    video_files = [f for f in os.listdir(video_dir) if f.endswith(('.mp4', '.avi', '.mov', '.mkv'))]
                              ^^^^^^^^^^^^^^^^^^^^^
FileNotFoundError: [Errno 2] No such file or directory: 'generation/ucf101_img256/000-FusedMatLatteIMG-XL-128-512-2-concat-F16S3-ucf101_img256-ImageNetPretrained-Compile-Amp-loadpixel/ddpm_250/0670000'
Traceback (most recent call last):
  File "/weka/s224075134/temporal_diffusion/video-diffusion-model-v2/tools/my_cal_metrics_for_dataset.py", line 185, in <module>
    num_frames = get_num_frames(args.fake_data_path)
                 ^^^^^^^^^^^^^^^^^^^^^^^^^^^^^^^^^^^
  File "/weka/s224075134/temporal_diffusion/video-diffusion-model-v2/tools/my_cal_metrics_for_dataset.py", line 158, in get_num_frames
    video_files = [f for f in os.listdir(video_dir) if f.endswith(('.mp4', '.avi', '.mov', '.mkv'))]
                              ^^^^^^^^^^^^^^^^^^^^^
FileNotFoundError: [Errno 2] No such file or directory: 'generation/ucf101_img256/000-FusedMatLatteIMG-XL-128-512-2-concat-F16S3-ucf101_img256-ImageNetPretrained-Compile-Amp-loadpixel/ddpm_250/0670000'
Traceback (most recent call last):
  File "/weka/s224075134/temporal_diffusion/video-diffusion-model-v2/tools/my_cal_metrics_for_dataset.py", line 185, in <module>
    num_frames = get_num_frames(args.fake_data_path)
                 ^^^^^^^^^^^^^^^^^^^^^^^^^^^^^^^^^^^
  File "/weka/s224075134/temporal_diffusion/video-diffusion-model-v2/tools/my_cal_metrics_for_dataset.py", line 158, in get_num_frames
    video_files = [f for f in os.listdir(video_dir) if f.endswith(('.mp4', '.avi', '.mov', '.mkv'))]
                              ^^^^^^^^^^^^^^^^^^^^^
FileNotFoundError: [Errno 2] No such file or directory: 'generation/ucf101_img256/000-FusedMatLatteIMG-XL-128-512-2-concat-F16S3-ucf101_img256-ImageNetPretrained-Compile-Amp-loadpixel/ddpm_250/0670000'
Traceback (most recent call last):
  File "/weka/s224075134/temporal_diffusion/video-diffusion-model-v2/tools/my_cal_metrics_for_dataset.py", line 185, in <module>
    num_frames = get_num_frames(args.fake_data_path)
                 ^^^^^^^^^^^^^^^^^^^^^^^^^^^^^^^^^^^
  File "/weka/s224075134/temporal_diffusion/video-diffusion-model-v2/tools/my_cal_metrics_for_dataset.py", line 158, in get_num_frames
    video_files = [f for f in os.listdir(video_dir) if f.endswith(('.mp4', '.avi', '.mov', '.mkv'))]
                              ^^^^^^^^^^^^^^^^^^^^^
FileNotFoundError: [Errno 2] No such file or directory: 'generation/ucf101_img256/000-FusedMatLatteIMG-XL-128-512-2-concat-F16S3-ucf101_img256-ImageNetPretrained-Compile-Amp-loadpixel/ddpm_250/0670000'
Traceback (most recent call last):
  File "/weka/s224075134/temporal_diffusion/video-diffusion-model-v2/tools/my_cal_metrics_for_dataset.py", line 185, in <module>
    num_frames = get_num_frames(args.fake_data_path)
                 ^^^^^^^^^^^^^^^^^^^^^^^^^^^^^^^^^^^
  File "/weka/s224075134/temporal_diffusion/video-diffusion-model-v2/tools/my_cal_metrics_for_dataset.py", line 158, in get_num_frames
    video_files = [f for f in os.listdir(video_dir) if f.endswith(('.mp4', '.avi', '.mov', '.mkv'))]
                              ^^^^^^^^^^^^^^^^^^^^^
FileNotFoundError: [Errno 2] No such file or directory: 'generation/ucf101_img256/000-FusedMatLatteIMG-XL-128-512-2-concat-F16S3-ucf101_img256-ImageNetPretrained-Compile-Amp-loadpixel/ddpm_250/0670000'
Traceback (most recent call last):
  File "/weka/s224075134/temporal_diffusion/video-diffusion-model-v2/tools/my_cal_metrics_for_dataset.py", line 185, in <module>
    num_frames = get_num_frames(args.fake_data_path)
                 ^^^^^^^^^^^^^^^^^^^^^^^^^^^^^^^^^^^
  File "/weka/s224075134/temporal_diffusion/video-diffusion-model-v2/tools/my_cal_metrics_for_dataset.py", line 158, in get_num_frames
    video_files = [f for f in os.listdir(video_dir) if f.endswith(('.mp4', '.avi', '.mov', '.mkv'))]
                              ^^^^^^^^^^^^^^^^^^^^^
FileNotFoundError: [Errno 2] No such file or directory: 'generation/ucf101_img256/000-FusedMatLatteIMG-XL-128-512-2-concat-F16S3-ucf101_img256-ImageNetPretrained-Compile-Amp-loadpixel/ddpm_250/0670000'
Traceback (most recent call last):
  File "/weka/s224075134/temporal_diffusion/video-diffusion-model-v2/tools/my_cal_metrics_for_dataset.py", line 185, in <module>
    num_frames = get_num_frames(args.fake_data_path)
                 ^^^^^^^^^^^^^^^^^^^^^^^^^^^^^^^^^^^
  File "/weka/s224075134/temporal_diffusion/video-diffusion-model-v2/tools/my_cal_metrics_for_dataset.py", line 158, in get_num_frames
    video_files = [f for f in os.listdir(video_dir) if f.endswith(('.mp4', '.avi', '.mov', '.mkv'))]
                              ^^^^^^^^^^^^^^^^^^^^^
FileNotFoundError: [Errno 2] No such file or directory: 'generation/ucf101_img256/000-FusedMatLatteIMG-XL-128-512-2-concat-F16S3-ucf101_img256-ImageNetPretrained-Compile-Amp-loadpixel/ddpm_250/0670000'
Traceback (most recent call last):
  File "/weka/s224075134/temporal_diffusion/video-diffusion-model-v2/tools/my_cal_metrics_for_dataset.py", line 185, in <module>
    num_frames = get_num_frames(args.fake_data_path)
                 ^^^^^^^^^^^^^^^^^^^^^^^^^^^^^^^^^^^
  File "/weka/s224075134/temporal_diffusion/video-diffusion-model-v2/tools/my_cal_metrics_for_dataset.py", line 158, in get_num_frames
    video_files = [f for f in os.listdir(video_dir) if f.endswith(('.mp4', '.avi', '.mov', '.mkv'))]
                              ^^^^^^^^^^^^^^^^^^^^^
FileNotFoundError: [Errno 2] No such file or directory: 'generation/ucf101_img256/000-FusedMatLatteIMG-XL-128-512-2-concat-F16S3-ucf101_img256-ImageNetPretrained-Compile-Amp-loadpixel/ddpm_250/0670000'
Traceback (most recent call last):
  File "/weka/s224075134/temporal_diffusion/video-diffusion-model-v2/tools/my_cal_metrics_for_dataset.py", line 185, in <module>
    num_frames = get_num_frames(args.fake_data_path)
                 ^^^^^^^^^^^^^^^^^^^^^^^^^^^^^^^^^^^
  File "/weka/s224075134/temporal_diffusion/video-diffusion-model-v2/tools/my_cal_metrics_for_dataset.py", line 158, in get_num_frames
    video_files = [f for f in os.listdir(video_dir) if f.endswith(('.mp4', '.avi', '.mov', '.mkv'))]
                              ^^^^^^^^^^^^^^^^^^^^^
FileNotFoundError: [Errno 2] No such file or directory: 'generation/ucf101_img256/000-FusedMatLatteIMG-XL-128-512-2-concat-F16S3-ucf101_img256-ImageNetPretrained-Compile-Amp-loadpixel/ddpm_250/0670000'
Traceback (most recent call last):
  File "/weka/s224075134/temporal_diffusion/video-diffusion-model-v2/tools/my_cal_metrics_for_dataset.py", line 185, in <module>
    num_frames = get_num_frames(args.fake_data_path)
                 ^^^^^^^^^^^^^^^^^^^^^^^^^^^^^^^^^^^
  File "/weka/s224075134/temporal_diffusion/video-diffusion-model-v2/tools/my_cal_metrics_for_dataset.py", line 158, in get_num_frames
    video_files = [f for f in os.listdir(video_dir) if f.endswith(('.mp4', '.avi', '.mov', '.mkv'))]
                              ^^^^^^^^^^^^^^^^^^^^^
FileNotFoundError: [Errno 2] No such file or directory: 'generation/ucf101_img256/000-FusedMatLatteIMG-XL-128-512-2-concat-F16S3-ucf101_img256-ImageNetPretrained-Compile-Amp-loadpixel/ddpm_250/0670000'
Traceback (most recent call last):
  File "/weka/s224075134/temporal_diffusion/video-diffusion-model-v2/tools/my_cal_metrics_for_dataset.py", line 185, in <module>
    num_frames = get_num_frames(args.fake_data_path)
                 ^^^^^^^^^^^^^^^^^^^^^^^^^^^^^^^^^^^
  File "/weka/s224075134/temporal_diffusion/video-diffusion-model-v2/tools/my_cal_metrics_for_dataset.py", line 158, in get_num_frames
    video_files = [f for f in os.listdir(video_dir) if f.endswith(('.mp4', '.avi', '.mov', '.mkv'))]
                              ^^^^^^^^^^^^^^^^^^^^^
FileNotFoundError: [Errno 2] No such file or directory: 'generation/ucf101_img256/000-FusedMatLatteIMG-XL-128-512-2-concat-F16S3-ucf101_img256-ImageNetPretrained-Compile-Amp-loadpixel/ddpm_250/0670000'
Traceback (most recent call last):
  File "/weka/s224075134/temporal_diffusion/video-diffusion-model-v2/tools/my_cal_metrics_for_dataset.py", line 185, in <module>
    num_frames = get_num_frames(args.fake_data_path)
                 ^^^^^^^^^^^^^^^^^^^^^^^^^^^^^^^^^^^
  File "/weka/s224075134/temporal_diffusion/video-diffusion-model-v2/tools/my_cal_metrics_for_dataset.py", line 158, in get_num_frames
    video_files = [f for f in os.listdir(video_dir) if f.endswith(('.mp4', '.avi', '.mov', '.mkv'))]
                              ^^^^^^^^^^^^^^^^^^^^^
FileNotFoundError: [Errno 2] No such file or directory: 'generation/ucf101_img256/000-FusedMatLatteIMG-XL-128-512-2-concat-F16S3-ucf101_img256-ImageNetPretrained-Compile-Amp-loadpixel/ddpm_250/0670000'
Traceback (most recent call last):
  File "/weka/s224075134/temporal_diffusion/video-diffusion-model-v2/tools/my_cal_metrics_for_dataset.py", line 185, in <module>
    num_frames = get_num_frames(args.fake_data_path)
                 ^^^^^^^^^^^^^^^^^^^^^^^^^^^^^^^^^^^
  File "/weka/s224075134/temporal_diffusion/video-diffusion-model-v2/tools/my_cal_metrics_for_dataset.py", line 158, in get_num_frames
    video_files = [f for f in os.listdir(video_dir) if f.endswith(('.mp4', '.avi', '.mov', '.mkv'))]
                              ^^^^^^^^^^^^^^^^^^^^^
FileNotFoundError: [Errno 2] No such file or directory: 'generation/ucf101_img256/000-FusedMatLatteIMG-XL-128-512-2-concat-F16S3-ucf101_img256-ImageNetPretrained-Compile-Amp-loadpixel/ddpm_250/0670000'
Traceback (most recent call last):
  File "/weka/s224075134/temporal_diffusion/video-diffusion-model-v2/tools/my_cal_metrics_for_dataset.py", line 185, in <module>
    num_frames = get_num_frames(args.fake_data_path)
                 ^^^^^^^^^^^^^^^^^^^^^^^^^^^^^^^^^^^
  File "/weka/s224075134/temporal_diffusion/video-diffusion-model-v2/tools/my_cal_metrics_for_dataset.py", line 158, in get_num_frames
    video_files = [f for f in os.listdir(video_dir) if f.endswith(('.mp4', '.avi', '.mov', '.mkv'))]
                              ^^^^^^^^^^^^^^^^^^^^^
FileNotFoundError: [Errno 2] No such file or directory: 'generation/ucf101_img256/000-FusedMatLatteIMG-XL-128-512-2-concat-F16S3-ucf101_img256-ImageNetPretrained-Compile-Amp-loadpixel/ddpm_250/0670000'
Traceback (most recent call last):
  File "/weka/s224075134/temporal_diffusion/video-diffusion-model-v2/tools/my_cal_metrics_for_dataset.py", line 185, in <module>
    num_frames = get_num_frames(args.fake_data_path)
                 ^^^^^^^^^^^^^^^^^^^^^^^^^^^^^^^^^^^
  File "/weka/s224075134/temporal_diffusion/video-diffusion-model-v2/tools/my_cal_metrics_for_dataset.py", line 158, in get_num_frames
    video_files = [f for f in os.listdir(video_dir) if f.endswith(('.mp4', '.avi', '.mov', '.mkv'))]
                              ^^^^^^^^^^^^^^^^^^^^^
FileNotFoundError: [Errno 2] No such file or directory: 'generation/ucf101_img256/000-FusedMatLatteIMG-XL-128-512-2-concat-F16S3-ucf101_img256-ImageNetPretrained-Compile-Amp-loadpixel/ddpm_250/0670000'
Traceback (most recent call last):
  File "/weka/s224075134/temporal_diffusion/video-diffusion-model-v2/tools/my_cal_metrics_for_dataset.py", line 185, in <module>
    num_frames = get_num_frames(args.fake_data_path)
                 ^^^^^^^^^^^^^^^^^^^^^^^^^^^^^^^^^^^
  File "/weka/s224075134/temporal_diffusion/video-diffusion-model-v2/tools/my_cal_metrics_for_dataset.py", line 158, in get_num_frames
    video_files = [f for f in os.listdir(video_dir) if f.endswith(('.mp4', '.avi', '.mov', '.mkv'))]
                              ^^^^^^^^^^^^^^^^^^^^^
FileNotFoundError: [Errno 2] No such file or directory: 'generation/ucf101_img256/000-FusedMatLatteIMG-XL-128-512-2-concat-F16S3-ucf101_img256-ImageNetPretrained-Compile-Amp-loadpixel/ddpm_250/0670000'
Traceback (most recent call last):
  File "/weka/s224075134/temporal_diffusion/video-diffusion-model-v2/tools/my_cal_metrics_for_dataset.py", line 185, in <module>
    num_frames = get_num_frames(args.fake_data_path)
                 ^^^^^^^^^^^^^^^^^^^^^^^^^^^^^^^^^^^
  File "/weka/s224075134/temporal_diffusion/video-diffusion-model-v2/tools/my_cal_metrics_for_dataset.py", line 158, in get_num_frames
    video_files = [f for f in os.listdir(video_dir) if f.endswith(('.mp4', '.avi', '.mov', '.mkv'))]
                              ^^^^^^^^^^^^^^^^^^^^^
FileNotFoundError: [Errno 2] No such file or directory: 'generation/ucf101_img256/000-FusedMatLatteIMG-XL-128-512-2-concat-F16S3-ucf101_img256-ImageNetPretrained-Compile-Amp-loadpixel/ddpm_250/0670000'
Traceback (most recent call last):
  File "/weka/s224075134/temporal_diffusion/video-diffusion-model-v2/tools/my_cal_metrics_for_dataset.py", line 185, in <module>
    num_frames = get_num_frames(args.fake_data_path)
                 ^^^^^^^^^^^^^^^^^^^^^^^^^^^^^^^^^^^
  File "/weka/s224075134/temporal_diffusion/video-diffusion-model-v2/tools/my_cal_metrics_for_dataset.py", line 158, in get_num_frames
    video_files = [f for f in os.listdir(video_dir) if f.endswith(('.mp4', '.avi', '.mov', '.mkv'))]
                              ^^^^^^^^^^^^^^^^^^^^^
FileNotFoundError: [Errno 2] No such file or directory: 'generation/ucf101_img256/000-FusedMatLatteIMG-XL-128-512-2-concat-F16S3-ucf101_img256-ImageNetPretrained-Compile-Amp-loadpixel/ddpm_250/0670000'
Traceback (most recent call last):
  File "/weka/s224075134/temporal_diffusion/video-diffusion-model-v2/tools/my_cal_metrics_for_dataset.py", line 185, in <module>
    num_frames = get_num_frames(args.fake_data_path)
                 ^^^^^^^^^^^^^^^^^^^^^^^^^^^^^^^^^^^
  File "/weka/s224075134/temporal_diffusion/video-diffusion-model-v2/tools/my_cal_metrics_for_dataset.py", line 158, in get_num_frames
    video_files = [f for f in os.listdir(video_dir) if f.endswith(('.mp4', '.avi', '.mov', '.mkv'))]
                              ^^^^^^^^^^^^^^^^^^^^^
FileNotFoundError: [Errno 2] No such file or directory: 'generation/ucf101_img256/000-FusedMatLatteIMG-XL-128-512-2-concat-F16S3-ucf101_img256-ImageNetPretrained-Compile-Amp-loadpixel/ddpm_250/0670000'
Traceback (most recent call last):
  File "/weka/s224075134/temporal_diffusion/video-diffusion-model-v2/tools/my_cal_metrics_for_dataset.py", line 185, in <module>
    num_frames = get_num_frames(args.fake_data_path)
                 ^^^^^^^^^^^^^^^^^^^^^^^^^^^^^^^^^^^
  File "/weka/s224075134/temporal_diffusion/video-diffusion-model-v2/tools/my_cal_metrics_for_dataset.py", line 158, in get_num_frames
    video_files = [f for f in os.listdir(video_dir) if f.endswith(('.mp4', '.avi', '.mov', '.mkv'))]
                              ^^^^^^^^^^^^^^^^^^^^^
FileNotFoundError: [Errno 2] No such file or directory: 'generation/ucf101_img256/000-FusedMatLatteIMG-XL-128-512-2-concat-F16S3-ucf101_img256-ImageNetPretrained-Compile-Amp-loadpixel/ddpm_250/0670000'
Traceback (most recent call last):
  File "/weka/s224075134/temporal_diffusion/video-diffusion-model-v2/tools/my_cal_metrics_for_dataset.py", line 185, in <module>
    num_frames = get_num_frames(args.fake_data_path)
                 ^^^^^^^^^^^^^^^^^^^^^^^^^^^^^^^^^^^
  File "/weka/s224075134/temporal_diffusion/video-diffusion-model-v2/tools/my_cal_metrics_for_dataset.py", line 158, in get_num_frames
    video_files = [f for f in os.listdir(video_dir) if f.endswith(('.mp4', '.avi', '.mov', '.mkv'))]
                              ^^^^^^^^^^^^^^^^^^^^^
FileNotFoundError: [Errno 2] No such file or directory: 'generation/ucf101_img256/000-FusedMatLatteIMG-XL-128-512-2-concat-F16S3-ucf101_img256-ImageNetPretrained-Compile-Amp-loadpixel/ddpm_250/0670000'
Traceback (most recent call last):
  File "/weka/s224075134/temporal_diffusion/video-diffusion-model-v2/tools/my_cal_metrics_for_dataset.py", line 185, in <module>
    num_frames = get_num_frames(args.fake_data_path)
                 ^^^^^^^^^^^^^^^^^^^^^^^^^^^^^^^^^^^
  File "/weka/s224075134/temporal_diffusion/video-diffusion-model-v2/tools/my_cal_metrics_for_dataset.py", line 158, in get_num_frames
    video_files = [f for f in os.listdir(video_dir) if f.endswith(('.mp4', '.avi', '.mov', '.mkv'))]
                              ^^^^^^^^^^^^^^^^^^^^^
FileNotFoundError: [Errno 2] No such file or directory: 'generation/ucf101_img256/000-FusedMatLatteIMG-XL-128-512-2-concat-F16S3-ucf101_img256-ImageNetPretrained-Compile-Amp-loadpixel/ddpm_250/0670000'
Traceback (most recent call last):
  File "/weka/s224075134/temporal_diffusion/video-diffusion-model-v2/tools/my_cal_metrics_for_dataset.py", line 185, in <module>
    num_frames = get_num_frames(args.fake_data_path)
                 ^^^^^^^^^^^^^^^^^^^^^^^^^^^^^^^^^^^
  File "/weka/s224075134/temporal_diffusion/video-diffusion-model-v2/tools/my_cal_metrics_for_dataset.py", line 158, in get_num_frames
    video_files = [f for f in os.listdir(video_dir) if f.endswith(('.mp4', '.avi', '.mov', '.mkv'))]
                              ^^^^^^^^^^^^^^^^^^^^^
FileNotFoundError: [Errno 2] No such file or directory: 'generation/ucf101_img256/000-FusedMatLatteIMG-XL-128-512-2-concat-F16S3-ucf101_img256-ImageNetPretrained-Compile-Amp-loadpixel/ddpm_250/0670000'
Traceback (most recent call last):
  File "/weka/s224075134/temporal_diffusion/video-diffusion-model-v2/tools/my_cal_metrics_for_dataset.py", line 185, in <module>
    num_frames = get_num_frames(args.fake_data_path)
                 ^^^^^^^^^^^^^^^^^^^^^^^^^^^^^^^^^^^
  File "/weka/s224075134/temporal_diffusion/video-diffusion-model-v2/tools/my_cal_metrics_for_dataset.py", line 158, in get_num_frames
    video_files = [f for f in os.listdir(video_dir) if f.endswith(('.mp4', '.avi', '.mov', '.mkv'))]
                              ^^^^^^^^^^^^^^^^^^^^^
FileNotFoundError: [Errno 2] No such file or directory: 'generation/ucf101_img256/000-FusedMatLatteIMG-XL-128-512-2-concat-F16S3-ucf101_img256-ImageNetPretrained-Compile-Amp-loadpixel/ddpm_250/0670000'
Traceback (most recent call last):
  File "/weka/s224075134/temporal_diffusion/video-diffusion-model-v2/tools/my_cal_metrics_for_dataset.py", line 185, in <module>
    num_frames = get_num_frames(args.fake_data_path)
                 ^^^^^^^^^^^^^^^^^^^^^^^^^^^^^^^^^^^
  File "/weka/s224075134/temporal_diffusion/video-diffusion-model-v2/tools/my_cal_metrics_for_dataset.py", line 158, in get_num_frames
    video_files = [f for f in os.listdir(video_dir) if f.endswith(('.mp4', '.avi', '.mov', '.mkv'))]
                              ^^^^^^^^^^^^^^^^^^^^^
FileNotFoundError: [Errno 2] No such file or directory: 'generation/ucf101_img256/000-FusedMatLatteIMG-XL-128-512-2-concat-F16S3-ucf101_img256-ImageNetPretrained-Compile-Amp-loadpixel/ddpm_250/0670000'
Traceback (most recent call last):
  File "/weka/s224075134/temporal_diffusion/video-diffusion-model-v2/tools/my_cal_metrics_for_dataset.py", line 185, in <module>
    num_frames = get_num_frames(args.fake_data_path)
                 ^^^^^^^^^^^^^^^^^^^^^^^^^^^^^^^^^^^
  File "/weka/s224075134/temporal_diffusion/video-diffusion-model-v2/tools/my_cal_metrics_for_dataset.py", line 158, in get_num_frames
    video_files = [f for f in os.listdir(video_dir) if f.endswith(('.mp4', '.avi', '.mov', '.mkv'))]
                              ^^^^^^^^^^^^^^^^^^^^^
FileNotFoundError: [Errno 2] No such file or directory: 'generation/ucf101_img256/000-FusedMatLatteIMG-XL-128-512-2-concat-F16S3-ucf101_img256-ImageNetPretrained-Compile-Amp-loadpixel/ddpm_250/0670000'
Traceback (most recent call last):
  File "/weka/s224075134/temporal_diffusion/video-diffusion-model-v2/tools/my_cal_metrics_for_dataset.py", line 185, in <module>
    num_frames = get_num_frames(args.fake_data_path)
                 ^^^^^^^^^^^^^^^^^^^^^^^^^^^^^^^^^^^
  File "/weka/s224075134/temporal_diffusion/video-diffusion-model-v2/tools/my_cal_metrics_for_dataset.py", line 158, in get_num_frames
    video_files = [f for f in os.listdir(video_dir) if f.endswith(('.mp4', '.avi', '.mov', '.mkv'))]
                              ^^^^^^^^^^^^^^^^^^^^^
FileNotFoundError: [Errno 2] No such file or directory: 'generation/ucf101_img256/000-FusedMatLatteIMG-XL-128-512-2-concat-F16S3-ucf101_img256-ImageNetPretrained-Compile-Amp-loadpixel/ddpm_250/0670000'
Traceback (most recent call last):
  File "/weka/s224075134/temporal_diffusion/video-diffusion-model-v2/tools/my_cal_metrics_for_dataset.py", line 185, in <module>
    num_frames = get_num_frames(args.fake_data_path)
                 ^^^^^^^^^^^^^^^^^^^^^^^^^^^^^^^^^^^
  File "/weka/s224075134/temporal_diffusion/video-diffusion-model-v2/tools/my_cal_metrics_for_dataset.py", line 158, in get_num_frames
    video_files = [f for f in os.listdir(video_dir) if f.endswith(('.mp4', '.avi', '.mov', '.mkv'))]
                              ^^^^^^^^^^^^^^^^^^^^^
FileNotFoundError: [Errno 2] No such file or directory: 'generation/ucf101_img256/000-FusedMatLatteIMG-XL-128-512-2-concat-F16S3-ucf101_img256-ImageNetPretrained-Compile-Amp-loadpixel/ddpm_250/0670000'
Traceback (most recent call last):
  File "/weka/s224075134/temporal_diffusion/video-diffusion-model-v2/tools/my_cal_metrics_for_dataset.py", line 185, in <module>
    num_frames = get_num_frames(args.fake_data_path)
                 ^^^^^^^^^^^^^^^^^^^^^^^^^^^^^^^^^^^
  File "/weka/s224075134/temporal_diffusion/video-diffusion-model-v2/tools/my_cal_metrics_for_dataset.py", line 158, in get_num_frames
    video_files = [f for f in os.listdir(video_dir) if f.endswith(('.mp4', '.avi', '.mov', '.mkv'))]
                              ^^^^^^^^^^^^^^^^^^^^^
FileNotFoundError: [Errno 2] No such file or directory: 'generation/ucf101_img256/000-FusedMatLatteIMG-XL-128-512-2-concat-F16S3-ucf101_img256-ImageNetPretrained-Compile-Amp-loadpixel/ddpm_250/0670000'
Traceback (most recent call last):
  File "/weka/s224075134/temporal_diffusion/video-diffusion-model-v2/tools/my_cal_metrics_for_dataset.py", line 185, in <module>
    num_frames = get_num_frames(args.fake_data_path)
                 ^^^^^^^^^^^^^^^^^^^^^^^^^^^^^^^^^^^
  File "/weka/s224075134/temporal_diffusion/video-diffusion-model-v2/tools/my_cal_metrics_for_dataset.py", line 158, in get_num_frames
    video_files = [f for f in os.listdir(video_dir) if f.endswith(('.mp4', '.avi', '.mov', '.mkv'))]
                              ^^^^^^^^^^^^^^^^^^^^^
FileNotFoundError: [Errno 2] No such file or directory: 'generation/ucf101_img256/000-FusedMatLatteIMG-XL-128-512-2-concat-F16S3-ucf101_img256-ImageNetPretrained-Compile-Amp-loadpixel/ddpm_250/0670000'
Traceback (most recent call last):
  File "/weka/s224075134/temporal_diffusion/video-diffusion-model-v2/tools/my_cal_metrics_for_dataset.py", line 185, in <module>
    num_frames = get_num_frames(args.fake_data_path)
                 ^^^^^^^^^^^^^^^^^^^^^^^^^^^^^^^^^^^
  File "/weka/s224075134/temporal_diffusion/video-diffusion-model-v2/tools/my_cal_metrics_for_dataset.py", line 158, in get_num_frames
    video_files = [f for f in os.listdir(video_dir) if f.endswith(('.mp4', '.avi', '.mov', '.mkv'))]
                              ^^^^^^^^^^^^^^^^^^^^^
FileNotFoundError: [Errno 2] No such file or directory: 'generation/ucf101_img256/000-FusedMatLatteIMG-XL-128-512-2-concat-F16S3-ucf101_img256-ImageNetPretrained-Compile-Amp-loadpixel/ddpm_250/0670000'
Traceback (most recent call last):
  File "/weka/s224075134/temporal_diffusion/video-diffusion-model-v2/tools/my_cal_metrics_for_dataset.py", line 185, in <module>
    num_frames = get_num_frames(args.fake_data_path)
                 ^^^^^^^^^^^^^^^^^^^^^^^^^^^^^^^^^^^
  File "/weka/s224075134/temporal_diffusion/video-diffusion-model-v2/tools/my_cal_metrics_for_dataset.py", line 158, in get_num_frames
    video_files = [f for f in os.listdir(video_dir) if f.endswith(('.mp4', '.avi', '.mov', '.mkv'))]
                              ^^^^^^^^^^^^^^^^^^^^^
FileNotFoundError: [Errno 2] No such file or directory: 'generation/ucf101_img256/000-FusedMatLatteIMG-XL-128-512-2-concat-F16S3-ucf101_img256-ImageNetPretrained-Compile-Amp-loadpixel/ddpm_250/0670000'
Traceback (most recent call last):
  File "/weka/s224075134/temporal_diffusion/video-diffusion-model-v2/tools/my_cal_metrics_for_dataset.py", line 185, in <module>
    num_frames = get_num_frames(args.fake_data_path)
                 ^^^^^^^^^^^^^^^^^^^^^^^^^^^^^^^^^^^
  File "/weka/s224075134/temporal_diffusion/video-diffusion-model-v2/tools/my_cal_metrics_for_dataset.py", line 158, in get_num_frames
    video_files = [f for f in os.listdir(video_dir) if f.endswith(('.mp4', '.avi', '.mov', '.mkv'))]
                              ^^^^^^^^^^^^^^^^^^^^^
FileNotFoundError: [Errno 2] No such file or directory: 'generation/ucf101_img256/000-FusedMatLatteIMG-XL-128-512-2-concat-F16S3-ucf101_img256-ImageNetPretrained-Compile-Amp-loadpixel/ddpm_250/0670000'
Traceback (most recent call last):
  File "/weka/s224075134/temporal_diffusion/video-diffusion-model-v2/tools/my_cal_metrics_for_dataset.py", line 185, in <module>
    num_frames = get_num_frames(args.fake_data_path)
                 ^^^^^^^^^^^^^^^^^^^^^^^^^^^^^^^^^^^
  File "/weka/s224075134/temporal_diffusion/video-diffusion-model-v2/tools/my_cal_metrics_for_dataset.py", line 158, in get_num_frames
    video_files = [f for f in os.listdir(video_dir) if f.endswith(('.mp4', '.avi', '.mov', '.mkv'))]
                              ^^^^^^^^^^^^^^^^^^^^^
FileNotFoundError: [Errno 2] No such file or directory: 'generation/ucf101_img256/000-FusedMatLatteIMG-XL-128-512-2-concat-F16S3-ucf101_img256-ImageNetPretrained-Compile-Amp-loadpixel/ddpm_250/0670000'
Traceback (most recent call last):
  File "/weka/s224075134/temporal_diffusion/video-diffusion-model-v2/tools/my_cal_metrics_for_dataset.py", line 185, in <module>
    num_frames = get_num_frames(args.fake_data_path)
                 ^^^^^^^^^^^^^^^^^^^^^^^^^^^^^^^^^^^
  File "/weka/s224075134/temporal_diffusion/video-diffusion-model-v2/tools/my_cal_metrics_for_dataset.py", line 158, in get_num_frames
    video_files = [f for f in os.listdir(video_dir) if f.endswith(('.mp4', '.avi', '.mov', '.mkv'))]
                              ^^^^^^^^^^^^^^^^^^^^^
FileNotFoundError: [Errno 2] No such file or directory: 'generation/ucf101_img256/000-FusedMatLatteIMG-XL-128-512-2-concat-F16S3-ucf101_img256-ImageNetPretrained-Compile-Amp-loadpixel/ddpm_250/0670000'
Traceback (most recent call last):
  File "/weka/s224075134/temporal_diffusion/video-diffusion-model-v2/tools/my_cal_metrics_for_dataset.py", line 185, in <module>
    num_frames = get_num_frames(args.fake_data_path)
                 ^^^^^^^^^^^^^^^^^^^^^^^^^^^^^^^^^^^
  File "/weka/s224075134/temporal_diffusion/video-diffusion-model-v2/tools/my_cal_metrics_for_dataset.py", line 158, in get_num_frames
    video_files = [f for f in os.listdir(video_dir) if f.endswith(('.mp4', '.avi', '.mov', '.mkv'))]
                              ^^^^^^^^^^^^^^^^^^^^^
FileNotFoundError: [Errno 2] No such file or directory: 'generation/ucf101_img256/000-FusedMatLatteIMG-XL-128-512-2-concat-F16S3-ucf101_img256-ImageNetPretrained-Compile-Amp-loadpixel/ddpm_250/0670000'
Traceback (most recent call last):
  File "/weka/s224075134/temporal_diffusion/video-diffusion-model-v2/tools/my_cal_metrics_for_dataset.py", line 185, in <module>
    num_frames = get_num_frames(args.fake_data_path)
                 ^^^^^^^^^^^^^^^^^^^^^^^^^^^^^^^^^^^
  File "/weka/s224075134/temporal_diffusion/video-diffusion-model-v2/tools/my_cal_metrics_for_dataset.py", line 158, in get_num_frames
    video_files = [f for f in os.listdir(video_dir) if f.endswith(('.mp4', '.avi', '.mov', '.mkv'))]
                              ^^^^^^^^^^^^^^^^^^^^^
FileNotFoundError: [Errno 2] No such file or directory: 'generation/ucf101_img256/000-FusedMatLatteIMG-XL-128-512-2-concat-F16S3-ucf101_img256-ImageNetPretrained-Compile-Amp-loadpixel/ddpm_250/0670000'
Traceback (most recent call last):
  File "/weka/s224075134/temporal_diffusion/video-diffusion-model-v2/tools/my_cal_metrics_for_dataset.py", line 185, in <module>
    num_frames = get_num_frames(args.fake_data_path)
                 ^^^^^^^^^^^^^^^^^^^^^^^^^^^^^^^^^^^
  File "/weka/s224075134/temporal_diffusion/video-diffusion-model-v2/tools/my_cal_metrics_for_dataset.py", line 158, in get_num_frames
    video_files = [f for f in os.listdir(video_dir) if f.endswith(('.mp4', '.avi', '.mov', '.mkv'))]
                              ^^^^^^^^^^^^^^^^^^^^^
FileNotFoundError: [Errno 2] No such file or directory: 'generation/ucf101_img256/000-FusedMatLatteIMG-XL-128-512-2-concat-F16S3-ucf101_img256-ImageNetPretrained-Compile-Amp-loadpixel/ddpm_250/0670000'
Traceback (most recent call last):
  File "/weka/s224075134/temporal_diffusion/video-diffusion-model-v2/tools/my_cal_metrics_for_dataset.py", line 185, in <module>
    num_frames = get_num_frames(args.fake_data_path)
                 ^^^^^^^^^^^^^^^^^^^^^^^^^^^^^^^^^^^
  File "/weka/s224075134/temporal_diffusion/video-diffusion-model-v2/tools/my_cal_metrics_for_dataset.py", line 158, in get_num_frames
    video_files = [f for f in os.listdir(video_dir) if f.endswith(('.mp4', '.avi', '.mov', '.mkv'))]
                              ^^^^^^^^^^^^^^^^^^^^^
FileNotFoundError: [Errno 2] No such file or directory: 'generation/ucf101_img256/000-FusedMatLatteIMG-XL-128-512-2-concat-F16S3-ucf101_img256-ImageNetPretrained-Compile-Amp-loadpixel/ddpm_250/0670000'
Traceback (most recent call last):
  File "/weka/s224075134/temporal_diffusion/video-diffusion-model-v2/tools/my_cal_metrics_for_dataset.py", line 185, in <module>
    num_frames = get_num_frames(args.fake_data_path)
                 ^^^^^^^^^^^^^^^^^^^^^^^^^^^^^^^^^^^
  File "/weka/s224075134/temporal_diffusion/video-diffusion-model-v2/tools/my_cal_metrics_for_dataset.py", line 158, in get_num_frames
    video_files = [f for f in os.listdir(video_dir) if f.endswith(('.mp4', '.avi', '.mov', '.mkv'))]
                              ^^^^^^^^^^^^^^^^^^^^^
FileNotFoundError: [Errno 2] No such file or directory: 'generation/ucf101_img256/000-FusedMatLatteIMG-XL-128-512-2-concat-F16S3-ucf101_img256-ImageNetPretrained-Compile-Amp-loadpixel/ddpm_250/0670000'
Traceback (most recent call last):
  File "/weka/s224075134/temporal_diffusion/video-diffusion-model-v2/tools/my_cal_metrics_for_dataset.py", line 185, in <module>
    num_frames = get_num_frames(args.fake_data_path)
                 ^^^^^^^^^^^^^^^^^^^^^^^^^^^^^^^^^^^
  File "/weka/s224075134/temporal_diffusion/video-diffusion-model-v2/tools/my_cal_metrics_for_dataset.py", line 158, in get_num_frames
    video_files = [f for f in os.listdir(video_dir) if f.endswith(('.mp4', '.avi', '.mov', '.mkv'))]
                              ^^^^^^^^^^^^^^^^^^^^^
FileNotFoundError: [Errno 2] No such file or directory: 'generation/ucf101_img256/000-FusedMatLatteIMG-XL-128-512-2-concat-F16S3-ucf101_img256-ImageNetPretrained-Compile-Amp-loadpixel/ddpm_250/0670000'
Traceback (most recent call last):
  File "/weka/s224075134/temporal_diffusion/video-diffusion-model-v2/tools/my_cal_metrics_for_dataset.py", line 185, in <module>
    num_frames = get_num_frames(args.fake_data_path)
                 ^^^^^^^^^^^^^^^^^^^^^^^^^^^^^^^^^^^
  File "/weka/s224075134/temporal_diffusion/video-diffusion-model-v2/tools/my_cal_metrics_for_dataset.py", line 158, in get_num_frames
    video_files = [f for f in os.listdir(video_dir) if f.endswith(('.mp4', '.avi', '.mov', '.mkv'))]
                              ^^^^^^^^^^^^^^^^^^^^^
FileNotFoundError: [Errno 2] No such file or directory: 'generation/ucf101_img256/000-FusedMatLatteIMG-XL-128-512-2-concat-F16S3-ucf101_img256-ImageNetPretrained-Compile-Amp-loadpixel/ddpm_250/0670000'
Traceback (most recent call last):
  File "/weka/s224075134/temporal_diffusion/video-diffusion-model-v2/tools/my_cal_metrics_for_dataset.py", line 185, in <module>
    num_frames = get_num_frames(args.fake_data_path)
                 ^^^^^^^^^^^^^^^^^^^^^^^^^^^^^^^^^^^
  File "/weka/s224075134/temporal_diffusion/video-diffusion-model-v2/tools/my_cal_metrics_for_dataset.py", line 158, in get_num_frames
    video_files = [f for f in os.listdir(video_dir) if f.endswith(('.mp4', '.avi', '.mov', '.mkv'))]
                              ^^^^^^^^^^^^^^^^^^^^^
FileNotFoundError: [Errno 2] No such file or directory: 'generation/ucf101_img256/000-FusedMatLatteIMG-XL-128-512-2-concat-F16S3-ucf101_img256-ImageNetPretrained-Compile-Amp-loadpixel/ddpm_250/0670000'
Traceback (most recent call last):
  File "/weka/s224075134/temporal_diffusion/video-diffusion-model-v2/tools/my_cal_metrics_for_dataset.py", line 185, in <module>
    num_frames = get_num_frames(args.fake_data_path)
                 ^^^^^^^^^^^^^^^^^^^^^^^^^^^^^^^^^^^
  File "/weka/s224075134/temporal_diffusion/video-diffusion-model-v2/tools/my_cal_metrics_for_dataset.py", line 158, in get_num_frames
    video_files = [f for f in os.listdir(video_dir) if f.endswith(('.mp4', '.avi', '.mov', '.mkv'))]
                              ^^^^^^^^^^^^^^^^^^^^^
FileNotFoundError: [Errno 2] No such file or directory: 'generation/ucf101_img256/000-FusedMatLatteIMG-XL-128-512-2-concat-F16S3-ucf101_img256-ImageNetPretrained-Compile-Amp-loadpixel/ddpm_250/0670000'
Traceback (most recent call last):
  File "/weka/s224075134/temporal_diffusion/video-diffusion-model-v2/tools/my_cal_metrics_for_dataset.py", line 185, in <module>
    num_frames = get_num_frames(args.fake_data_path)
                 ^^^^^^^^^^^^^^^^^^^^^^^^^^^^^^^^^^^
  File "/weka/s224075134/temporal_diffusion/video-diffusion-model-v2/tools/my_cal_metrics_for_dataset.py", line 158, in get_num_frames
    video_files = [f for f in os.listdir(video_dir) if f.endswith(('.mp4', '.avi', '.mov', '.mkv'))]
                              ^^^^^^^^^^^^^^^^^^^^^
FileNotFoundError: [Errno 2] No such file or directory: 'generation/ucf101_img256/000-FusedMatLatteIMG-XL-128-512-2-concat-F16S3-ucf101_img256-ImageNetPretrained-Compile-Amp-loadpixel/ddpm_250/0670000'
Traceback (most recent call last):
  File "/weka/s224075134/temporal_diffusion/video-diffusion-model-v2/tools/my_cal_metrics_for_dataset.py", line 185, in <module>
    num_frames = get_num_frames(args.fake_data_path)
                 ^^^^^^^^^^^^^^^^^^^^^^^^^^^^^^^^^^^
  File "/weka/s224075134/temporal_diffusion/video-diffusion-model-v2/tools/my_cal_metrics_for_dataset.py", line 158, in get_num_frames
    video_files = [f for f in os.listdir(video_dir) if f.endswith(('.mp4', '.avi', '.mov', '.mkv'))]
                              ^^^^^^^^^^^^^^^^^^^^^
FileNotFoundError: [Errno 2] No such file or directory: 'generation/ucf101_img256/000-FusedMatLatteIMG-XL-128-512-2-concat-F16S3-ucf101_img256-ImageNetPretrained-Compile-Amp-loadpixel/ddpm_250/0670000'
Traceback (most recent call last):
  File "/weka/s224075134/temporal_diffusion/video-diffusion-model-v2/tools/my_cal_metrics_for_dataset.py", line 185, in <module>
    num_frames = get_num_frames(args.fake_data_path)
                 ^^^^^^^^^^^^^^^^^^^^^^^^^^^^^^^^^^^
  File "/weka/s224075134/temporal_diffusion/video-diffusion-model-v2/tools/my_cal_metrics_for_dataset.py", line 158, in get_num_frames
    video_files = [f for f in os.listdir(video_dir) if f.endswith(('.mp4', '.avi', '.mov', '.mkv'))]
                              ^^^^^^^^^^^^^^^^^^^^^
FileNotFoundError: [Errno 2] No such file or directory: 'generation/ucf101_img256/000-FusedMatLatteIMG-XL-128-512-2-concat-F16S3-ucf101_img256-ImageNetPretrained-Compile-Amp-loadpixel/ddpm_250/0670000'
Traceback (most recent call last):
  File "/weka/s224075134/temporal_diffusion/video-diffusion-model-v2/tools/my_cal_metrics_for_dataset.py", line 185, in <module>
    num_frames = get_num_frames(args.fake_data_path)
                 ^^^^^^^^^^^^^^^^^^^^^^^^^^^^^^^^^^^
  File "/weka/s224075134/temporal_diffusion/video-diffusion-model-v2/tools/my_cal_metrics_for_dataset.py", line 158, in get_num_frames
    video_files = [f for f in os.listdir(video_dir) if f.endswith(('.mp4', '.avi', '.mov', '.mkv'))]
                              ^^^^^^^^^^^^^^^^^^^^^
FileNotFoundError: [Errno 2] No such file or directory: 'generation/ucf101_img256/000-FusedMatLatteIMG-XL-128-512-2-concat-F16S3-ucf101_img256-ImageNetPretrained-Compile-Amp-loadpixel/ddpm_250/0670000'
Traceback (most recent call last):
  File "/weka/s224075134/temporal_diffusion/video-diffusion-model-v2/tools/my_cal_metrics_for_dataset.py", line 185, in <module>
    num_frames = get_num_frames(args.fake_data_path)
                 ^^^^^^^^^^^^^^^^^^^^^^^^^^^^^^^^^^^
  File "/weka/s224075134/temporal_diffusion/video-diffusion-model-v2/tools/my_cal_metrics_for_dataset.py", line 158, in get_num_frames
    video_files = [f for f in os.listdir(video_dir) if f.endswith(('.mp4', '.avi', '.mov', '.mkv'))]
                              ^^^^^^^^^^^^^^^^^^^^^
FileNotFoundError: [Errno 2] No such file or directory: 'generation/ucf101_img256/000-FusedMatLatteIMG-XL-128-512-2-concat-F16S3-ucf101_img256-ImageNetPretrained-Compile-Amp-loadpixel/ddpm_250/0670000'
Traceback (most recent call last):
  File "/weka/s224075134/temporal_diffusion/video-diffusion-model-v2/tools/my_cal_metrics_for_dataset.py", line 185, in <module>
    num_frames = get_num_frames(args.fake_data_path)
                 ^^^^^^^^^^^^^^^^^^^^^^^^^^^^^^^^^^^
  File "/weka/s224075134/temporal_diffusion/video-diffusion-model-v2/tools/my_cal_metrics_for_dataset.py", line 158, in get_num_frames
    video_files = [f for f in os.listdir(video_dir) if f.endswith(('.mp4', '.avi', '.mov', '.mkv'))]
                              ^^^^^^^^^^^^^^^^^^^^^
FileNotFoundError: [Errno 2] No such file or directory: 'generation/ucf101_img256/000-FusedMatLatteIMG-XL-128-512-2-concat-F16S3-ucf101_img256-ImageNetPretrained-Compile-Amp-loadpixel/ddpm_250/0670000'
Traceback (most recent call last):
  File "/weka/s224075134/temporal_diffusion/video-diffusion-model-v2/tools/my_cal_metrics_for_dataset.py", line 185, in <module>
    num_frames = get_num_frames(args.fake_data_path)
                 ^^^^^^^^^^^^^^^^^^^^^^^^^^^^^^^^^^^
  File "/weka/s224075134/temporal_diffusion/video-diffusion-model-v2/tools/my_cal_metrics_for_dataset.py", line 158, in get_num_frames
    video_files = [f for f in os.listdir(video_dir) if f.endswith(('.mp4', '.avi', '.mov', '.mkv'))]
                              ^^^^^^^^^^^^^^^^^^^^^
FileNotFoundError: [Errno 2] No such file or directory: 'generation/ucf101_img256/000-FusedMatLatteIMG-XL-128-512-2-concat-F16S3-ucf101_img256-ImageNetPretrained-Compile-Amp-loadpixel/ddpm_250/0670000'
Traceback (most recent call last):
  File "/weka/s224075134/temporal_diffusion/video-diffusion-model-v2/tools/my_cal_metrics_for_dataset.py", line 185, in <module>
    num_frames = get_num_frames(args.fake_data_path)
                 ^^^^^^^^^^^^^^^^^^^^^^^^^^^^^^^^^^^
  File "/weka/s224075134/temporal_diffusion/video-diffusion-model-v2/tools/my_cal_metrics_for_dataset.py", line 158, in get_num_frames
    video_files = [f for f in os.listdir(video_dir) if f.endswith(('.mp4', '.avi', '.mov', '.mkv'))]
                              ^^^^^^^^^^^^^^^^^^^^^
FileNotFoundError: [Errno 2] No such file or directory: 'generation/ucf101_img256/000-FusedMatLatteIMG-XL-128-512-2-concat-F16S3-ucf101_img256-ImageNetPretrained-Compile-Amp-loadpixel/ddpm_250/0670000'
Traceback (most recent call last):
  File "/weka/s224075134/temporal_diffusion/video-diffusion-model-v2/tools/my_cal_metrics_for_dataset.py", line 185, in <module>
    num_frames = get_num_frames(args.fake_data_path)
                 ^^^^^^^^^^^^^^^^^^^^^^^^^^^^^^^^^^^
  File "/weka/s224075134/temporal_diffusion/video-diffusion-model-v2/tools/my_cal_metrics_for_dataset.py", line 158, in get_num_frames
    video_files = [f for f in os.listdir(video_dir) if f.endswith(('.mp4', '.avi', '.mov', '.mkv'))]
                              ^^^^^^^^^^^^^^^^^^^^^
FileNotFoundError: [Errno 2] No such file or directory: 'generation/ucf101_img256/000-FusedMatLatteIMG-XL-128-512-2-concat-F16S3-ucf101_img256-ImageNetPretrained-Compile-Amp-loadpixel/ddpm_250/0670000'
Traceback (most recent call last):
  File "/weka/s224075134/temporal_diffusion/video-diffusion-model-v2/tools/my_cal_metrics_for_dataset.py", line 185, in <module>
    num_frames = get_num_frames(args.fake_data_path)
                 ^^^^^^^^^^^^^^^^^^^^^^^^^^^^^^^^^^^
  File "/weka/s224075134/temporal_diffusion/video-diffusion-model-v2/tools/my_cal_metrics_for_dataset.py", line 158, in get_num_frames
    video_files = [f for f in os.listdir(video_dir) if f.endswith(('.mp4', '.avi', '.mov', '.mkv'))]
                              ^^^^^^^^^^^^^^^^^^^^^
FileNotFoundError: [Errno 2] No such file or directory: 'generation/ucf101_img256/000-FusedMatLatteIMG-XL-128-512-2-concat-F16S3-ucf101_img256-ImageNetPretrained-Compile-Amp-loadpixel/ddpm_250/0670000'
Traceback (most recent call last):
  File "/weka/s224075134/temporal_diffusion/video-diffusion-model-v2/tools/my_cal_metrics_for_dataset.py", line 185, in <module>
    num_frames = get_num_frames(args.fake_data_path)
                 ^^^^^^^^^^^^^^^^^^^^^^^^^^^^^^^^^^^
  File "/weka/s224075134/temporal_diffusion/video-diffusion-model-v2/tools/my_cal_metrics_for_dataset.py", line 158, in get_num_frames
    video_files = [f for f in os.listdir(video_dir) if f.endswith(('.mp4', '.avi', '.mov', '.mkv'))]
                              ^^^^^^^^^^^^^^^^^^^^^
FileNotFoundError: [Errno 2] No such file or directory: 'generation/ucf101_img256/000-FusedMatLatteIMG-XL-128-512-2-concat-F16S3-ucf101_img256-ImageNetPretrained-Compile-Amp-loadpixel/ddpm_250/0670000'
Traceback (most recent call last):
  File "/weka/s224075134/temporal_diffusion/video-diffusion-model-v2/tools/my_cal_metrics_for_dataset.py", line 185, in <module>
    num_frames = get_num_frames(args.fake_data_path)
                 ^^^^^^^^^^^^^^^^^^^^^^^^^^^^^^^^^^^
  File "/weka/s224075134/temporal_diffusion/video-diffusion-model-v2/tools/my_cal_metrics_for_dataset.py", line 158, in get_num_frames
    video_files = [f for f in os.listdir(video_dir) if f.endswith(('.mp4', '.avi', '.mov', '.mkv'))]
                              ^^^^^^^^^^^^^^^^^^^^^
FileNotFoundError: [Errno 2] No such file or directory: 'generation/ucf101_img256/000-FusedMatLatteIMG-XL-128-512-2-concat-F16S3-ucf101_img256-ImageNetPretrained-Compile-Amp-loadpixel/ddpm_250/0670000'
Traceback (most recent call last):
  File "/weka/s224075134/temporal_diffusion/video-diffusion-model-v2/tools/my_cal_metrics_for_dataset.py", line 185, in <module>
    num_frames = get_num_frames(args.fake_data_path)
                 ^^^^^^^^^^^^^^^^^^^^^^^^^^^^^^^^^^^
  File "/weka/s224075134/temporal_diffusion/video-diffusion-model-v2/tools/my_cal_metrics_for_dataset.py", line 158, in get_num_frames
    video_files = [f for f in os.listdir(video_dir) if f.endswith(('.mp4', '.avi', '.mov', '.mkv'))]
                              ^^^^^^^^^^^^^^^^^^^^^
FileNotFoundError: [Errno 2] No such file or directory: 'generation/ucf101_img256/000-FusedMatLatteIMG-XL-128-512-2-concat-F16S3-ucf101_img256-ImageNetPretrained-Compile-Amp-loadpixel/ddpm_250/0670000'
Traceback (most recent call last):
  File "/weka/s224075134/temporal_diffusion/video-diffusion-model-v2/tools/my_cal_metrics_for_dataset.py", line 185, in <module>
    num_frames = get_num_frames(args.fake_data_path)
                 ^^^^^^^^^^^^^^^^^^^^^^^^^^^^^^^^^^^
  File "/weka/s224075134/temporal_diffusion/video-diffusion-model-v2/tools/my_cal_metrics_for_dataset.py", line 158, in get_num_frames
    video_files = [f for f in os.listdir(video_dir) if f.endswith(('.mp4', '.avi', '.mov', '.mkv'))]
                              ^^^^^^^^^^^^^^^^^^^^^
FileNotFoundError: [Errno 2] No such file or directory: 'generation/ucf101_img256/000-FusedMatLatteIMG-XL-128-512-2-concat-F16S3-ucf101_img256-ImageNetPretrained-Compile-Amp-loadpixel/ddpm_250/0670000'
Traceback (most recent call last):
  File "/weka/s224075134/temporal_diffusion/video-diffusion-model-v2/tools/my_cal_metrics_for_dataset.py", line 185, in <module>
    num_frames = get_num_frames(args.fake_data_path)
                 ^^^^^^^^^^^^^^^^^^^^^^^^^^^^^^^^^^^
  File "/weka/s224075134/temporal_diffusion/video-diffusion-model-v2/tools/my_cal_metrics_for_dataset.py", line 158, in get_num_frames
    video_files = [f for f in os.listdir(video_dir) if f.endswith(('.mp4', '.avi', '.mov', '.mkv'))]
                              ^^^^^^^^^^^^^^^^^^^^^
FileNotFoundError: [Errno 2] No such file or directory: 'generation/ucf101_img256/000-FusedMatLatteIMG-XL-128-512-2-concat-F16S3-ucf101_img256-ImageNetPretrained-Compile-Amp-loadpixel/ddpm_250/0670000'
Traceback (most recent call last):
  File "/weka/s224075134/temporal_diffusion/video-diffusion-model-v2/tools/my_cal_metrics_for_dataset.py", line 185, in <module>
    num_frames = get_num_frames(args.fake_data_path)
                 ^^^^^^^^^^^^^^^^^^^^^^^^^^^^^^^^^^^
  File "/weka/s224075134/temporal_diffusion/video-diffusion-model-v2/tools/my_cal_metrics_for_dataset.py", line 158, in get_num_frames
    video_files = [f for f in os.listdir(video_dir) if f.endswith(('.mp4', '.avi', '.mov', '.mkv'))]
                              ^^^^^^^^^^^^^^^^^^^^^
FileNotFoundError: [Errno 2] No such file or directory: 'generation/ucf101_img256/000-FusedMatLatteIMG-XL-128-512-2-concat-F16S3-ucf101_img256-ImageNetPretrained-Compile-Amp-loadpixel/ddpm_250/0670000'
Traceback (most recent call last):
  File "/weka/s224075134/temporal_diffusion/video-diffusion-model-v2/tools/my_cal_metrics_for_dataset.py", line 185, in <module>
    num_frames = get_num_frames(args.fake_data_path)
                 ^^^^^^^^^^^^^^^^^^^^^^^^^^^^^^^^^^^
  File "/weka/s224075134/temporal_diffusion/video-diffusion-model-v2/tools/my_cal_metrics_for_dataset.py", line 158, in get_num_frames
    video_files = [f for f in os.listdir(video_dir) if f.endswith(('.mp4', '.avi', '.mov', '.mkv'))]
                              ^^^^^^^^^^^^^^^^^^^^^
FileNotFoundError: [Errno 2] No such file or directory: 'generation/ucf101_img256/000-FusedMatLatteIMG-XL-128-512-2-concat-F16S3-ucf101_img256-ImageNetPretrained-Compile-Amp-loadpixel/ddpm_250/0670000'
Traceback (most recent call last):
  File "/weka/s224075134/temporal_diffusion/video-diffusion-model-v2/tools/my_cal_metrics_for_dataset.py", line 185, in <module>
    num_frames = get_num_frames(args.fake_data_path)
                 ^^^^^^^^^^^^^^^^^^^^^^^^^^^^^^^^^^^
  File "/weka/s224075134/temporal_diffusion/video-diffusion-model-v2/tools/my_cal_metrics_for_dataset.py", line 158, in get_num_frames
    video_files = [f for f in os.listdir(video_dir) if f.endswith(('.mp4', '.avi', '.mov', '.mkv'))]
                              ^^^^^^^^^^^^^^^^^^^^^
FileNotFoundError: [Errno 2] No such file or directory: 'generation/ucf101_img256/000-FusedMatLatteIMG-XL-128-512-2-concat-F16S3-ucf101_img256-ImageNetPretrained-Compile-Amp-loadpixel/ddpm_250/0670000'
Traceback (most recent call last):
  File "/weka/s224075134/temporal_diffusion/video-diffusion-model-v2/tools/my_cal_metrics_for_dataset.py", line 185, in <module>
    num_frames = get_num_frames(args.fake_data_path)
                 ^^^^^^^^^^^^^^^^^^^^^^^^^^^^^^^^^^^
  File "/weka/s224075134/temporal_diffusion/video-diffusion-model-v2/tools/my_cal_metrics_for_dataset.py", line 158, in get_num_frames
    video_files = [f for f in os.listdir(video_dir) if f.endswith(('.mp4', '.avi', '.mov', '.mkv'))]
                              ^^^^^^^^^^^^^^^^^^^^^
FileNotFoundError: [Errno 2] No such file or directory: 'generation/ucf101_img256/000-FusedMatLatteIMG-XL-128-512-2-concat-F16S3-ucf101_img256-ImageNetPretrained-Compile-Amp-loadpixel/ddpm_250/0670000'
Traceback (most recent call last):
  File "/weka/s224075134/temporal_diffusion/video-diffusion-model-v2/tools/my_cal_metrics_for_dataset.py", line 185, in <module>
    num_frames = get_num_frames(args.fake_data_path)
                 ^^^^^^^^^^^^^^^^^^^^^^^^^^^^^^^^^^^
  File "/weka/s224075134/temporal_diffusion/video-diffusion-model-v2/tools/my_cal_metrics_for_dataset.py", line 158, in get_num_frames
    video_files = [f for f in os.listdir(video_dir) if f.endswith(('.mp4', '.avi', '.mov', '.mkv'))]
                              ^^^^^^^^^^^^^^^^^^^^^
FileNotFoundError: [Errno 2] No such file or directory: 'generation/ucf101_img256/000-FusedMatLatteIMG-XL-128-512-2-concat-F16S3-ucf101_img256-ImageNetPretrained-Compile-Amp-loadpixel/ddpm_250/0670000'
Traceback (most recent call last):
  File "/weka/s224075134/temporal_diffusion/video-diffusion-model-v2/tools/my_cal_metrics_for_dataset.py", line 185, in <module>
    num_frames = get_num_frames(args.fake_data_path)
                 ^^^^^^^^^^^^^^^^^^^^^^^^^^^^^^^^^^^
  File "/weka/s224075134/temporal_diffusion/video-diffusion-model-v2/tools/my_cal_metrics_for_dataset.py", line 158, in get_num_frames
    video_files = [f for f in os.listdir(video_dir) if f.endswith(('.mp4', '.avi', '.mov', '.mkv'))]
                              ^^^^^^^^^^^^^^^^^^^^^
FileNotFoundError: [Errno 2] No such file or directory: 'generation/ucf101_img256/000-FusedMatLatteIMG-XL-128-512-2-concat-F16S3-ucf101_img256-ImageNetPretrained-Compile-Amp-loadpixel/ddpm_250/0670000'
Traceback (most recent call last):
  File "/weka/s224075134/temporal_diffusion/video-diffusion-model-v2/tools/my_cal_metrics_for_dataset.py", line 185, in <module>
    num_frames = get_num_frames(args.fake_data_path)
                 ^^^^^^^^^^^^^^^^^^^^^^^^^^^^^^^^^^^
  File "/weka/s224075134/temporal_diffusion/video-diffusion-model-v2/tools/my_cal_metrics_for_dataset.py", line 158, in get_num_frames
    video_files = [f for f in os.listdir(video_dir) if f.endswith(('.mp4', '.avi', '.mov', '.mkv'))]
                              ^^^^^^^^^^^^^^^^^^^^^
FileNotFoundError: [Errno 2] No such file or directory: 'generation/ucf101_img256/000-FusedMatLatteIMG-XL-128-512-2-concat-F16S3-ucf101_img256-ImageNetPretrained-Compile-Amp-loadpixel/ddpm_250/0670000'
Traceback (most recent call last):
  File "/weka/s224075134/temporal_diffusion/video-diffusion-model-v2/tools/my_cal_metrics_for_dataset.py", line 185, in <module>
    num_frames = get_num_frames(args.fake_data_path)
                 ^^^^^^^^^^^^^^^^^^^^^^^^^^^^^^^^^^^
  File "/weka/s224075134/temporal_diffusion/video-diffusion-model-v2/tools/my_cal_metrics_for_dataset.py", line 158, in get_num_frames
    video_files = [f for f in os.listdir(video_dir) if f.endswith(('.mp4', '.avi', '.mov', '.mkv'))]
                              ^^^^^^^^^^^^^^^^^^^^^
FileNotFoundError: [Errno 2] No such file or directory: 'generation/ucf101_img256/000-FusedMatLatteIMG-XL-128-512-2-concat-F16S3-ucf101_img256-ImageNetPretrained-Compile-Amp-loadpixel/ddpm_250/0670000'
Traceback (most recent call last):
  File "/weka/s224075134/temporal_diffusion/video-diffusion-model-v2/tools/my_cal_metrics_for_dataset.py", line 185, in <module>
    num_frames = get_num_frames(args.fake_data_path)
                 ^^^^^^^^^^^^^^^^^^^^^^^^^^^^^^^^^^^
  File "/weka/s224075134/temporal_diffusion/video-diffusion-model-v2/tools/my_cal_metrics_for_dataset.py", line 158, in get_num_frames
    video_files = [f for f in os.listdir(video_dir) if f.endswith(('.mp4', '.avi', '.mov', '.mkv'))]
                              ^^^^^^^^^^^^^^^^^^^^^
FileNotFoundError: [Errno 2] No such file or directory: 'generation/ucf101_img256/000-FusedMatLatteIMG-XL-128-512-2-concat-F16S3-ucf101_img256-ImageNetPretrained-Compile-Amp-loadpixel/ddpm_250/0670000'
Traceback (most recent call last):
  File "/weka/s224075134/temporal_diffusion/video-diffusion-model-v2/tools/my_cal_metrics_for_dataset.py", line 185, in <module>
    num_frames = get_num_frames(args.fake_data_path)
                 ^^^^^^^^^^^^^^^^^^^^^^^^^^^^^^^^^^^
  File "/weka/s224075134/temporal_diffusion/video-diffusion-model-v2/tools/my_cal_metrics_for_dataset.py", line 158, in get_num_frames
    video_files = [f for f in os.listdir(video_dir) if f.endswith(('.mp4', '.avi', '.mov', '.mkv'))]
                              ^^^^^^^^^^^^^^^^^^^^^
FileNotFoundError: [Errno 2] No such file or directory: 'generation/ucf101_img256/000-FusedMatLatteIMG-XL-128-512-2-concat-F16S3-ucf101_img256-ImageNetPretrained-Compile-Amp-loadpixel/ddpm_250/0670000'
Traceback (most recent call last):
  File "/weka/s224075134/temporal_diffusion/video-diffusion-model-v2/tools/my_cal_metrics_for_dataset.py", line 185, in <module>
    num_frames = get_num_frames(args.fake_data_path)
                 ^^^^^^^^^^^^^^^^^^^^^^^^^^^^^^^^^^^
  File "/weka/s224075134/temporal_diffusion/video-diffusion-model-v2/tools/my_cal_metrics_for_dataset.py", line 158, in get_num_frames
    video_files = [f for f in os.listdir(video_dir) if f.endswith(('.mp4', '.avi', '.mov', '.mkv'))]
                              ^^^^^^^^^^^^^^^^^^^^^
FileNotFoundError: [Errno 2] No such file or directory: 'generation/ucf101_img256/000-FusedMatLatteIMG-XL-128-512-2-concat-F16S3-ucf101_img256-ImageNetPretrained-Compile-Amp-loadpixel/ddpm_250/0670000'
Traceback (most recent call last):
  File "/weka/s224075134/temporal_diffusion/video-diffusion-model-v2/tools/my_cal_metrics_for_dataset.py", line 185, in <module>
    num_frames = get_num_frames(args.fake_data_path)
                 ^^^^^^^^^^^^^^^^^^^^^^^^^^^^^^^^^^^
  File "/weka/s224075134/temporal_diffusion/video-diffusion-model-v2/tools/my_cal_metrics_for_dataset.py", line 158, in get_num_frames
    video_files = [f for f in os.listdir(video_dir) if f.endswith(('.mp4', '.avi', '.mov', '.mkv'))]
                              ^^^^^^^^^^^^^^^^^^^^^
FileNotFoundError: [Errno 2] No such file or directory: 'generation/ucf101_img256/000-FusedMatLatteIMG-XL-128-512-2-concat-F16S3-ucf101_img256-ImageNetPretrained-Compile-Amp-loadpixel/ddpm_250/0670000'
Traceback (most recent call last):
  File "/weka/s224075134/temporal_diffusion/video-diffusion-model-v2/tools/my_cal_metrics_for_dataset.py", line 185, in <module>
    num_frames = get_num_frames(args.fake_data_path)
                 ^^^^^^^^^^^^^^^^^^^^^^^^^^^^^^^^^^^
  File "/weka/s224075134/temporal_diffusion/video-diffusion-model-v2/tools/my_cal_metrics_for_dataset.py", line 158, in get_num_frames
    video_files = [f for f in os.listdir(video_dir) if f.endswith(('.mp4', '.avi', '.mov', '.mkv'))]
                              ^^^^^^^^^^^^^^^^^^^^^
FileNotFoundError: [Errno 2] No such file or directory: 'generation/ucf101_img256/000-FusedMatLatteIMG-XL-128-512-2-concat-F16S3-ucf101_img256-ImageNetPretrained-Compile-Amp-loadpixel/ddpm_250/0670000'
Traceback (most recent call last):
  File "/weka/s224075134/temporal_diffusion/video-diffusion-model-v2/tools/my_cal_metrics_for_dataset.py", line 185, in <module>
    num_frames = get_num_frames(args.fake_data_path)
                 ^^^^^^^^^^^^^^^^^^^^^^^^^^^^^^^^^^^
  File "/weka/s224075134/temporal_diffusion/video-diffusion-model-v2/tools/my_cal_metrics_for_dataset.py", line 158, in get_num_frames
    video_files = [f for f in os.listdir(video_dir) if f.endswith(('.mp4', '.avi', '.mov', '.mkv'))]
                              ^^^^^^^^^^^^^^^^^^^^^
FileNotFoundError: [Errno 2] No such file or directory: 'generation/ucf101_img256/000-FusedMatLatteIMG-XL-128-512-2-concat-F16S3-ucf101_img256-ImageNetPretrained-Compile-Amp-loadpixel/ddpm_250/0670000'
Traceback (most recent call last):
  File "/weka/s224075134/temporal_diffusion/video-diffusion-model-v2/tools/my_cal_metrics_for_dataset.py", line 185, in <module>
    num_frames = get_num_frames(args.fake_data_path)
                 ^^^^^^^^^^^^^^^^^^^^^^^^^^^^^^^^^^^
  File "/weka/s224075134/temporal_diffusion/video-diffusion-model-v2/tools/my_cal_metrics_for_dataset.py", line 158, in get_num_frames
    video_files = [f for f in os.listdir(video_dir) if f.endswith(('.mp4', '.avi', '.mov', '.mkv'))]
                              ^^^^^^^^^^^^^^^^^^^^^
FileNotFoundError: [Errno 2] No such file or directory: 'generation/ucf101_img256/000-FusedMatLatteIMG-XL-128-512-2-concat-F16S3-ucf101_img256-ImageNetPretrained-Compile-Amp-loadpixel/ddpm_250/0670000'
Traceback (most recent call last):
  File "/weka/s224075134/temporal_diffusion/video-diffusion-model-v2/tools/my_cal_metrics_for_dataset.py", line 185, in <module>
    num_frames = get_num_frames(args.fake_data_path)
                 ^^^^^^^^^^^^^^^^^^^^^^^^^^^^^^^^^^^
  File "/weka/s224075134/temporal_diffusion/video-diffusion-model-v2/tools/my_cal_metrics_for_dataset.py", line 158, in get_num_frames
    video_files = [f for f in os.listdir(video_dir) if f.endswith(('.mp4', '.avi', '.mov', '.mkv'))]
                              ^^^^^^^^^^^^^^^^^^^^^
FileNotFoundError: [Errno 2] No such file or directory: 'generation/ucf101_img256/000-FusedMatLatteIMG-XL-128-512-2-concat-F16S3-ucf101_img256-ImageNetPretrained-Compile-Amp-loadpixel/ddpm_250/0670000'
Traceback (most recent call last):
  File "/weka/s224075134/temporal_diffusion/video-diffusion-model-v2/tools/my_cal_metrics_for_dataset.py", line 185, in <module>
    num_frames = get_num_frames(args.fake_data_path)
                 ^^^^^^^^^^^^^^^^^^^^^^^^^^^^^^^^^^^
  File "/weka/s224075134/temporal_diffusion/video-diffusion-model-v2/tools/my_cal_metrics_for_dataset.py", line 158, in get_num_frames
    video_files = [f for f in os.listdir(video_dir) if f.endswith(('.mp4', '.avi', '.mov', '.mkv'))]
                              ^^^^^^^^^^^^^^^^^^^^^
FileNotFoundError: [Errno 2] No such file or directory: 'generation/ucf101_img256/000-FusedMatLatteIMG-XL-128-512-2-concat-F16S3-ucf101_img256-ImageNetPretrained-Compile-Amp-loadpixel/ddpm_250/0670000'
Traceback (most recent call last):
  File "/weka/s224075134/temporal_diffusion/video-diffusion-model-v2/tools/my_cal_metrics_for_dataset.py", line 185, in <module>
    num_frames = get_num_frames(args.fake_data_path)
                 ^^^^^^^^^^^^^^^^^^^^^^^^^^^^^^^^^^^
  File "/weka/s224075134/temporal_diffusion/video-diffusion-model-v2/tools/my_cal_metrics_for_dataset.py", line 158, in get_num_frames
    video_files = [f for f in os.listdir(video_dir) if f.endswith(('.mp4', '.avi', '.mov', '.mkv'))]
                              ^^^^^^^^^^^^^^^^^^^^^
FileNotFoundError: [Errno 2] No such file or directory: 'generation/ucf101_img256/000-FusedMatLatteIMG-XL-128-512-2-concat-F16S3-ucf101_img256-ImageNetPretrained-Compile-Amp-loadpixel/ddpm_250/0670000'
Traceback (most recent call last):
  File "/weka/s224075134/temporal_diffusion/video-diffusion-model-v2/tools/my_cal_metrics_for_dataset.py", line 185, in <module>
    num_frames = get_num_frames(args.fake_data_path)
                 ^^^^^^^^^^^^^^^^^^^^^^^^^^^^^^^^^^^
  File "/weka/s224075134/temporal_diffusion/video-diffusion-model-v2/tools/my_cal_metrics_for_dataset.py", line 158, in get_num_frames
    video_files = [f for f in os.listdir(video_dir) if f.endswith(('.mp4', '.avi', '.mov', '.mkv'))]
                              ^^^^^^^^^^^^^^^^^^^^^
FileNotFoundError: [Errno 2] No such file or directory: 'generation/ucf101_img256/000-FusedMatLatteIMG-XL-128-512-2-concat-F16S3-ucf101_img256-ImageNetPretrained-Compile-Amp-loadpixel/ddpm_250/0670000'
Traceback (most recent call last):
  File "/weka/s224075134/temporal_diffusion/video-diffusion-model-v2/tools/my_cal_metrics_for_dataset.py", line 185, in <module>
    num_frames = get_num_frames(args.fake_data_path)
                 ^^^^^^^^^^^^^^^^^^^^^^^^^^^^^^^^^^^
  File "/weka/s224075134/temporal_diffusion/video-diffusion-model-v2/tools/my_cal_metrics_for_dataset.py", line 158, in get_num_frames
    video_files = [f for f in os.listdir(video_dir) if f.endswith(('.mp4', '.avi', '.mov', '.mkv'))]
                              ^^^^^^^^^^^^^^^^^^^^^
FileNotFoundError: [Errno 2] No such file or directory: 'generation/ucf101_img256/000-FusedMatLatteIMG-XL-128-512-2-concat-F16S3-ucf101_img256-ImageNetPretrained-Compile-Amp-loadpixel/ddpm_250/0670000'
Traceback (most recent call last):
  File "/weka/s224075134/temporal_diffusion/video-diffusion-model-v2/tools/my_cal_metrics_for_dataset.py", line 185, in <module>
    num_frames = get_num_frames(args.fake_data_path)
                 ^^^^^^^^^^^^^^^^^^^^^^^^^^^^^^^^^^^
  File "/weka/s224075134/temporal_diffusion/video-diffusion-model-v2/tools/my_cal_metrics_for_dataset.py", line 158, in get_num_frames
    video_files = [f for f in os.listdir(video_dir) if f.endswith(('.mp4', '.avi', '.mov', '.mkv'))]
                              ^^^^^^^^^^^^^^^^^^^^^
FileNotFoundError: [Errno 2] No such file or directory: 'generation/ucf101_img256/000-FusedMatLatteIMG-XL-128-512-2-concat-F16S3-ucf101_img256-ImageNetPretrained-Compile-Amp-loadpixel/ddpm_250/0670000'
Traceback (most recent call last):
  File "/weka/s224075134/temporal_diffusion/video-diffusion-model-v2/tools/my_cal_metrics_for_dataset.py", line 185, in <module>
    num_frames = get_num_frames(args.fake_data_path)
                 ^^^^^^^^^^^^^^^^^^^^^^^^^^^^^^^^^^^
  File "/weka/s224075134/temporal_diffusion/video-diffusion-model-v2/tools/my_cal_metrics_for_dataset.py", line 158, in get_num_frames
    video_files = [f for f in os.listdir(video_dir) if f.endswith(('.mp4', '.avi', '.mov', '.mkv'))]
                              ^^^^^^^^^^^^^^^^^^^^^
FileNotFoundError: [Errno 2] No such file or directory: 'generation/ucf101_img256/000-FusedMatLatteIMG-XL-128-512-2-concat-F16S3-ucf101_img256-ImageNetPretrained-Compile-Amp-loadpixel/ddpm_250/0670000'
Traceback (most recent call last):
  File "/weka/s224075134/temporal_diffusion/video-diffusion-model-v2/tools/my_cal_metrics_for_dataset.py", line 185, in <module>
    num_frames = get_num_frames(args.fake_data_path)
                 ^^^^^^^^^^^^^^^^^^^^^^^^^^^^^^^^^^^
  File "/weka/s224075134/temporal_diffusion/video-diffusion-model-v2/tools/my_cal_metrics_for_dataset.py", line 158, in get_num_frames
    video_files = [f for f in os.listdir(video_dir) if f.endswith(('.mp4', '.avi', '.mov', '.mkv'))]
                              ^^^^^^^^^^^^^^^^^^^^^
FileNotFoundError: [Errno 2] No such file or directory: 'generation/ucf101_img256/000-FusedMatLatteIMG-XL-128-512-2-concat-F16S3-ucf101_img256-ImageNetPretrained-Compile-Amp-loadpixel/ddpm_250/0670000'
Traceback (most recent call last):
  File "/weka/s224075134/temporal_diffusion/video-diffusion-model-v2/tools/my_cal_metrics_for_dataset.py", line 185, in <module>
    num_frames = get_num_frames(args.fake_data_path)
                 ^^^^^^^^^^^^^^^^^^^^^^^^^^^^^^^^^^^
  File "/weka/s224075134/temporal_diffusion/video-diffusion-model-v2/tools/my_cal_metrics_for_dataset.py", line 158, in get_num_frames
    video_files = [f for f in os.listdir(video_dir) if f.endswith(('.mp4', '.avi', '.mov', '.mkv'))]
                              ^^^^^^^^^^^^^^^^^^^^^
FileNotFoundError: [Errno 2] No such file or directory: 'generation/ucf101_img256/000-FusedMatLatteIMG-XL-128-512-2-concat-F16S3-ucf101_img256-ImageNetPretrained-Compile-Amp-loadpixel/ddpm_250/0670000'
Traceback (most recent call last):
  File "/weka/s224075134/temporal_diffusion/video-diffusion-model-v2/tools/my_cal_metrics_for_dataset.py", line 185, in <module>
    num_frames = get_num_frames(args.fake_data_path)
                 ^^^^^^^^^^^^^^^^^^^^^^^^^^^^^^^^^^^
  File "/weka/s224075134/temporal_diffusion/video-diffusion-model-v2/tools/my_cal_metrics_for_dataset.py", line 158, in get_num_frames
    video_files = [f for f in os.listdir(video_dir) if f.endswith(('.mp4', '.avi', '.mov', '.mkv'))]
                              ^^^^^^^^^^^^^^^^^^^^^
FileNotFoundError: [Errno 2] No such file or directory: 'generation/ucf101_img256/000-FusedMatLatteIMG-XL-128-512-2-concat-F16S3-ucf101_img256-ImageNetPretrained-Compile-Amp-loadpixel/ddpm_250/0670000'
Traceback (most recent call last):
  File "/weka/s224075134/temporal_diffusion/video-diffusion-model-v2/tools/my_cal_metrics_for_dataset.py", line 185, in <module>
    num_frames = get_num_frames(args.fake_data_path)
                 ^^^^^^^^^^^^^^^^^^^^^^^^^^^^^^^^^^^
  File "/weka/s224075134/temporal_diffusion/video-diffusion-model-v2/tools/my_cal_metrics_for_dataset.py", line 158, in get_num_frames
    video_files = [f for f in os.listdir(video_dir) if f.endswith(('.mp4', '.avi', '.mov', '.mkv'))]
                              ^^^^^^^^^^^^^^^^^^^^^
FileNotFoundError: [Errno 2] No such file or directory: 'generation/ucf101_img256/000-FusedMatLatteIMG-XL-128-512-2-concat-F16S3-ucf101_img256-ImageNetPretrained-Compile-Amp-loadpixel/ddpm_250/0670000'
Traceback (most recent call last):
  File "/weka/s224075134/temporal_diffusion/video-diffusion-model-v2/tools/my_cal_metrics_for_dataset.py", line 185, in <module>
    num_frames = get_num_frames(args.fake_data_path)
                 ^^^^^^^^^^^^^^^^^^^^^^^^^^^^^^^^^^^
  File "/weka/s224075134/temporal_diffusion/video-diffusion-model-v2/tools/my_cal_metrics_for_dataset.py", line 158, in get_num_frames
    video_files = [f for f in os.listdir(video_dir) if f.endswith(('.mp4', '.avi', '.mov', '.mkv'))]
                              ^^^^^^^^^^^^^^^^^^^^^
FileNotFoundError: [Errno 2] No such file or directory: 'generation/ucf101_img256/000-FusedMatLatteIMG-XL-128-512-2-concat-F16S3-ucf101_img256-ImageNetPretrained-Compile-Amp-loadpixel/ddpm_250/0670000'
Traceback (most recent call last):
  File "/weka/s224075134/temporal_diffusion/video-diffusion-model-v2/tools/my_cal_metrics_for_dataset.py", line 185, in <module>
    num_frames = get_num_frames(args.fake_data_path)
                 ^^^^^^^^^^^^^^^^^^^^^^^^^^^^^^^^^^^
  File "/weka/s224075134/temporal_diffusion/video-diffusion-model-v2/tools/my_cal_metrics_for_dataset.py", line 158, in get_num_frames
    video_files = [f for f in os.listdir(video_dir) if f.endswith(('.mp4', '.avi', '.mov', '.mkv'))]
                              ^^^^^^^^^^^^^^^^^^^^^
FileNotFoundError: [Errno 2] No such file or directory: 'generation/ucf101_img256/000-FusedMatLatteIMG-XL-128-512-2-concat-F16S3-ucf101_img256-ImageNetPretrained-Compile-Amp-loadpixel/ddpm_250/0670000'
Traceback (most recent call last):
  File "/weka/s224075134/temporal_diffusion/video-diffusion-model-v2/tools/my_cal_metrics_for_dataset.py", line 185, in <module>
    num_frames = get_num_frames(args.fake_data_path)
                 ^^^^^^^^^^^^^^^^^^^^^^^^^^^^^^^^^^^
  File "/weka/s224075134/temporal_diffusion/video-diffusion-model-v2/tools/my_cal_metrics_for_dataset.py", line 158, in get_num_frames
    video_files = [f for f in os.listdir(video_dir) if f.endswith(('.mp4', '.avi', '.mov', '.mkv'))]
                              ^^^^^^^^^^^^^^^^^^^^^
FileNotFoundError: [Errno 2] No such file or directory: 'generation/ucf101_img256/000-FusedMatLatteIMG-XL-128-512-2-concat-F16S3-ucf101_img256-ImageNetPretrained-Compile-Amp-loadpixel/ddpm_250/0670000'
Traceback (most recent call last):
  File "/weka/s224075134/temporal_diffusion/video-diffusion-model-v2/tools/my_cal_metrics_for_dataset.py", line 185, in <module>
    num_frames = get_num_frames(args.fake_data_path)
                 ^^^^^^^^^^^^^^^^^^^^^^^^^^^^^^^^^^^
  File "/weka/s224075134/temporal_diffusion/video-diffusion-model-v2/tools/my_cal_metrics_for_dataset.py", line 158, in get_num_frames
    video_files = [f for f in os.listdir(video_dir) if f.endswith(('.mp4', '.avi', '.mov', '.mkv'))]
                              ^^^^^^^^^^^^^^^^^^^^^
FileNotFoundError: [Errno 2] No such file or directory: 'generation/ucf101_img256/000-FusedMatLatteIMG-XL-128-512-2-concat-F16S3-ucf101_img256-ImageNetPretrained-Compile-Amp-loadpixel/ddpm_250/0670000'
Traceback (most recent call last):
  File "/weka/s224075134/temporal_diffusion/video-diffusion-model-v2/tools/my_cal_metrics_for_dataset.py", line 185, in <module>
    num_frames = get_num_frames(args.fake_data_path)
                 ^^^^^^^^^^^^^^^^^^^^^^^^^^^^^^^^^^^
  File "/weka/s224075134/temporal_diffusion/video-diffusion-model-v2/tools/my_cal_metrics_for_dataset.py", line 158, in get_num_frames
    video_files = [f for f in os.listdir(video_dir) if f.endswith(('.mp4', '.avi', '.mov', '.mkv'))]
                              ^^^^^^^^^^^^^^^^^^^^^
FileNotFoundError: [Errno 2] No such file or directory: 'generation/ucf101_img256/000-FusedMatLatteIMG-XL-128-512-2-concat-F16S3-ucf101_img256-ImageNetPretrained-Compile-Amp-loadpixel/ddpm_250/0670000'
Traceback (most recent call last):
  File "/weka/s224075134/temporal_diffusion/video-diffusion-model-v2/tools/my_cal_metrics_for_dataset.py", line 185, in <module>
    num_frames = get_num_frames(args.fake_data_path)
                 ^^^^^^^^^^^^^^^^^^^^^^^^^^^^^^^^^^^
  File "/weka/s224075134/temporal_diffusion/video-diffusion-model-v2/tools/my_cal_metrics_for_dataset.py", line 158, in get_num_frames
    video_files = [f for f in os.listdir(video_dir) if f.endswith(('.mp4', '.avi', '.mov', '.mkv'))]
                              ^^^^^^^^^^^^^^^^^^^^^
FileNotFoundError: [Errno 2] No such file or directory: 'generation/ucf101_img256/000-FusedMatLatteIMG-XL-128-512-2-concat-F16S3-ucf101_img256-ImageNetPretrained-Compile-Amp-loadpixel/ddpm_250/0670000'
Traceback (most recent call last):
  File "/weka/s224075134/temporal_diffusion/video-diffusion-model-v2/tools/my_cal_metrics_for_dataset.py", line 185, in <module>
    num_frames = get_num_frames(args.fake_data_path)
                 ^^^^^^^^^^^^^^^^^^^^^^^^^^^^^^^^^^^
  File "/weka/s224075134/temporal_diffusion/video-diffusion-model-v2/tools/my_cal_metrics_for_dataset.py", line 158, in get_num_frames
    video_files = [f for f in os.listdir(video_dir) if f.endswith(('.mp4', '.avi', '.mov', '.mkv'))]
                              ^^^^^^^^^^^^^^^^^^^^^
FileNotFoundError: [Errno 2] No such file or directory: 'generation/ucf101_img256/000-FusedMatLatteIMG-XL-128-512-2-concat-F16S3-ucf101_img256-ImageNetPretrained-Compile-Amp-loadpixel/ddpm_250/0670000'
Traceback (most recent call last):
  File "/weka/s224075134/temporal_diffusion/video-diffusion-model-v2/tools/my_cal_metrics_for_dataset.py", line 185, in <module>
    num_frames = get_num_frames(args.fake_data_path)
                 ^^^^^^^^^^^^^^^^^^^^^^^^^^^^^^^^^^^
  File "/weka/s224075134/temporal_diffusion/video-diffusion-model-v2/tools/my_cal_metrics_for_dataset.py", line 158, in get_num_frames
    video_files = [f for f in os.listdir(video_dir) if f.endswith(('.mp4', '.avi', '.mov', '.mkv'))]
                              ^^^^^^^^^^^^^^^^^^^^^
FileNotFoundError: [Errno 2] No such file or directory: 'generation/ucf101_img256/000-FusedMatLatteIMG-XL-128-512-2-concat-F16S3-ucf101_img256-ImageNetPretrained-Compile-Amp-loadpixel/ddpm_250/0670000'
Traceback (most recent call last):
  File "/weka/s224075134/temporal_diffusion/video-diffusion-model-v2/tools/my_cal_metrics_for_dataset.py", line 185, in <module>
    num_frames = get_num_frames(args.fake_data_path)
                 ^^^^^^^^^^^^^^^^^^^^^^^^^^^^^^^^^^^
  File "/weka/s224075134/temporal_diffusion/video-diffusion-model-v2/tools/my_cal_metrics_for_dataset.py", line 158, in get_num_frames
    video_files = [f for f in os.listdir(video_dir) if f.endswith(('.mp4', '.avi', '.mov', '.mkv'))]
                              ^^^^^^^^^^^^^^^^^^^^^
FileNotFoundError: [Errno 2] No such file or directory: 'generation/ucf101_img256/000-FusedMatLatteIMG-XL-128-512-2-concat-F16S3-ucf101_img256-ImageNetPretrained-Compile-Amp-loadpixel/ddpm_250/0670000'
Traceback (most recent call last):
  File "/weka/s224075134/temporal_diffusion/video-diffusion-model-v2/tools/my_cal_metrics_for_dataset.py", line 185, in <module>
    num_frames = get_num_frames(args.fake_data_path)
                 ^^^^^^^^^^^^^^^^^^^^^^^^^^^^^^^^^^^
  File "/weka/s224075134/temporal_diffusion/video-diffusion-model-v2/tools/my_cal_metrics_for_dataset.py", line 158, in get_num_frames
    video_files = [f for f in os.listdir(video_dir) if f.endswith(('.mp4', '.avi', '.mov', '.mkv'))]
                              ^^^^^^^^^^^^^^^^^^^^^
FileNotFoundError: [Errno 2] No such file or directory: 'generation/ucf101_img256/000-FusedMatLatteIMG-XL-128-512-2-concat-F16S3-ucf101_img256-ImageNetPretrained-Compile-Amp-loadpixel/ddpm_250/0670000'
Traceback (most recent call last):
  File "/weka/s224075134/temporal_diffusion/video-diffusion-model-v2/tools/my_cal_metrics_for_dataset.py", line 185, in <module>
    num_frames = get_num_frames(args.fake_data_path)
                 ^^^^^^^^^^^^^^^^^^^^^^^^^^^^^^^^^^^
  File "/weka/s224075134/temporal_diffusion/video-diffusion-model-v2/tools/my_cal_metrics_for_dataset.py", line 158, in get_num_frames
    video_files = [f for f in os.listdir(video_dir) if f.endswith(('.mp4', '.avi', '.mov', '.mkv'))]
                              ^^^^^^^^^^^^^^^^^^^^^
FileNotFoundError: [Errno 2] No such file or directory: 'generation/ucf101_img256/000-FusedMatLatteIMG-XL-128-512-2-concat-F16S3-ucf101_img256-ImageNetPretrained-Compile-Amp-loadpixel/ddpm_250/0670000'
Traceback (most recent call last):
  File "/weka/s224075134/temporal_diffusion/video-diffusion-model-v2/tools/my_cal_metrics_for_dataset.py", line 185, in <module>
    num_frames = get_num_frames(args.fake_data_path)
                 ^^^^^^^^^^^^^^^^^^^^^^^^^^^^^^^^^^^
  File "/weka/s224075134/temporal_diffusion/video-diffusion-model-v2/tools/my_cal_metrics_for_dataset.py", line 158, in get_num_frames
    video_files = [f for f in os.listdir(video_dir) if f.endswith(('.mp4', '.avi', '.mov', '.mkv'))]
                              ^^^^^^^^^^^^^^^^^^^^^
FileNotFoundError: [Errno 2] No such file or directory: 'generation/ucf101_img256/000-FusedMatLatteIMG-XL-128-512-2-concat-F16S3-ucf101_img256-ImageNetPretrained-Compile-Amp-loadpixel/ddpm_250/0670000'
Traceback (most recent call last):
  File "/weka/s224075134/temporal_diffusion/video-diffusion-model-v2/tools/my_cal_metrics_for_dataset.py", line 185, in <module>
    num_frames = get_num_frames(args.fake_data_path)
                 ^^^^^^^^^^^^^^^^^^^^^^^^^^^^^^^^^^^
  File "/weka/s224075134/temporal_diffusion/video-diffusion-model-v2/tools/my_cal_metrics_for_dataset.py", line 158, in get_num_frames
    video_files = [f for f in os.listdir(video_dir) if f.endswith(('.mp4', '.avi', '.mov', '.mkv'))]
                              ^^^^^^^^^^^^^^^^^^^^^
FileNotFoundError: [Errno 2] No such file or directory: 'generation/ucf101_img256/000-FusedMatLatteIMG-XL-128-512-2-concat-F16S3-ucf101_img256-ImageNetPretrained-Compile-Amp-loadpixel/ddpm_250/0670000'
Traceback (most recent call last):
  File "/weka/s224075134/temporal_diffusion/video-diffusion-model-v2/tools/my_cal_metrics_for_dataset.py", line 185, in <module>
    num_frames = get_num_frames(args.fake_data_path)
                 ^^^^^^^^^^^^^^^^^^^^^^^^^^^^^^^^^^^
  File "/weka/s224075134/temporal_diffusion/video-diffusion-model-v2/tools/my_cal_metrics_for_dataset.py", line 158, in get_num_frames
    video_files = [f for f in os.listdir(video_dir) if f.endswith(('.mp4', '.avi', '.mov', '.mkv'))]
                              ^^^^^^^^^^^^^^^^^^^^^
FileNotFoundError: [Errno 2] No such file or directory: 'generation/ucf101_img256/000-FusedMatLatteIMG-XL-128-512-2-concat-F16S3-ucf101_img256-ImageNetPretrained-Compile-Amp-loadpixel/ddpm_250/0670000'
Traceback (most recent call last):
  File "/weka/s224075134/temporal_diffusion/video-diffusion-model-v2/tools/my_cal_metrics_for_dataset.py", line 185, in <module>
    num_frames = get_num_frames(args.fake_data_path)
                 ^^^^^^^^^^^^^^^^^^^^^^^^^^^^^^^^^^^
  File "/weka/s224075134/temporal_diffusion/video-diffusion-model-v2/tools/my_cal_metrics_for_dataset.py", line 158, in get_num_frames
    video_files = [f for f in os.listdir(video_dir) if f.endswith(('.mp4', '.avi', '.mov', '.mkv'))]
                              ^^^^^^^^^^^^^^^^^^^^^
FileNotFoundError: [Errno 2] No such file or directory: 'generation/ucf101_img256/000-FusedMatLatteIMG-XL-128-512-2-concat-F16S3-ucf101_img256-ImageNetPretrained-Compile-Amp-loadpixel/ddpm_250/0670000'
Traceback (most recent call last):
  File "/weka/s224075134/temporal_diffusion/video-diffusion-model-v2/tools/my_cal_metrics_for_dataset.py", line 185, in <module>
    num_frames = get_num_frames(args.fake_data_path)
                 ^^^^^^^^^^^^^^^^^^^^^^^^^^^^^^^^^^^
  File "/weka/s224075134/temporal_diffusion/video-diffusion-model-v2/tools/my_cal_metrics_for_dataset.py", line 158, in get_num_frames
    video_files = [f for f in os.listdir(video_dir) if f.endswith(('.mp4', '.avi', '.mov', '.mkv'))]
                              ^^^^^^^^^^^^^^^^^^^^^
FileNotFoundError: [Errno 2] No such file or directory: 'generation/ucf101_img256/000-FusedMatLatteIMG-XL-128-512-2-concat-F16S3-ucf101_img256-ImageNetPretrained-Compile-Amp-loadpixel/ddpm_250/0670000'
Traceback (most recent call last):
  File "/weka/s224075134/temporal_diffusion/video-diffusion-model-v2/tools/my_cal_metrics_for_dataset.py", line 185, in <module>
    num_frames = get_num_frames(args.fake_data_path)
                 ^^^^^^^^^^^^^^^^^^^^^^^^^^^^^^^^^^^
  File "/weka/s224075134/temporal_diffusion/video-diffusion-model-v2/tools/my_cal_metrics_for_dataset.py", line 158, in get_num_frames
    video_files = [f for f in os.listdir(video_dir) if f.endswith(('.mp4', '.avi', '.mov', '.mkv'))]
                              ^^^^^^^^^^^^^^^^^^^^^
FileNotFoundError: [Errno 2] No such file or directory: 'generation/ucf101_img256/000-FusedMatLatteIMG-XL-128-512-2-concat-F16S3-ucf101_img256-ImageNetPretrained-Compile-Amp-loadpixel/ddpm_250/0670000'
Traceback (most recent call last):
  File "/weka/s224075134/temporal_diffusion/video-diffusion-model-v2/tools/my_cal_metrics_for_dataset.py", line 185, in <module>
    num_frames = get_num_frames(args.fake_data_path)
                 ^^^^^^^^^^^^^^^^^^^^^^^^^^^^^^^^^^^
  File "/weka/s224075134/temporal_diffusion/video-diffusion-model-v2/tools/my_cal_metrics_for_dataset.py", line 158, in get_num_frames
    video_files = [f for f in os.listdir(video_dir) if f.endswith(('.mp4', '.avi', '.mov', '.mkv'))]
                              ^^^^^^^^^^^^^^^^^^^^^
FileNotFoundError: [Errno 2] No such file or directory: 'generation/ucf101_img256/000-FusedMatLatteIMG-XL-128-512-2-concat-F16S3-ucf101_img256-ImageNetPretrained-Compile-Amp-loadpixel/ddpm_250/0670000'
Traceback (most recent call last):
  File "/weka/s224075134/temporal_diffusion/video-diffusion-model-v2/tools/my_cal_metrics_for_dataset.py", line 185, in <module>
    num_frames = get_num_frames(args.fake_data_path)
                 ^^^^^^^^^^^^^^^^^^^^^^^^^^^^^^^^^^^
  File "/weka/s224075134/temporal_diffusion/video-diffusion-model-v2/tools/my_cal_metrics_for_dataset.py", line 158, in get_num_frames
    video_files = [f for f in os.listdir(video_dir) if f.endswith(('.mp4', '.avi', '.mov', '.mkv'))]
                              ^^^^^^^^^^^^^^^^^^^^^
FileNotFoundError: [Errno 2] No such file or directory: 'generation/ucf101_img256/000-FusedMatLatteIMG-XL-128-512-2-concat-F16S3-ucf101_img256-ImageNetPretrained-Compile-Amp-loadpixel/ddpm_250/0670000'
Traceback (most recent call last):
  File "/weka/s224075134/temporal_diffusion/video-diffusion-model-v2/tools/my_cal_metrics_for_dataset.py", line 185, in <module>
    num_frames = get_num_frames(args.fake_data_path)
                 ^^^^^^^^^^^^^^^^^^^^^^^^^^^^^^^^^^^
  File "/weka/s224075134/temporal_diffusion/video-diffusion-model-v2/tools/my_cal_metrics_for_dataset.py", line 158, in get_num_frames
    video_files = [f for f in os.listdir(video_dir) if f.endswith(('.mp4', '.avi', '.mov', '.mkv'))]
                              ^^^^^^^^^^^^^^^^^^^^^
FileNotFoundError: [Errno 2] No such file or directory: 'generation/ucf101_img256/000-FusedMatLatteIMG-XL-128-512-2-concat-F16S3-ucf101_img256-ImageNetPretrained-Compile-Amp-loadpixel/ddpm_250/0670000'
Traceback (most recent call last):
  File "/weka/s224075134/temporal_diffusion/video-diffusion-model-v2/tools/my_cal_metrics_for_dataset.py", line 185, in <module>
    num_frames = get_num_frames(args.fake_data_path)
                 ^^^^^^^^^^^^^^^^^^^^^^^^^^^^^^^^^^^
  File "/weka/s224075134/temporal_diffusion/video-diffusion-model-v2/tools/my_cal_metrics_for_dataset.py", line 158, in get_num_frames
    video_files = [f for f in os.listdir(video_dir) if f.endswith(('.mp4', '.avi', '.mov', '.mkv'))]
                              ^^^^^^^^^^^^^^^^^^^^^
FileNotFoundError: [Errno 2] No such file or directory: 'generation/ucf101_img256/000-FusedMatLatteIMG-XL-128-512-2-concat-F16S3-ucf101_img256-ImageNetPretrained-Compile-Amp-loadpixel/ddpm_250/0670000'
Traceback (most recent call last):
  File "/weka/s224075134/temporal_diffusion/video-diffusion-model-v2/tools/my_cal_metrics_for_dataset.py", line 185, in <module>
    num_frames = get_num_frames(args.fake_data_path)
                 ^^^^^^^^^^^^^^^^^^^^^^^^^^^^^^^^^^^
  File "/weka/s224075134/temporal_diffusion/video-diffusion-model-v2/tools/my_cal_metrics_for_dataset.py", line 158, in get_num_frames
    video_files = [f for f in os.listdir(video_dir) if f.endswith(('.mp4', '.avi', '.mov', '.mkv'))]
                              ^^^^^^^^^^^^^^^^^^^^^
FileNotFoundError: [Errno 2] No such file or directory: 'generation/ucf101_img256/000-FusedMatLatteIMG-XL-128-512-2-concat-F16S3-ucf101_img256-ImageNetPretrained-Compile-Amp-loadpixel/ddpm_250/0670000'
Traceback (most recent call last):
  File "/weka/s224075134/temporal_diffusion/video-diffusion-model-v2/tools/my_cal_metrics_for_dataset.py", line 185, in <module>
    num_frames = get_num_frames(args.fake_data_path)
                 ^^^^^^^^^^^^^^^^^^^^^^^^^^^^^^^^^^^
  File "/weka/s224075134/temporal_diffusion/video-diffusion-model-v2/tools/my_cal_metrics_for_dataset.py", line 158, in get_num_frames
    video_files = [f for f in os.listdir(video_dir) if f.endswith(('.mp4', '.avi', '.mov', '.mkv'))]
                              ^^^^^^^^^^^^^^^^^^^^^
FileNotFoundError: [Errno 2] No such file or directory: 'generation/ucf101_img256/000-FusedMatLatteIMG-XL-128-512-2-concat-F16S3-ucf101_img256-ImageNetPretrained-Compile-Amp-loadpixel/ddpm_250/0670000'
Traceback (most recent call last):
  File "/weka/s224075134/temporal_diffusion/video-diffusion-model-v2/tools/my_cal_metrics_for_dataset.py", line 185, in <module>
    num_frames = get_num_frames(args.fake_data_path)
                 ^^^^^^^^^^^^^^^^^^^^^^^^^^^^^^^^^^^
  File "/weka/s224075134/temporal_diffusion/video-diffusion-model-v2/tools/my_cal_metrics_for_dataset.py", line 158, in get_num_frames
    video_files = [f for f in os.listdir(video_dir) if f.endswith(('.mp4', '.avi', '.mov', '.mkv'))]
                              ^^^^^^^^^^^^^^^^^^^^^
FileNotFoundError: [Errno 2] No such file or directory: 'generation/ucf101_img256/000-FusedMatLatteIMG-XL-128-512-2-concat-F16S3-ucf101_img256-ImageNetPretrained-Compile-Amp-loadpixel/ddpm_250/0670000'
Traceback (most recent call last):
  File "/weka/s224075134/temporal_diffusion/video-diffusion-model-v2/tools/my_cal_metrics_for_dataset.py", line 185, in <module>
    num_frames = get_num_frames(args.fake_data_path)
                 ^^^^^^^^^^^^^^^^^^^^^^^^^^^^^^^^^^^
  File "/weka/s224075134/temporal_diffusion/video-diffusion-model-v2/tools/my_cal_metrics_for_dataset.py", line 158, in get_num_frames
    video_files = [f for f in os.listdir(video_dir) if f.endswith(('.mp4', '.avi', '.mov', '.mkv'))]
                              ^^^^^^^^^^^^^^^^^^^^^
FileNotFoundError: [Errno 2] No such file or directory: 'generation/ucf101_img256/000-FusedMatLatteIMG-XL-128-512-2-concat-F16S3-ucf101_img256-ImageNetPretrained-Compile-Amp-loadpixel/ddpm_250/0670000'
Traceback (most recent call last):
  File "/weka/s224075134/temporal_diffusion/video-diffusion-model-v2/tools/my_cal_metrics_for_dataset.py", line 185, in <module>
    num_frames = get_num_frames(args.fake_data_path)
                 ^^^^^^^^^^^^^^^^^^^^^^^^^^^^^^^^^^^
  File "/weka/s224075134/temporal_diffusion/video-diffusion-model-v2/tools/my_cal_metrics_for_dataset.py", line 158, in get_num_frames
    video_files = [f for f in os.listdir(video_dir) if f.endswith(('.mp4', '.avi', '.mov', '.mkv'))]
                              ^^^^^^^^^^^^^^^^^^^^^
FileNotFoundError: [Errno 2] No such file or directory: 'generation/ucf101_img256/000-FusedMatLatteIMG-XL-128-512-2-concat-F16S3-ucf101_img256-ImageNetPretrained-Compile-Amp-loadpixel/ddpm_250/0670000'
Traceback (most recent call last):
  File "/weka/s224075134/temporal_diffusion/video-diffusion-model-v2/tools/my_cal_metrics_for_dataset.py", line 185, in <module>
    num_frames = get_num_frames(args.fake_data_path)
                 ^^^^^^^^^^^^^^^^^^^^^^^^^^^^^^^^^^^
  File "/weka/s224075134/temporal_diffusion/video-diffusion-model-v2/tools/my_cal_metrics_for_dataset.py", line 158, in get_num_frames
    video_files = [f for f in os.listdir(video_dir) if f.endswith(('.mp4', '.avi', '.mov', '.mkv'))]
                              ^^^^^^^^^^^^^^^^^^^^^
FileNotFoundError: [Errno 2] No such file or directory: 'generation/ucf101_img256/000-FusedMatLatteIMG-XL-128-512-2-concat-F16S3-ucf101_img256-ImageNetPretrained-Compile-Amp-loadpixel/ddpm_250/0670000'
Traceback (most recent call last):
  File "/weka/s224075134/temporal_diffusion/video-diffusion-model-v2/tools/my_cal_metrics_for_dataset.py", line 185, in <module>
    num_frames = get_num_frames(args.fake_data_path)
                 ^^^^^^^^^^^^^^^^^^^^^^^^^^^^^^^^^^^
  File "/weka/s224075134/temporal_diffusion/video-diffusion-model-v2/tools/my_cal_metrics_for_dataset.py", line 158, in get_num_frames
    video_files = [f for f in os.listdir(video_dir) if f.endswith(('.mp4', '.avi', '.mov', '.mkv'))]
                              ^^^^^^^^^^^^^^^^^^^^^
FileNotFoundError: [Errno 2] No such file or directory: 'generation/ucf101_img256/000-FusedMatLatteIMG-XL-128-512-2-concat-F16S3-ucf101_img256-ImageNetPretrained-Compile-Amp-loadpixel/ddpm_250/0670000'
Traceback (most recent call last):
  File "/weka/s224075134/temporal_diffusion/video-diffusion-model-v2/tools/my_cal_metrics_for_dataset.py", line 185, in <module>
    num_frames = get_num_frames(args.fake_data_path)
                 ^^^^^^^^^^^^^^^^^^^^^^^^^^^^^^^^^^^
  File "/weka/s224075134/temporal_diffusion/video-diffusion-model-v2/tools/my_cal_metrics_for_dataset.py", line 158, in get_num_frames
    video_files = [f for f in os.listdir(video_dir) if f.endswith(('.mp4', '.avi', '.mov', '.mkv'))]
                              ^^^^^^^^^^^^^^^^^^^^^
FileNotFoundError: [Errno 2] No such file or directory: 'generation/ucf101_img256/000-FusedMatLatteIMG-XL-128-512-2-concat-F16S3-ucf101_img256-ImageNetPretrained-Compile-Amp-loadpixel/ddpm_250/0670000'
Traceback (most recent call last):
  File "/weka/s224075134/temporal_diffusion/video-diffusion-model-v2/tools/my_cal_metrics_for_dataset.py", line 185, in <module>
    num_frames = get_num_frames(args.fake_data_path)
                 ^^^^^^^^^^^^^^^^^^^^^^^^^^^^^^^^^^^
  File "/weka/s224075134/temporal_diffusion/video-diffusion-model-v2/tools/my_cal_metrics_for_dataset.py", line 158, in get_num_frames
    video_files = [f for f in os.listdir(video_dir) if f.endswith(('.mp4', '.avi', '.mov', '.mkv'))]
                              ^^^^^^^^^^^^^^^^^^^^^
FileNotFoundError: [Errno 2] No such file or directory: 'generation/ucf101_img256/000-FusedMatLatteIMG-XL-128-512-2-concat-F16S3-ucf101_img256-ImageNetPretrained-Compile-Amp-loadpixel/ddpm_250/0670000'
Traceback (most recent call last):
  File "/weka/s224075134/temporal_diffusion/video-diffusion-model-v2/tools/my_cal_metrics_for_dataset.py", line 185, in <module>
    num_frames = get_num_frames(args.fake_data_path)
                 ^^^^^^^^^^^^^^^^^^^^^^^^^^^^^^^^^^^
  File "/weka/s224075134/temporal_diffusion/video-diffusion-model-v2/tools/my_cal_metrics_for_dataset.py", line 158, in get_num_frames
    video_files = [f for f in os.listdir(video_dir) if f.endswith(('.mp4', '.avi', '.mov', '.mkv'))]
                              ^^^^^^^^^^^^^^^^^^^^^
FileNotFoundError: [Errno 2] No such file or directory: 'generation/ucf101_img256/000-FusedMatLatteIMG-XL-128-512-2-concat-F16S3-ucf101_img256-ImageNetPretrained-Compile-Amp-loadpixel/ddpm_250/0670000'
Traceback (most recent call last):
  File "/weka/s224075134/temporal_diffusion/video-diffusion-model-v2/tools/my_cal_metrics_for_dataset.py", line 185, in <module>
    num_frames = get_num_frames(args.fake_data_path)
                 ^^^^^^^^^^^^^^^^^^^^^^^^^^^^^^^^^^^
  File "/weka/s224075134/temporal_diffusion/video-diffusion-model-v2/tools/my_cal_metrics_for_dataset.py", line 158, in get_num_frames
    video_files = [f for f in os.listdir(video_dir) if f.endswith(('.mp4', '.avi', '.mov', '.mkv'))]
                              ^^^^^^^^^^^^^^^^^^^^^
FileNotFoundError: [Errno 2] No such file or directory: 'generation/ucf101_img256/000-FusedMatLatteIMG-XL-128-512-2-concat-F16S3-ucf101_img256-ImageNetPretrained-Compile-Amp-loadpixel/ddpm_250/0670000'
Traceback (most recent call last):
  File "/weka/s224075134/temporal_diffusion/video-diffusion-model-v2/tools/my_cal_metrics_for_dataset.py", line 185, in <module>
    num_frames = get_num_frames(args.fake_data_path)
                 ^^^^^^^^^^^^^^^^^^^^^^^^^^^^^^^^^^^
  File "/weka/s224075134/temporal_diffusion/video-diffusion-model-v2/tools/my_cal_metrics_for_dataset.py", line 158, in get_num_frames
    video_files = [f for f in os.listdir(video_dir) if f.endswith(('.mp4', '.avi', '.mov', '.mkv'))]
                              ^^^^^^^^^^^^^^^^^^^^^
FileNotFoundError: [Errno 2] No such file or directory: 'generation/ucf101_img256/000-FusedMatLatteIMG-XL-128-512-2-concat-F16S3-ucf101_img256-ImageNetPretrained-Compile-Amp-loadpixel/ddpm_250/0670000'
Traceback (most recent call last):
  File "/weka/s224075134/temporal_diffusion/video-diffusion-model-v2/tools/my_cal_metrics_for_dataset.py", line 185, in <module>
    num_frames = get_num_frames(args.fake_data_path)
                 ^^^^^^^^^^^^^^^^^^^^^^^^^^^^^^^^^^^
  File "/weka/s224075134/temporal_diffusion/video-diffusion-model-v2/tools/my_cal_metrics_for_dataset.py", line 158, in get_num_frames
    video_files = [f for f in os.listdir(video_dir) if f.endswith(('.mp4', '.avi', '.mov', '.mkv'))]
                              ^^^^^^^^^^^^^^^^^^^^^
FileNotFoundError: [Errno 2] No such file or directory: 'generation/ucf101_img256/000-FusedMatLatteIMG-XL-128-512-2-concat-F16S3-ucf101_img256-ImageNetPretrained-Compile-Amp-loadpixel/ddpm_250/0670000'
Traceback (most recent call last):
  File "/weka/s224075134/temporal_diffusion/video-diffusion-model-v2/tools/my_cal_metrics_for_dataset.py", line 185, in <module>
    num_frames = get_num_frames(args.fake_data_path)
                 ^^^^^^^^^^^^^^^^^^^^^^^^^^^^^^^^^^^
  File "/weka/s224075134/temporal_diffusion/video-diffusion-model-v2/tools/my_cal_metrics_for_dataset.py", line 158, in get_num_frames
    video_files = [f for f in os.listdir(video_dir) if f.endswith(('.mp4', '.avi', '.mov', '.mkv'))]
                              ^^^^^^^^^^^^^^^^^^^^^
FileNotFoundError: [Errno 2] No such file or directory: 'generation/ucf101_img256/000-FusedMatLatteIMG-XL-128-512-2-concat-F16S3-ucf101_img256-ImageNetPretrained-Compile-Amp-loadpixel/ddpm_250/0670000'
Traceback (most recent call last):
  File "/weka/s224075134/temporal_diffusion/video-diffusion-model-v2/tools/my_cal_metrics_for_dataset.py", line 185, in <module>
    num_frames = get_num_frames(args.fake_data_path)
                 ^^^^^^^^^^^^^^^^^^^^^^^^^^^^^^^^^^^
  File "/weka/s224075134/temporal_diffusion/video-diffusion-model-v2/tools/my_cal_metrics_for_dataset.py", line 158, in get_num_frames
    video_files = [f for f in os.listdir(video_dir) if f.endswith(('.mp4', '.avi', '.mov', '.mkv'))]
                              ^^^^^^^^^^^^^^^^^^^^^
FileNotFoundError: [Errno 2] No such file or directory: 'generation/ucf101_img256/000-FusedMatLatteIMG-XL-128-512-2-concat-F16S3-ucf101_img256-ImageNetPretrained-Compile-Amp-loadpixel/ddpm_250/0670000'
Traceback (most recent call last):
  File "/weka/s224075134/temporal_diffusion/video-diffusion-model-v2/tools/my_cal_metrics_for_dataset.py", line 185, in <module>
    num_frames = get_num_frames(args.fake_data_path)
                 ^^^^^^^^^^^^^^^^^^^^^^^^^^^^^^^^^^^
  File "/weka/s224075134/temporal_diffusion/video-diffusion-model-v2/tools/my_cal_metrics_for_dataset.py", line 158, in get_num_frames
    video_files = [f for f in os.listdir(video_dir) if f.endswith(('.mp4', '.avi', '.mov', '.mkv'))]
                              ^^^^^^^^^^^^^^^^^^^^^
FileNotFoundError: [Errno 2] No such file or directory: 'generation/ucf101_img256/000-FusedMatLatteIMG-XL-128-512-2-concat-F16S3-ucf101_img256-ImageNetPretrained-Compile-Amp-loadpixel/ddpm_250/0670000'
Traceback (most recent call last):
  File "/weka/s224075134/temporal_diffusion/video-diffusion-model-v2/tools/my_cal_metrics_for_dataset.py", line 185, in <module>
    num_frames = get_num_frames(args.fake_data_path)
                 ^^^^^^^^^^^^^^^^^^^^^^^^^^^^^^^^^^^
  File "/weka/s224075134/temporal_diffusion/video-diffusion-model-v2/tools/my_cal_metrics_for_dataset.py", line 158, in get_num_frames
    video_files = [f for f in os.listdir(video_dir) if f.endswith(('.mp4', '.avi', '.mov', '.mkv'))]
                              ^^^^^^^^^^^^^^^^^^^^^
FileNotFoundError: [Errno 2] No such file or directory: 'generation/ucf101_img256/000-FusedMatLatteIMG-XL-128-512-2-concat-F16S3-ucf101_img256-ImageNetPretrained-Compile-Amp-loadpixel/ddpm_250/0670000'
Traceback (most recent call last):
  File "/weka/s224075134/temporal_diffusion/video-diffusion-model-v2/tools/my_cal_metrics_for_dataset.py", line 185, in <module>
    num_frames = get_num_frames(args.fake_data_path)
                 ^^^^^^^^^^^^^^^^^^^^^^^^^^^^^^^^^^^
  File "/weka/s224075134/temporal_diffusion/video-diffusion-model-v2/tools/my_cal_metrics_for_dataset.py", line 158, in get_num_frames
    video_files = [f for f in os.listdir(video_dir) if f.endswith(('.mp4', '.avi', '.mov', '.mkv'))]
                              ^^^^^^^^^^^^^^^^^^^^^
FileNotFoundError: [Errno 2] No such file or directory: 'generation/ucf101_img256/000-FusedMatLatteIMG-XL-128-512-2-concat-F16S3-ucf101_img256-ImageNetPretrained-Compile-Amp-loadpixel/ddpm_250/0670000'
Traceback (most recent call last):
  File "/weka/s224075134/temporal_diffusion/video-diffusion-model-v2/tools/my_cal_metrics_for_dataset.py", line 185, in <module>
    num_frames = get_num_frames(args.fake_data_path)
                 ^^^^^^^^^^^^^^^^^^^^^^^^^^^^^^^^^^^
  File "/weka/s224075134/temporal_diffusion/video-diffusion-model-v2/tools/my_cal_metrics_for_dataset.py", line 158, in get_num_frames
    video_files = [f for f in os.listdir(video_dir) if f.endswith(('.mp4', '.avi', '.mov', '.mkv'))]
                              ^^^^^^^^^^^^^^^^^^^^^
FileNotFoundError: [Errno 2] No such file or directory: 'generation/ucf101_img256/000-FusedMatLatteIMG-XL-128-512-2-concat-F16S3-ucf101_img256-ImageNetPretrained-Compile-Amp-loadpixel/ddpm_250/0670000'
Traceback (most recent call last):
  File "/weka/s224075134/temporal_diffusion/video-diffusion-model-v2/tools/my_cal_metrics_for_dataset.py", line 185, in <module>
    num_frames = get_num_frames(args.fake_data_path)
                 ^^^^^^^^^^^^^^^^^^^^^^^^^^^^^^^^^^^
  File "/weka/s224075134/temporal_diffusion/video-diffusion-model-v2/tools/my_cal_metrics_for_dataset.py", line 158, in get_num_frames
    video_files = [f for f in os.listdir(video_dir) if f.endswith(('.mp4', '.avi', '.mov', '.mkv'))]
                              ^^^^^^^^^^^^^^^^^^^^^
FileNotFoundError: [Errno 2] No such file or directory: 'generation/ucf101_img256/000-FusedMatLatteIMG-XL-128-512-2-concat-F16S3-ucf101_img256-ImageNetPretrained-Compile-Amp-loadpixel/ddpm_250/0670000'
Traceback (most recent call last):
  File "/weka/s224075134/temporal_diffusion/video-diffusion-model-v2/tools/my_cal_metrics_for_dataset.py", line 185, in <module>
    num_frames = get_num_frames(args.fake_data_path)
                 ^^^^^^^^^^^^^^^^^^^^^^^^^^^^^^^^^^^
  File "/weka/s224075134/temporal_diffusion/video-diffusion-model-v2/tools/my_cal_metrics_for_dataset.py", line 158, in get_num_frames
    video_files = [f for f in os.listdir(video_dir) if f.endswith(('.mp4', '.avi', '.mov', '.mkv'))]
                              ^^^^^^^^^^^^^^^^^^^^^
FileNotFoundError: [Errno 2] No such file or directory: 'generation/ucf101_img256/000-FusedMatLatteIMG-XL-128-512-2-concat-F16S3-ucf101_img256-ImageNetPretrained-Compile-Amp-loadpixel/ddpm_250/0670000'
Traceback (most recent call last):
  File "/weka/s224075134/temporal_diffusion/video-diffusion-model-v2/tools/my_cal_metrics_for_dataset.py", line 185, in <module>
    num_frames = get_num_frames(args.fake_data_path)
                 ^^^^^^^^^^^^^^^^^^^^^^^^^^^^^^^^^^^
  File "/weka/s224075134/temporal_diffusion/video-diffusion-model-v2/tools/my_cal_metrics_for_dataset.py", line 158, in get_num_frames
    video_files = [f for f in os.listdir(video_dir) if f.endswith(('.mp4', '.avi', '.mov', '.mkv'))]
                              ^^^^^^^^^^^^^^^^^^^^^
FileNotFoundError: [Errno 2] No such file or directory: 'generation/ucf101_img256/000-FusedMatLatteIMG-XL-128-512-2-concat-F16S3-ucf101_img256-ImageNetPretrained-Compile-Amp-loadpixel/ddpm_250/0670000'
Traceback (most recent call last):
  File "/weka/s224075134/temporal_diffusion/video-diffusion-model-v2/tools/my_cal_metrics_for_dataset.py", line 185, in <module>
    num_frames = get_num_frames(args.fake_data_path)
                 ^^^^^^^^^^^^^^^^^^^^^^^^^^^^^^^^^^^
  File "/weka/s224075134/temporal_diffusion/video-diffusion-model-v2/tools/my_cal_metrics_for_dataset.py", line 158, in get_num_frames
    video_files = [f for f in os.listdir(video_dir) if f.endswith(('.mp4', '.avi', '.mov', '.mkv'))]
                              ^^^^^^^^^^^^^^^^^^^^^
FileNotFoundError: [Errno 2] No such file or directory: 'generation/ucf101_img256/000-FusedMatLatteIMG-XL-128-512-2-concat-F16S3-ucf101_img256-ImageNetPretrained-Compile-Amp-loadpixel/ddpm_250/0670000'
Traceback (most recent call last):
  File "/weka/s224075134/temporal_diffusion/video-diffusion-model-v2/tools/my_cal_metrics_for_dataset.py", line 185, in <module>
    num_frames = get_num_frames(args.fake_data_path)
                 ^^^^^^^^^^^^^^^^^^^^^^^^^^^^^^^^^^^
  File "/weka/s224075134/temporal_diffusion/video-diffusion-model-v2/tools/my_cal_metrics_for_dataset.py", line 158, in get_num_frames
    video_files = [f for f in os.listdir(video_dir) if f.endswith(('.mp4', '.avi', '.mov', '.mkv'))]
                              ^^^^^^^^^^^^^^^^^^^^^
FileNotFoundError: [Errno 2] No such file or directory: 'generation/ucf101_img256/000-FusedMatLatteIMG-XL-128-512-2-concat-F16S3-ucf101_img256-ImageNetPretrained-Compile-Amp-loadpixel/ddpm_250/0670000'
Traceback (most recent call last):
  File "/weka/s224075134/temporal_diffusion/video-diffusion-model-v2/tools/my_cal_metrics_for_dataset.py", line 185, in <module>
    num_frames = get_num_frames(args.fake_data_path)
                 ^^^^^^^^^^^^^^^^^^^^^^^^^^^^^^^^^^^
  File "/weka/s224075134/temporal_diffusion/video-diffusion-model-v2/tools/my_cal_metrics_for_dataset.py", line 158, in get_num_frames
    video_files = [f for f in os.listdir(video_dir) if f.endswith(('.mp4', '.avi', '.mov', '.mkv'))]
                              ^^^^^^^^^^^^^^^^^^^^^
FileNotFoundError: [Errno 2] No such file or directory: 'generation/ucf101_img256/000-FusedMatLatteIMG-XL-128-512-2-concat-F16S3-ucf101_img256-ImageNetPretrained-Compile-Amp-loadpixel/ddpm_250/0670000'
Traceback (most recent call last):
  File "/weka/s224075134/temporal_diffusion/video-diffusion-model-v2/tools/my_cal_metrics_for_dataset.py", line 185, in <module>
    num_frames = get_num_frames(args.fake_data_path)
                 ^^^^^^^^^^^^^^^^^^^^^^^^^^^^^^^^^^^
  File "/weka/s224075134/temporal_diffusion/video-diffusion-model-v2/tools/my_cal_metrics_for_dataset.py", line 158, in get_num_frames
    video_files = [f for f in os.listdir(video_dir) if f.endswith(('.mp4', '.avi', '.mov', '.mkv'))]
                              ^^^^^^^^^^^^^^^^^^^^^
FileNotFoundError: [Errno 2] No such file or directory: 'generation/ucf101_img256/000-FusedMatLatteIMG-XL-128-512-2-concat-F16S3-ucf101_img256-ImageNetPretrained-Compile-Amp-loadpixel/ddpm_250/0670000'
Traceback (most recent call last):
  File "/weka/s224075134/temporal_diffusion/video-diffusion-model-v2/tools/my_cal_metrics_for_dataset.py", line 185, in <module>
    num_frames = get_num_frames(args.fake_data_path)
                 ^^^^^^^^^^^^^^^^^^^^^^^^^^^^^^^^^^^
  File "/weka/s224075134/temporal_diffusion/video-diffusion-model-v2/tools/my_cal_metrics_for_dataset.py", line 158, in get_num_frames
    video_files = [f for f in os.listdir(video_dir) if f.endswith(('.mp4', '.avi', '.mov', '.mkv'))]
                              ^^^^^^^^^^^^^^^^^^^^^
FileNotFoundError: [Errno 2] No such file or directory: 'generation/ucf101_img256/000-FusedMatLatteIMG-XL-128-512-2-concat-F16S3-ucf101_img256-ImageNetPretrained-Compile-Amp-loadpixel/ddpm_250/0670000'
Traceback (most recent call last):
  File "/weka/s224075134/temporal_diffusion/video-diffusion-model-v2/tools/my_cal_metrics_for_dataset.py", line 185, in <module>
    num_frames = get_num_frames(args.fake_data_path)
                 ^^^^^^^^^^^^^^^^^^^^^^^^^^^^^^^^^^^
  File "/weka/s224075134/temporal_diffusion/video-diffusion-model-v2/tools/my_cal_metrics_for_dataset.py", line 158, in get_num_frames
    video_files = [f for f in os.listdir(video_dir) if f.endswith(('.mp4', '.avi', '.mov', '.mkv'))]
                              ^^^^^^^^^^^^^^^^^^^^^
FileNotFoundError: [Errno 2] No such file or directory: 'generation/ucf101_img256/000-FusedMatLatteIMG-XL-128-512-2-concat-F16S3-ucf101_img256-ImageNetPretrained-Compile-Amp-loadpixel/ddpm_250/0670000'
Traceback (most recent call last):
  File "/weka/s224075134/temporal_diffusion/video-diffusion-model-v2/tools/my_cal_metrics_for_dataset.py", line 185, in <module>
    num_frames = get_num_frames(args.fake_data_path)
                 ^^^^^^^^^^^^^^^^^^^^^^^^^^^^^^^^^^^
  File "/weka/s224075134/temporal_diffusion/video-diffusion-model-v2/tools/my_cal_metrics_for_dataset.py", line 158, in get_num_frames
    video_files = [f for f in os.listdir(video_dir) if f.endswith(('.mp4', '.avi', '.mov', '.mkv'))]
                              ^^^^^^^^^^^^^^^^^^^^^
FileNotFoundError: [Errno 2] No such file or directory: 'generation/ucf101_img256/000-FusedMatLatteIMG-XL-128-512-2-concat-F16S3-ucf101_img256-ImageNetPretrained-Compile-Amp-loadpixel/ddpm_250/0670000'
Traceback (most recent call last):
  File "/weka/s224075134/temporal_diffusion/video-diffusion-model-v2/tools/my_cal_metrics_for_dataset.py", line 185, in <module>
    num_frames = get_num_frames(args.fake_data_path)
                 ^^^^^^^^^^^^^^^^^^^^^^^^^^^^^^^^^^^
  File "/weka/s224075134/temporal_diffusion/video-diffusion-model-v2/tools/my_cal_metrics_for_dataset.py", line 158, in get_num_frames
    video_files = [f for f in os.listdir(video_dir) if f.endswith(('.mp4', '.avi', '.mov', '.mkv'))]
                              ^^^^^^^^^^^^^^^^^^^^^
FileNotFoundError: [Errno 2] No such file or directory: 'generation/ucf101_img256/000-FusedMatLatteIMG-XL-128-512-2-concat-F16S3-ucf101_img256-ImageNetPretrained-Compile-Amp-loadpixel/ddpm_250/0670000'
Traceback (most recent call last):
  File "/weka/s224075134/temporal_diffusion/video-diffusion-model-v2/tools/my_cal_metrics_for_dataset.py", line 185, in <module>
    num_frames = get_num_frames(args.fake_data_path)
                 ^^^^^^^^^^^^^^^^^^^^^^^^^^^^^^^^^^^
  File "/weka/s224075134/temporal_diffusion/video-diffusion-model-v2/tools/my_cal_metrics_for_dataset.py", line 158, in get_num_frames
    video_files = [f for f in os.listdir(video_dir) if f.endswith(('.mp4', '.avi', '.mov', '.mkv'))]
                              ^^^^^^^^^^^^^^^^^^^^^
FileNotFoundError: [Errno 2] No such file or directory: 'generation/ucf101_img256/000-FusedMatLatteIMG-XL-128-512-2-concat-F16S3-ucf101_img256-ImageNetPretrained-Compile-Amp-loadpixel/ddpm_250/0670000'
Traceback (most recent call last):
  File "/weka/s224075134/temporal_diffusion/video-diffusion-model-v2/tools/my_cal_metrics_for_dataset.py", line 185, in <module>
    num_frames = get_num_frames(args.fake_data_path)
                 ^^^^^^^^^^^^^^^^^^^^^^^^^^^^^^^^^^^
  File "/weka/s224075134/temporal_diffusion/video-diffusion-model-v2/tools/my_cal_metrics_for_dataset.py", line 158, in get_num_frames
    video_files = [f for f in os.listdir(video_dir) if f.endswith(('.mp4', '.avi', '.mov', '.mkv'))]
                              ^^^^^^^^^^^^^^^^^^^^^
FileNotFoundError: [Errno 2] No such file or directory: 'generation/ucf101_img256/000-FusedMatLatteIMG-XL-128-512-2-concat-F16S3-ucf101_img256-ImageNetPretrained-Compile-Amp-loadpixel/ddpm_250/0670000'
Traceback (most recent call last):
  File "/weka/s224075134/temporal_diffusion/video-diffusion-model-v2/tools/my_cal_metrics_for_dataset.py", line 185, in <module>
    num_frames = get_num_frames(args.fake_data_path)
                 ^^^^^^^^^^^^^^^^^^^^^^^^^^^^^^^^^^^
  File "/weka/s224075134/temporal_diffusion/video-diffusion-model-v2/tools/my_cal_metrics_for_dataset.py", line 158, in get_num_frames
    video_files = [f for f in os.listdir(video_dir) if f.endswith(('.mp4', '.avi', '.mov', '.mkv'))]
                              ^^^^^^^^^^^^^^^^^^^^^
FileNotFoundError: [Errno 2] No such file or directory: 'generation/ucf101_img256/000-FusedMatLatteIMG-XL-128-512-2-concat-F16S3-ucf101_img256-ImageNetPretrained-Compile-Amp-loadpixel/ddpm_250/0670000'
Traceback (most recent call last):
  File "/weka/s224075134/temporal_diffusion/video-diffusion-model-v2/tools/my_cal_metrics_for_dataset.py", line 185, in <module>
    num_frames = get_num_frames(args.fake_data_path)
                 ^^^^^^^^^^^^^^^^^^^^^^^^^^^^^^^^^^^
  File "/weka/s224075134/temporal_diffusion/video-diffusion-model-v2/tools/my_cal_metrics_for_dataset.py", line 158, in get_num_frames
    video_files = [f for f in os.listdir(video_dir) if f.endswith(('.mp4', '.avi', '.mov', '.mkv'))]
                              ^^^^^^^^^^^^^^^^^^^^^
FileNotFoundError: [Errno 2] No such file or directory: 'generation/ucf101_img256/000-FusedMatLatteIMG-XL-128-512-2-concat-F16S3-ucf101_img256-ImageNetPretrained-Compile-Amp-loadpixel/ddpm_250/0670000'
Traceback (most recent call last):
  File "/weka/s224075134/temporal_diffusion/video-diffusion-model-v2/tools/my_cal_metrics_for_dataset.py", line 185, in <module>
    num_frames = get_num_frames(args.fake_data_path)
                 ^^^^^^^^^^^^^^^^^^^^^^^^^^^^^^^^^^^
  File "/weka/s224075134/temporal_diffusion/video-diffusion-model-v2/tools/my_cal_metrics_for_dataset.py", line 158, in get_num_frames
    video_files = [f for f in os.listdir(video_dir) if f.endswith(('.mp4', '.avi', '.mov', '.mkv'))]
                              ^^^^^^^^^^^^^^^^^^^^^
FileNotFoundError: [Errno 2] No such file or directory: 'generation/ucf101_img256/000-FusedMatLatteIMG-XL-128-512-2-concat-F16S3-ucf101_img256-ImageNetPretrained-Compile-Amp-loadpixel/ddpm_250/0670000'
Traceback (most recent call last):
  File "/weka/s224075134/temporal_diffusion/video-diffusion-model-v2/tools/my_cal_metrics_for_dataset.py", line 185, in <module>
    num_frames = get_num_frames(args.fake_data_path)
                 ^^^^^^^^^^^^^^^^^^^^^^^^^^^^^^^^^^^
  File "/weka/s224075134/temporal_diffusion/video-diffusion-model-v2/tools/my_cal_metrics_for_dataset.py", line 158, in get_num_frames
    video_files = [f for f in os.listdir(video_dir) if f.endswith(('.mp4', '.avi', '.mov', '.mkv'))]
                              ^^^^^^^^^^^^^^^^^^^^^
FileNotFoundError: [Errno 2] No such file or directory: 'generation/ucf101_img256/000-FusedMatLatteIMG-XL-128-512-2-concat-F16S3-ucf101_img256-ImageNetPretrained-Compile-Amp-loadpixel/ddpm_250/0670000'
Traceback (most recent call last):
  File "/weka/s224075134/temporal_diffusion/video-diffusion-model-v2/tools/my_cal_metrics_for_dataset.py", line 185, in <module>
    num_frames = get_num_frames(args.fake_data_path)
                 ^^^^^^^^^^^^^^^^^^^^^^^^^^^^^^^^^^^
  File "/weka/s224075134/temporal_diffusion/video-diffusion-model-v2/tools/my_cal_metrics_for_dataset.py", line 158, in get_num_frames
    video_files = [f for f in os.listdir(video_dir) if f.endswith(('.mp4', '.avi', '.mov', '.mkv'))]
                              ^^^^^^^^^^^^^^^^^^^^^
FileNotFoundError: [Errno 2] No such file or directory: 'generation/ucf101_img256/000-FusedMatLatteIMG-XL-128-512-2-concat-F16S3-ucf101_img256-ImageNetPretrained-Compile-Amp-loadpixel/ddpm_250/0670000'
Traceback (most recent call last):
  File "/weka/s224075134/temporal_diffusion/video-diffusion-model-v2/tools/my_cal_metrics_for_dataset.py", line 185, in <module>
    num_frames = get_num_frames(args.fake_data_path)
                 ^^^^^^^^^^^^^^^^^^^^^^^^^^^^^^^^^^^
  File "/weka/s224075134/temporal_diffusion/video-diffusion-model-v2/tools/my_cal_metrics_for_dataset.py", line 158, in get_num_frames
    video_files = [f for f in os.listdir(video_dir) if f.endswith(('.mp4', '.avi', '.mov', '.mkv'))]
                              ^^^^^^^^^^^^^^^^^^^^^
FileNotFoundError: [Errno 2] No such file or directory: 'generation/ucf101_img256/000-FusedMatLatteIMG-XL-128-512-2-concat-F16S3-ucf101_img256-ImageNetPretrained-Compile-Amp-loadpixel/ddpm_250/0670000'
Traceback (most recent call last):
  File "/weka/s224075134/temporal_diffusion/video-diffusion-model-v2/tools/my_cal_metrics_for_dataset.py", line 185, in <module>
    num_frames = get_num_frames(args.fake_data_path)
                 ^^^^^^^^^^^^^^^^^^^^^^^^^^^^^^^^^^^
  File "/weka/s224075134/temporal_diffusion/video-diffusion-model-v2/tools/my_cal_metrics_for_dataset.py", line 158, in get_num_frames
    video_files = [f for f in os.listdir(video_dir) if f.endswith(('.mp4', '.avi', '.mov', '.mkv'))]
                              ^^^^^^^^^^^^^^^^^^^^^
FileNotFoundError: [Errno 2] No such file or directory: 'generation/ucf101_img256/000-FusedMatLatteIMG-XL-128-512-2-concat-F16S3-ucf101_img256-ImageNetPretrained-Compile-Amp-loadpixel/ddpm_250/0670000'
Traceback (most recent call last):
  File "/weka/s224075134/temporal_diffusion/video-diffusion-model-v2/tools/my_cal_metrics_for_dataset.py", line 185, in <module>
    num_frames = get_num_frames(args.fake_data_path)
                 ^^^^^^^^^^^^^^^^^^^^^^^^^^^^^^^^^^^
  File "/weka/s224075134/temporal_diffusion/video-diffusion-model-v2/tools/my_cal_metrics_for_dataset.py", line 158, in get_num_frames
    video_files = [f for f in os.listdir(video_dir) if f.endswith(('.mp4', '.avi', '.mov', '.mkv'))]
                              ^^^^^^^^^^^^^^^^^^^^^
FileNotFoundError: [Errno 2] No such file or directory: 'generation/ucf101_img256/000-FusedMatLatteIMG-XL-128-512-2-concat-F16S3-ucf101_img256-ImageNetPretrained-Compile-Amp-loadpixel/ddpm_250/0670000'
Traceback (most recent call last):
  File "/weka/s224075134/temporal_diffusion/video-diffusion-model-v2/tools/my_cal_metrics_for_dataset.py", line 185, in <module>
    num_frames = get_num_frames(args.fake_data_path)
                 ^^^^^^^^^^^^^^^^^^^^^^^^^^^^^^^^^^^
  File "/weka/s224075134/temporal_diffusion/video-diffusion-model-v2/tools/my_cal_metrics_for_dataset.py", line 158, in get_num_frames
    video_files = [f for f in os.listdir(video_dir) if f.endswith(('.mp4', '.avi', '.mov', '.mkv'))]
                              ^^^^^^^^^^^^^^^^^^^^^
FileNotFoundError: [Errno 2] No such file or directory: 'generation/ucf101_img256/000-FusedMatLatteIMG-XL-128-512-2-concat-F16S3-ucf101_img256-ImageNetPretrained-Compile-Amp-loadpixel/ddpm_250/0670000'
Traceback (most recent call last):
  File "/weka/s224075134/temporal_diffusion/video-diffusion-model-v2/tools/my_cal_metrics_for_dataset.py", line 185, in <module>
    num_frames = get_num_frames(args.fake_data_path)
                 ^^^^^^^^^^^^^^^^^^^^^^^^^^^^^^^^^^^
  File "/weka/s224075134/temporal_diffusion/video-diffusion-model-v2/tools/my_cal_metrics_for_dataset.py", line 158, in get_num_frames
    video_files = [f for f in os.listdir(video_dir) if f.endswith(('.mp4', '.avi', '.mov', '.mkv'))]
                              ^^^^^^^^^^^^^^^^^^^^^
FileNotFoundError: [Errno 2] No such file or directory: 'generation/ucf101_img256/000-FusedMatLatteIMG-XL-128-512-2-concat-F16S3-ucf101_img256-ImageNetPretrained-Compile-Amp-loadpixel/ddpm_250/0670000'
Traceback (most recent call last):
  File "/weka/s224075134/temporal_diffusion/video-diffusion-model-v2/tools/my_cal_metrics_for_dataset.py", line 185, in <module>
    num_frames = get_num_frames(args.fake_data_path)
                 ^^^^^^^^^^^^^^^^^^^^^^^^^^^^^^^^^^^
  File "/weka/s224075134/temporal_diffusion/video-diffusion-model-v2/tools/my_cal_metrics_for_dataset.py", line 158, in get_num_frames
    video_files = [f for f in os.listdir(video_dir) if f.endswith(('.mp4', '.avi', '.mov', '.mkv'))]
                              ^^^^^^^^^^^^^^^^^^^^^
FileNotFoundError: [Errno 2] No such file or directory: 'generation/ucf101_img256/000-FusedMatLatteIMG-XL-128-512-2-concat-F16S3-ucf101_img256-ImageNetPretrained-Compile-Amp-loadpixel/ddpm_250/0670000'
Traceback (most recent call last):
  File "/weka/s224075134/temporal_diffusion/video-diffusion-model-v2/tools/my_cal_metrics_for_dataset.py", line 185, in <module>
    num_frames = get_num_frames(args.fake_data_path)
                 ^^^^^^^^^^^^^^^^^^^^^^^^^^^^^^^^^^^
  File "/weka/s224075134/temporal_diffusion/video-diffusion-model-v2/tools/my_cal_metrics_for_dataset.py", line 158, in get_num_frames
    video_files = [f for f in os.listdir(video_dir) if f.endswith(('.mp4', '.avi', '.mov', '.mkv'))]
                              ^^^^^^^^^^^^^^^^^^^^^
FileNotFoundError: [Errno 2] No such file or directory: 'generation/ucf101_img256/000-FusedMatLatteIMG-XL-128-512-2-concat-F16S3-ucf101_img256-ImageNetPretrained-Compile-Amp-loadpixel/ddpm_250/0670000'
Traceback (most recent call last):
  File "/weka/s224075134/temporal_diffusion/video-diffusion-model-v2/tools/my_cal_metrics_for_dataset.py", line 185, in <module>
    num_frames = get_num_frames(args.fake_data_path)
                 ^^^^^^^^^^^^^^^^^^^^^^^^^^^^^^^^^^^
  File "/weka/s224075134/temporal_diffusion/video-diffusion-model-v2/tools/my_cal_metrics_for_dataset.py", line 158, in get_num_frames
    video_files = [f for f in os.listdir(video_dir) if f.endswith(('.mp4', '.avi', '.mov', '.mkv'))]
                              ^^^^^^^^^^^^^^^^^^^^^
FileNotFoundError: [Errno 2] No such file or directory: 'generation/ucf101_img256/000-FusedMatLatteIMG-XL-128-512-2-concat-F16S3-ucf101_img256-ImageNetPretrained-Compile-Amp-loadpixel/ddpm_250/0670000'
Traceback (most recent call last):
  File "/weka/s224075134/temporal_diffusion/video-diffusion-model-v2/tools/my_cal_metrics_for_dataset.py", line 185, in <module>
    num_frames = get_num_frames(args.fake_data_path)
                 ^^^^^^^^^^^^^^^^^^^^^^^^^^^^^^^^^^^
  File "/weka/s224075134/temporal_diffusion/video-diffusion-model-v2/tools/my_cal_metrics_for_dataset.py", line 158, in get_num_frames
    video_files = [f for f in os.listdir(video_dir) if f.endswith(('.mp4', '.avi', '.mov', '.mkv'))]
                              ^^^^^^^^^^^^^^^^^^^^^
FileNotFoundError: [Errno 2] No such file or directory: 'generation/ucf101_img256/000-FusedMatLatteIMG-XL-128-512-2-concat-F16S3-ucf101_img256-ImageNetPretrained-Compile-Amp-loadpixel/ddpm_250/0670000'
Traceback (most recent call last):
  File "/weka/s224075134/temporal_diffusion/video-diffusion-model-v2/tools/my_cal_metrics_for_dataset.py", line 185, in <module>
    num_frames = get_num_frames(args.fake_data_path)
                 ^^^^^^^^^^^^^^^^^^^^^^^^^^^^^^^^^^^
  File "/weka/s224075134/temporal_diffusion/video-diffusion-model-v2/tools/my_cal_metrics_for_dataset.py", line 158, in get_num_frames
    video_files = [f for f in os.listdir(video_dir) if f.endswith(('.mp4', '.avi', '.mov', '.mkv'))]
                              ^^^^^^^^^^^^^^^^^^^^^
FileNotFoundError: [Errno 2] No such file or directory: 'generation/ucf101_img256/000-FusedMatLatteIMG-XL-128-512-2-concat-F16S3-ucf101_img256-ImageNetPretrained-Compile-Amp-loadpixel/ddpm_250/0670000'
Traceback (most recent call last):
  File "/weka/s224075134/temporal_diffusion/video-diffusion-model-v2/tools/my_cal_metrics_for_dataset.py", line 185, in <module>
    num_frames = get_num_frames(args.fake_data_path)
                 ^^^^^^^^^^^^^^^^^^^^^^^^^^^^^^^^^^^
  File "/weka/s224075134/temporal_diffusion/video-diffusion-model-v2/tools/my_cal_metrics_for_dataset.py", line 158, in get_num_frames
    video_files = [f for f in os.listdir(video_dir) if f.endswith(('.mp4', '.avi', '.mov', '.mkv'))]
                              ^^^^^^^^^^^^^^^^^^^^^
FileNotFoundError: [Errno 2] No such file or directory: 'generation/ucf101_img256/000-FusedMatLatteIMG-XL-128-512-2-concat-F16S3-ucf101_img256-ImageNetPretrained-Compile-Amp-loadpixel/ddpm_250/0670000'
Traceback (most recent call last):
  File "/weka/s224075134/temporal_diffusion/video-diffusion-model-v2/tools/my_cal_metrics_for_dataset.py", line 185, in <module>
    num_frames = get_num_frames(args.fake_data_path)
                 ^^^^^^^^^^^^^^^^^^^^^^^^^^^^^^^^^^^
  File "/weka/s224075134/temporal_diffusion/video-diffusion-model-v2/tools/my_cal_metrics_for_dataset.py", line 158, in get_num_frames
    video_files = [f for f in os.listdir(video_dir) if f.endswith(('.mp4', '.avi', '.mov', '.mkv'))]
                              ^^^^^^^^^^^^^^^^^^^^^
FileNotFoundError: [Errno 2] No such file or directory: 'generation/ucf101_img256/000-FusedMatLatteIMG-XL-128-512-2-concat-F16S3-ucf101_img256-ImageNetPretrained-Compile-Amp-loadpixel/ddpm_250/0670000'
Traceback (most recent call last):
  File "/weka/s224075134/temporal_diffusion/video-diffusion-model-v2/tools/my_cal_metrics_for_dataset.py", line 185, in <module>
    num_frames = get_num_frames(args.fake_data_path)
                 ^^^^^^^^^^^^^^^^^^^^^^^^^^^^^^^^^^^
  File "/weka/s224075134/temporal_diffusion/video-diffusion-model-v2/tools/my_cal_metrics_for_dataset.py", line 158, in get_num_frames
    video_files = [f for f in os.listdir(video_dir) if f.endswith(('.mp4', '.avi', '.mov', '.mkv'))]
                              ^^^^^^^^^^^^^^^^^^^^^
FileNotFoundError: [Errno 2] No such file or directory: 'generation/ucf101_img256/000-FusedMatLatteIMG-XL-128-512-2-concat-F16S3-ucf101_img256-ImageNetPretrained-Compile-Amp-loadpixel/ddpm_250/0670000'
Traceback (most recent call last):
  File "/weka/s224075134/temporal_diffusion/video-diffusion-model-v2/tools/my_cal_metrics_for_dataset.py", line 185, in <module>
    num_frames = get_num_frames(args.fake_data_path)
                 ^^^^^^^^^^^^^^^^^^^^^^^^^^^^^^^^^^^
  File "/weka/s224075134/temporal_diffusion/video-diffusion-model-v2/tools/my_cal_metrics_for_dataset.py", line 158, in get_num_frames
    video_files = [f for f in os.listdir(video_dir) if f.endswith(('.mp4', '.avi', '.mov', '.mkv'))]
                              ^^^^^^^^^^^^^^^^^^^^^
FileNotFoundError: [Errno 2] No such file or directory: 'generation/ucf101_img256/000-FusedMatLatteIMG-XL-128-512-2-concat-F16S3-ucf101_img256-ImageNetPretrained-Compile-Amp-loadpixel/ddpm_250/0670000'
Traceback (most recent call last):
  File "/weka/s224075134/temporal_diffusion/video-diffusion-model-v2/tools/my_cal_metrics_for_dataset.py", line 185, in <module>
    num_frames = get_num_frames(args.fake_data_path)
                 ^^^^^^^^^^^^^^^^^^^^^^^^^^^^^^^^^^^
  File "/weka/s224075134/temporal_diffusion/video-diffusion-model-v2/tools/my_cal_metrics_for_dataset.py", line 158, in get_num_frames
    video_files = [f for f in os.listdir(video_dir) if f.endswith(('.mp4', '.avi', '.mov', '.mkv'))]
                              ^^^^^^^^^^^^^^^^^^^^^
FileNotFoundError: [Errno 2] No such file or directory: 'generation/ucf101_img256/000-FusedMatLatteIMG-XL-128-512-2-concat-F16S3-ucf101_img256-ImageNetPretrained-Compile-Amp-loadpixel/ddpm_250/0670000'
Traceback (most recent call last):
  File "/weka/s224075134/temporal_diffusion/video-diffusion-model-v2/tools/my_cal_metrics_for_dataset.py", line 185, in <module>
    num_frames = get_num_frames(args.fake_data_path)
                 ^^^^^^^^^^^^^^^^^^^^^^^^^^^^^^^^^^^
  File "/weka/s224075134/temporal_diffusion/video-diffusion-model-v2/tools/my_cal_metrics_for_dataset.py", line 158, in get_num_frames
    video_files = [f for f in os.listdir(video_dir) if f.endswith(('.mp4', '.avi', '.mov', '.mkv'))]
                              ^^^^^^^^^^^^^^^^^^^^^
FileNotFoundError: [Errno 2] No such file or directory: 'generation/ucf101_img256/000-FusedMatLatteIMG-XL-128-512-2-concat-F16S3-ucf101_img256-ImageNetPretrained-Compile-Amp-loadpixel/ddpm_250/0670000'
Traceback (most recent call last):
  File "/weka/s224075134/temporal_diffusion/video-diffusion-model-v2/tools/my_cal_metrics_for_dataset.py", line 185, in <module>
    num_frames = get_num_frames(args.fake_data_path)
                 ^^^^^^^^^^^^^^^^^^^^^^^^^^^^^^^^^^^
  File "/weka/s224075134/temporal_diffusion/video-diffusion-model-v2/tools/my_cal_metrics_for_dataset.py", line 158, in get_num_frames
    video_files = [f for f in os.listdir(video_dir) if f.endswith(('.mp4', '.avi', '.mov', '.mkv'))]
                              ^^^^^^^^^^^^^^^^^^^^^
FileNotFoundError: [Errno 2] No such file or directory: 'generation/ucf101_img256/000-FusedMatLatteIMG-XL-128-512-2-concat-F16S3-ucf101_img256-ImageNetPretrained-Compile-Amp-loadpixel/ddpm_250/0670000'
Traceback (most recent call last):
  File "/weka/s224075134/temporal_diffusion/video-diffusion-model-v2/tools/my_cal_metrics_for_dataset.py", line 185, in <module>
    num_frames = get_num_frames(args.fake_data_path)
                 ^^^^^^^^^^^^^^^^^^^^^^^^^^^^^^^^^^^
  File "/weka/s224075134/temporal_diffusion/video-diffusion-model-v2/tools/my_cal_metrics_for_dataset.py", line 158, in get_num_frames
    video_files = [f for f in os.listdir(video_dir) if f.endswith(('.mp4', '.avi', '.mov', '.mkv'))]
                              ^^^^^^^^^^^^^^^^^^^^^
FileNotFoundError: [Errno 2] No such file or directory: 'generation/ucf101_img256/000-FusedMatLatteIMG-XL-128-512-2-concat-F16S3-ucf101_img256-ImageNetPretrained-Compile-Amp-loadpixel/ddpm_250/0670000'
Traceback (most recent call last):
  File "/weka/s224075134/temporal_diffusion/video-diffusion-model-v2/tools/my_cal_metrics_for_dataset.py", line 185, in <module>
    num_frames = get_num_frames(args.fake_data_path)
                 ^^^^^^^^^^^^^^^^^^^^^^^^^^^^^^^^^^^
  File "/weka/s224075134/temporal_diffusion/video-diffusion-model-v2/tools/my_cal_metrics_for_dataset.py", line 158, in get_num_frames
    video_files = [f for f in os.listdir(video_dir) if f.endswith(('.mp4', '.avi', '.mov', '.mkv'))]
                              ^^^^^^^^^^^^^^^^^^^^^
FileNotFoundError: [Errno 2] No such file or directory: 'generation/ucf101_img256/000-FusedMatLatteIMG-XL-128-512-2-concat-F16S3-ucf101_img256-ImageNetPretrained-Compile-Amp-loadpixel/ddpm_250/0670000'
Traceback (most recent call last):
  File "/weka/s224075134/temporal_diffusion/video-diffusion-model-v2/tools/my_cal_metrics_for_dataset.py", line 185, in <module>
    num_frames = get_num_frames(args.fake_data_path)
                 ^^^^^^^^^^^^^^^^^^^^^^^^^^^^^^^^^^^
  File "/weka/s224075134/temporal_diffusion/video-diffusion-model-v2/tools/my_cal_metrics_for_dataset.py", line 158, in get_num_frames
    video_files = [f for f in os.listdir(video_dir) if f.endswith(('.mp4', '.avi', '.mov', '.mkv'))]
                              ^^^^^^^^^^^^^^^^^^^^^
FileNotFoundError: [Errno 2] No such file or directory: 'generation/ucf101_img256/000-FusedMatLatteIMG-XL-128-512-2-concat-F16S3-ucf101_img256-ImageNetPretrained-Compile-Amp-loadpixel/ddpm_250/0670000'
Traceback (most recent call last):
  File "/weka/s224075134/temporal_diffusion/video-diffusion-model-v2/tools/my_cal_metrics_for_dataset.py", line 185, in <module>
    num_frames = get_num_frames(args.fake_data_path)
                 ^^^^^^^^^^^^^^^^^^^^^^^^^^^^^^^^^^^
  File "/weka/s224075134/temporal_diffusion/video-diffusion-model-v2/tools/my_cal_metrics_for_dataset.py", line 158, in get_num_frames
    video_files = [f for f in os.listdir(video_dir) if f.endswith(('.mp4', '.avi', '.mov', '.mkv'))]
                              ^^^^^^^^^^^^^^^^^^^^^
FileNotFoundError: [Errno 2] No such file or directory: 'generation/ucf101_img256/000-FusedMatLatteIMG-XL-128-512-2-concat-F16S3-ucf101_img256-ImageNetPretrained-Compile-Amp-loadpixel/ddpm_250/0670000'
Traceback (most recent call last):
  File "/weka/s224075134/temporal_diffusion/video-diffusion-model-v2/tools/my_cal_metrics_for_dataset.py", line 185, in <module>
    num_frames = get_num_frames(args.fake_data_path)
                 ^^^^^^^^^^^^^^^^^^^^^^^^^^^^^^^^^^^
  File "/weka/s224075134/temporal_diffusion/video-diffusion-model-v2/tools/my_cal_metrics_for_dataset.py", line 158, in get_num_frames
    video_files = [f for f in os.listdir(video_dir) if f.endswith(('.mp4', '.avi', '.mov', '.mkv'))]
                              ^^^^^^^^^^^^^^^^^^^^^
FileNotFoundError: [Errno 2] No such file or directory: 'generation/ucf101_img256/000-FusedMatLatteIMG-XL-128-512-2-concat-F16S3-ucf101_img256-ImageNetPretrained-Compile-Amp-loadpixel/ddpm_250/0670000'
Traceback (most recent call last):
  File "/weka/s224075134/temporal_diffusion/video-diffusion-model-v2/tools/my_cal_metrics_for_dataset.py", line 185, in <module>
    num_frames = get_num_frames(args.fake_data_path)
                 ^^^^^^^^^^^^^^^^^^^^^^^^^^^^^^^^^^^
  File "/weka/s224075134/temporal_diffusion/video-diffusion-model-v2/tools/my_cal_metrics_for_dataset.py", line 158, in get_num_frames
    video_files = [f for f in os.listdir(video_dir) if f.endswith(('.mp4', '.avi', '.mov', '.mkv'))]
                              ^^^^^^^^^^^^^^^^^^^^^
FileNotFoundError: [Errno 2] No such file or directory: 'generation/ucf101_img256/000-FusedMatLatteIMG-XL-128-512-2-concat-F16S3-ucf101_img256-ImageNetPretrained-Compile-Amp-loadpixel/ddpm_250/0670000'
Traceback (most recent call last):
  File "/weka/s224075134/temporal_diffusion/video-diffusion-model-v2/tools/my_cal_metrics_for_dataset.py", line 185, in <module>
    num_frames = get_num_frames(args.fake_data_path)
                 ^^^^^^^^^^^^^^^^^^^^^^^^^^^^^^^^^^^
  File "/weka/s224075134/temporal_diffusion/video-diffusion-model-v2/tools/my_cal_metrics_for_dataset.py", line 158, in get_num_frames
    video_files = [f for f in os.listdir(video_dir) if f.endswith(('.mp4', '.avi', '.mov', '.mkv'))]
                              ^^^^^^^^^^^^^^^^^^^^^
FileNotFoundError: [Errno 2] No such file or directory: 'generation/ucf101_img256/000-FusedMatLatteIMG-XL-128-512-2-concat-F16S3-ucf101_img256-ImageNetPretrained-Compile-Amp-loadpixel/ddpm_250/0670000'
Traceback (most recent call last):
  File "/weka/s224075134/temporal_diffusion/video-diffusion-model-v2/tools/my_cal_metrics_for_dataset.py", line 185, in <module>
    num_frames = get_num_frames(args.fake_data_path)
                 ^^^^^^^^^^^^^^^^^^^^^^^^^^^^^^^^^^^
  File "/weka/s224075134/temporal_diffusion/video-diffusion-model-v2/tools/my_cal_metrics_for_dataset.py", line 158, in get_num_frames
    video_files = [f for f in os.listdir(video_dir) if f.endswith(('.mp4', '.avi', '.mov', '.mkv'))]
                              ^^^^^^^^^^^^^^^^^^^^^
FileNotFoundError: [Errno 2] No such file or directory: 'generation/ucf101_img256/000-FusedMatLatteIMG-XL-128-512-2-concat-F16S3-ucf101_img256-ImageNetPretrained-Compile-Amp-loadpixel/ddpm_250/0670000'
Traceback (most recent call last):
  File "/weka/s224075134/temporal_diffusion/video-diffusion-model-v2/tools/my_cal_metrics_for_dataset.py", line 185, in <module>
    num_frames = get_num_frames(args.fake_data_path)
                 ^^^^^^^^^^^^^^^^^^^^^^^^^^^^^^^^^^^
  File "/weka/s224075134/temporal_diffusion/video-diffusion-model-v2/tools/my_cal_metrics_for_dataset.py", line 158, in get_num_frames
    video_files = [f for f in os.listdir(video_dir) if f.endswith(('.mp4', '.avi', '.mov', '.mkv'))]
                              ^^^^^^^^^^^^^^^^^^^^^
FileNotFoundError: [Errno 2] No such file or directory: 'generation/ucf101_img256/000-FusedMatLatteIMG-XL-128-512-2-concat-F16S3-ucf101_img256-ImageNetPretrained-Compile-Amp-loadpixel/ddpm_250/0670000'
Traceback (most recent call last):
  File "/weka/s224075134/temporal_diffusion/video-diffusion-model-v2/tools/my_cal_metrics_for_dataset.py", line 185, in <module>
    num_frames = get_num_frames(args.fake_data_path)
                 ^^^^^^^^^^^^^^^^^^^^^^^^^^^^^^^^^^^
  File "/weka/s224075134/temporal_diffusion/video-diffusion-model-v2/tools/my_cal_metrics_for_dataset.py", line 158, in get_num_frames
    video_files = [f for f in os.listdir(video_dir) if f.endswith(('.mp4', '.avi', '.mov', '.mkv'))]
                              ^^^^^^^^^^^^^^^^^^^^^
FileNotFoundError: [Errno 2] No such file or directory: 'generation/ucf101_img256/000-FusedMatLatteIMG-XL-128-512-2-concat-F16S3-ucf101_img256-ImageNetPretrained-Compile-Amp-loadpixel/ddpm_250/0670000'
Traceback (most recent call last):
  File "/weka/s224075134/temporal_diffusion/video-diffusion-model-v2/tools/my_cal_metrics_for_dataset.py", line 185, in <module>
    num_frames = get_num_frames(args.fake_data_path)
                 ^^^^^^^^^^^^^^^^^^^^^^^^^^^^^^^^^^^
  File "/weka/s224075134/temporal_diffusion/video-diffusion-model-v2/tools/my_cal_metrics_for_dataset.py", line 158, in get_num_frames
    video_files = [f for f in os.listdir(video_dir) if f.endswith(('.mp4', '.avi', '.mov', '.mkv'))]
                              ^^^^^^^^^^^^^^^^^^^^^
FileNotFoundError: [Errno 2] No such file or directory: 'generation/ucf101_img256/000-FusedMatLatteIMG-XL-128-512-2-concat-F16S3-ucf101_img256-ImageNetPretrained-Compile-Amp-loadpixel/ddpm_250/0670000'
Traceback (most recent call last):
  File "/weka/s224075134/temporal_diffusion/video-diffusion-model-v2/tools/my_cal_metrics_for_dataset.py", line 185, in <module>
    num_frames = get_num_frames(args.fake_data_path)
                 ^^^^^^^^^^^^^^^^^^^^^^^^^^^^^^^^^^^
  File "/weka/s224075134/temporal_diffusion/video-diffusion-model-v2/tools/my_cal_metrics_for_dataset.py", line 158, in get_num_frames
    video_files = [f for f in os.listdir(video_dir) if f.endswith(('.mp4', '.avi', '.mov', '.mkv'))]
                              ^^^^^^^^^^^^^^^^^^^^^
FileNotFoundError: [Errno 2] No such file or directory: 'generation/ucf101_img256/000-FusedMatLatteIMG-XL-128-512-2-concat-F16S3-ucf101_img256-ImageNetPretrained-Compile-Amp-loadpixel/ddpm_250/0670000'
Traceback (most recent call last):
  File "/weka/s224075134/temporal_diffusion/video-diffusion-model-v2/tools/my_cal_metrics_for_dataset.py", line 185, in <module>
    num_frames = get_num_frames(args.fake_data_path)
                 ^^^^^^^^^^^^^^^^^^^^^^^^^^^^^^^^^^^
  File "/weka/s224075134/temporal_diffusion/video-diffusion-model-v2/tools/my_cal_metrics_for_dataset.py", line 158, in get_num_frames
    video_files = [f for f in os.listdir(video_dir) if f.endswith(('.mp4', '.avi', '.mov', '.mkv'))]
                              ^^^^^^^^^^^^^^^^^^^^^
FileNotFoundError: [Errno 2] No such file or directory: 'generation/ucf101_img256/000-FusedMatLatteIMG-XL-128-512-2-concat-F16S3-ucf101_img256-ImageNetPretrained-Compile-Amp-loadpixel/ddpm_250/0670000'
Traceback (most recent call last):
  File "/weka/s224075134/temporal_diffusion/video-diffusion-model-v2/tools/my_cal_metrics_for_dataset.py", line 185, in <module>
    num_frames = get_num_frames(args.fake_data_path)
                 ^^^^^^^^^^^^^^^^^^^^^^^^^^^^^^^^^^^
  File "/weka/s224075134/temporal_diffusion/video-diffusion-model-v2/tools/my_cal_metrics_for_dataset.py", line 158, in get_num_frames
    video_files = [f for f in os.listdir(video_dir) if f.endswith(('.mp4', '.avi', '.mov', '.mkv'))]
                              ^^^^^^^^^^^^^^^^^^^^^
FileNotFoundError: [Errno 2] No such file or directory: 'generation/ucf101_img256/000-FusedMatLatteIMG-XL-128-512-2-concat-F16S3-ucf101_img256-ImageNetPretrained-Compile-Amp-loadpixel/ddpm_250/0670000'
Traceback (most recent call last):
  File "/weka/s224075134/temporal_diffusion/video-diffusion-model-v2/tools/my_cal_metrics_for_dataset.py", line 185, in <module>
    num_frames = get_num_frames(args.fake_data_path)
                 ^^^^^^^^^^^^^^^^^^^^^^^^^^^^^^^^^^^
  File "/weka/s224075134/temporal_diffusion/video-diffusion-model-v2/tools/my_cal_metrics_for_dataset.py", line 158, in get_num_frames
    video_files = [f for f in os.listdir(video_dir) if f.endswith(('.mp4', '.avi', '.mov', '.mkv'))]
                              ^^^^^^^^^^^^^^^^^^^^^
FileNotFoundError: [Errno 2] No such file or directory: 'generation/ucf101_img256/000-FusedMatLatteIMG-XL-128-512-2-concat-F16S3-ucf101_img256-ImageNetPretrained-Compile-Amp-loadpixel/ddpm_250/0670000'
Traceback (most recent call last):
  File "/weka/s224075134/temporal_diffusion/video-diffusion-model-v2/tools/my_cal_metrics_for_dataset.py", line 185, in <module>
    num_frames = get_num_frames(args.fake_data_path)
                 ^^^^^^^^^^^^^^^^^^^^^^^^^^^^^^^^^^^
  File "/weka/s224075134/temporal_diffusion/video-diffusion-model-v2/tools/my_cal_metrics_for_dataset.py", line 158, in get_num_frames
    video_files = [f for f in os.listdir(video_dir) if f.endswith(('.mp4', '.avi', '.mov', '.mkv'))]
                              ^^^^^^^^^^^^^^^^^^^^^
FileNotFoundError: [Errno 2] No such file or directory: 'generation/ucf101_img256/000-FusedMatLatteIMG-XL-128-512-2-concat-F16S3-ucf101_img256-ImageNetPretrained-Compile-Amp-loadpixel/ddpm_250/0670000'
Traceback (most recent call last):
  File "/weka/s224075134/temporal_diffusion/video-diffusion-model-v2/tools/my_cal_metrics_for_dataset.py", line 185, in <module>
    num_frames = get_num_frames(args.fake_data_path)
                 ^^^^^^^^^^^^^^^^^^^^^^^^^^^^^^^^^^^
  File "/weka/s224075134/temporal_diffusion/video-diffusion-model-v2/tools/my_cal_metrics_for_dataset.py", line 158, in get_num_frames
    video_files = [f for f in os.listdir(video_dir) if f.endswith(('.mp4', '.avi', '.mov', '.mkv'))]
                              ^^^^^^^^^^^^^^^^^^^^^
FileNotFoundError: [Errno 2] No such file or directory: 'generation/ucf101_img256/000-FusedMatLatteIMG-XL-128-512-2-concat-F16S3-ucf101_img256-ImageNetPretrained-Compile-Amp-loadpixel/ddpm_250/0670000'
Traceback (most recent call last):
  File "/weka/s224075134/temporal_diffusion/video-diffusion-model-v2/tools/my_cal_metrics_for_dataset.py", line 185, in <module>
    num_frames = get_num_frames(args.fake_data_path)
                 ^^^^^^^^^^^^^^^^^^^^^^^^^^^^^^^^^^^
  File "/weka/s224075134/temporal_diffusion/video-diffusion-model-v2/tools/my_cal_metrics_for_dataset.py", line 158, in get_num_frames
    video_files = [f for f in os.listdir(video_dir) if f.endswith(('.mp4', '.avi', '.mov', '.mkv'))]
                              ^^^^^^^^^^^^^^^^^^^^^
FileNotFoundError: [Errno 2] No such file or directory: 'generation/ucf101_img256/000-FusedMatLatteIMG-XL-128-512-2-concat-F16S3-ucf101_img256-ImageNetPretrained-Compile-Amp-loadpixel/ddpm_250/0670000'
Traceback (most recent call last):
  File "/weka/s224075134/temporal_diffusion/video-diffusion-model-v2/tools/my_cal_metrics_for_dataset.py", line 185, in <module>
    num_frames = get_num_frames(args.fake_data_path)
                 ^^^^^^^^^^^^^^^^^^^^^^^^^^^^^^^^^^^
  File "/weka/s224075134/temporal_diffusion/video-diffusion-model-v2/tools/my_cal_metrics_for_dataset.py", line 158, in get_num_frames
    video_files = [f for f in os.listdir(video_dir) if f.endswith(('.mp4', '.avi', '.mov', '.mkv'))]
                              ^^^^^^^^^^^^^^^^^^^^^
FileNotFoundError: [Errno 2] No such file or directory: 'generation/ucf101_img256/000-FusedMatLatteIMG-XL-128-512-2-concat-F16S3-ucf101_img256-ImageNetPretrained-Compile-Amp-loadpixel/ddpm_250/0670000'
Traceback (most recent call last):
  File "/weka/s224075134/temporal_diffusion/video-diffusion-model-v2/tools/my_cal_metrics_for_dataset.py", line 185, in <module>
    num_frames = get_num_frames(args.fake_data_path)
                 ^^^^^^^^^^^^^^^^^^^^^^^^^^^^^^^^^^^
  File "/weka/s224075134/temporal_diffusion/video-diffusion-model-v2/tools/my_cal_metrics_for_dataset.py", line 158, in get_num_frames
    video_files = [f for f in os.listdir(video_dir) if f.endswith(('.mp4', '.avi', '.mov', '.mkv'))]
                              ^^^^^^^^^^^^^^^^^^^^^
FileNotFoundError: [Errno 2] No such file or directory: 'generation/ucf101_img256/000-FusedMatLatteIMG-XL-128-512-2-concat-F16S3-ucf101_img256-ImageNetPretrained-Compile-Amp-loadpixel/ddpm_250/0670000'
Traceback (most recent call last):
  File "/weka/s224075134/temporal_diffusion/video-diffusion-model-v2/tools/my_cal_metrics_for_dataset.py", line 185, in <module>
    num_frames = get_num_frames(args.fake_data_path)
                 ^^^^^^^^^^^^^^^^^^^^^^^^^^^^^^^^^^^
  File "/weka/s224075134/temporal_diffusion/video-diffusion-model-v2/tools/my_cal_metrics_for_dataset.py", line 158, in get_num_frames
    video_files = [f for f in os.listdir(video_dir) if f.endswith(('.mp4', '.avi', '.mov', '.mkv'))]
                              ^^^^^^^^^^^^^^^^^^^^^
FileNotFoundError: [Errno 2] No such file or directory: 'generation/ucf101_img256/000-FusedMatLatteIMG-XL-128-512-2-concat-F16S3-ucf101_img256-ImageNetPretrained-Compile-Amp-loadpixel/ddpm_250/0670000'
Traceback (most recent call last):
  File "/weka/s224075134/temporal_diffusion/video-diffusion-model-v2/tools/my_cal_metrics_for_dataset.py", line 185, in <module>
    num_frames = get_num_frames(args.fake_data_path)
                 ^^^^^^^^^^^^^^^^^^^^^^^^^^^^^^^^^^^
  File "/weka/s224075134/temporal_diffusion/video-diffusion-model-v2/tools/my_cal_metrics_for_dataset.py", line 158, in get_num_frames
    video_files = [f for f in os.listdir(video_dir) if f.endswith(('.mp4', '.avi', '.mov', '.mkv'))]
                              ^^^^^^^^^^^^^^^^^^^^^
FileNotFoundError: [Errno 2] No such file or directory: 'generation/ucf101_img256/000-FusedMatLatteIMG-XL-128-512-2-concat-F16S3-ucf101_img256-ImageNetPretrained-Compile-Amp-loadpixel/ddpm_250/0670000'
Traceback (most recent call last):
  File "/weka/s224075134/temporal_diffusion/video-diffusion-model-v2/tools/my_cal_metrics_for_dataset.py", line 185, in <module>
    num_frames = get_num_frames(args.fake_data_path)
                 ^^^^^^^^^^^^^^^^^^^^^^^^^^^^^^^^^^^
  File "/weka/s224075134/temporal_diffusion/video-diffusion-model-v2/tools/my_cal_metrics_for_dataset.py", line 158, in get_num_frames
    video_files = [f for f in os.listdir(video_dir) if f.endswith(('.mp4', '.avi', '.mov', '.mkv'))]
                              ^^^^^^^^^^^^^^^^^^^^^
FileNotFoundError: [Errno 2] No such file or directory: 'generation/ucf101_img256/000-FusedMatLatteIMG-XL-128-512-2-concat-F16S3-ucf101_img256-ImageNetPretrained-Compile-Amp-loadpixel/ddpm_250/0670000'
Traceback (most recent call last):
  File "/weka/s224075134/temporal_diffusion/video-diffusion-model-v2/tools/my_cal_metrics_for_dataset.py", line 185, in <module>
    num_frames = get_num_frames(args.fake_data_path)
                 ^^^^^^^^^^^^^^^^^^^^^^^^^^^^^^^^^^^
  File "/weka/s224075134/temporal_diffusion/video-diffusion-model-v2/tools/my_cal_metrics_for_dataset.py", line 158, in get_num_frames
    video_files = [f for f in os.listdir(video_dir) if f.endswith(('.mp4', '.avi', '.mov', '.mkv'))]
                              ^^^^^^^^^^^^^^^^^^^^^
FileNotFoundError: [Errno 2] No such file or directory: 'generation/ucf101_img256/000-FusedMatLatteIMG-XL-128-512-2-concat-F16S3-ucf101_img256-ImageNetPretrained-Compile-Amp-loadpixel/ddpm_250/0670000'
Traceback (most recent call last):
  File "/weka/s224075134/temporal_diffusion/video-diffusion-model-v2/tools/my_cal_metrics_for_dataset.py", line 185, in <module>
    num_frames = get_num_frames(args.fake_data_path)
                 ^^^^^^^^^^^^^^^^^^^^^^^^^^^^^^^^^^^
  File "/weka/s224075134/temporal_diffusion/video-diffusion-model-v2/tools/my_cal_metrics_for_dataset.py", line 158, in get_num_frames
    video_files = [f for f in os.listdir(video_dir) if f.endswith(('.mp4', '.avi', '.mov', '.mkv'))]
                              ^^^^^^^^^^^^^^^^^^^^^
FileNotFoundError: [Errno 2] No such file or directory: 'generation/ucf101_img256/000-FusedMatLatteIMG-XL-128-512-2-concat-F16S3-ucf101_img256-ImageNetPretrained-Compile-Amp-loadpixel/ddpm_250/0670000'
Traceback (most recent call last):
  File "/weka/s224075134/temporal_diffusion/video-diffusion-model-v2/tools/my_cal_metrics_for_dataset.py", line 185, in <module>
    num_frames = get_num_frames(args.fake_data_path)
                 ^^^^^^^^^^^^^^^^^^^^^^^^^^^^^^^^^^^
  File "/weka/s224075134/temporal_diffusion/video-diffusion-model-v2/tools/my_cal_metrics_for_dataset.py", line 158, in get_num_frames
    video_files = [f for f in os.listdir(video_dir) if f.endswith(('.mp4', '.avi', '.mov', '.mkv'))]
                              ^^^^^^^^^^^^^^^^^^^^^
FileNotFoundError: [Errno 2] No such file or directory: 'generation/ucf101_img256/000-FusedMatLatteIMG-XL-128-512-2-concat-F16S3-ucf101_img256-ImageNetPretrained-Compile-Amp-loadpixel/ddpm_250/0670000'
Traceback (most recent call last):
  File "/weka/s224075134/temporal_diffusion/video-diffusion-model-v2/tools/my_cal_metrics_for_dataset.py", line 185, in <module>
    num_frames = get_num_frames(args.fake_data_path)
                 ^^^^^^^^^^^^^^^^^^^^^^^^^^^^^^^^^^^
  File "/weka/s224075134/temporal_diffusion/video-diffusion-model-v2/tools/my_cal_metrics_for_dataset.py", line 158, in get_num_frames
    video_files = [f for f in os.listdir(video_dir) if f.endswith(('.mp4', '.avi', '.mov', '.mkv'))]
                              ^^^^^^^^^^^^^^^^^^^^^
FileNotFoundError: [Errno 2] No such file or directory: 'generation/ucf101_img256/000-FusedMatLatteIMG-XL-128-512-2-concat-F16S3-ucf101_img256-ImageNetPretrained-Compile-Amp-loadpixel/ddpm_250/0670000'
Traceback (most recent call last):
  File "/weka/s224075134/temporal_diffusion/video-diffusion-model-v2/tools/my_cal_metrics_for_dataset.py", line 185, in <module>
    num_frames = get_num_frames(args.fake_data_path)
                 ^^^^^^^^^^^^^^^^^^^^^^^^^^^^^^^^^^^
  File "/weka/s224075134/temporal_diffusion/video-diffusion-model-v2/tools/my_cal_metrics_for_dataset.py", line 158, in get_num_frames
    video_files = [f for f in os.listdir(video_dir) if f.endswith(('.mp4', '.avi', '.mov', '.mkv'))]
                              ^^^^^^^^^^^^^^^^^^^^^
FileNotFoundError: [Errno 2] No such file or directory: 'generation/ucf101_img256/000-FusedMatLatteIMG-XL-128-512-2-concat-F16S3-ucf101_img256-ImageNetPretrained-Compile-Amp-loadpixel/ddpm_250/0670000'
Traceback (most recent call last):
  File "/weka/s224075134/temporal_diffusion/video-diffusion-model-v2/tools/my_cal_metrics_for_dataset.py", line 185, in <module>
    num_frames = get_num_frames(args.fake_data_path)
                 ^^^^^^^^^^^^^^^^^^^^^^^^^^^^^^^^^^^
  File "/weka/s224075134/temporal_diffusion/video-diffusion-model-v2/tools/my_cal_metrics_for_dataset.py", line 158, in get_num_frames
    video_files = [f for f in os.listdir(video_dir) if f.endswith(('.mp4', '.avi', '.mov', '.mkv'))]
                              ^^^^^^^^^^^^^^^^^^^^^
FileNotFoundError: [Errno 2] No such file or directory: 'generation/ucf101_img256/000-FusedMatLatteIMG-XL-128-512-2-concat-F16S3-ucf101_img256-ImageNetPretrained-Compile-Amp-loadpixel/ddpm_250/0670000'
Traceback (most recent call last):
  File "/weka/s224075134/temporal_diffusion/video-diffusion-model-v2/tools/my_cal_metrics_for_dataset.py", line 185, in <module>
    num_frames = get_num_frames(args.fake_data_path)
                 ^^^^^^^^^^^^^^^^^^^^^^^^^^^^^^^^^^^
  File "/weka/s224075134/temporal_diffusion/video-diffusion-model-v2/tools/my_cal_metrics_for_dataset.py", line 158, in get_num_frames
    video_files = [f for f in os.listdir(video_dir) if f.endswith(('.mp4', '.avi', '.mov', '.mkv'))]
                              ^^^^^^^^^^^^^^^^^^^^^
FileNotFoundError: [Errno 2] No such file or directory: 'generation/ucf101_img256/000-FusedMatLatteIMG-XL-128-512-2-concat-F16S3-ucf101_img256-ImageNetPretrained-Compile-Amp-loadpixel/ddpm_250/0670000'
Traceback (most recent call last):
  File "/weka/s224075134/temporal_diffusion/video-diffusion-model-v2/tools/my_cal_metrics_for_dataset.py", line 185, in <module>
    num_frames = get_num_frames(args.fake_data_path)
                 ^^^^^^^^^^^^^^^^^^^^^^^^^^^^^^^^^^^
  File "/weka/s224075134/temporal_diffusion/video-diffusion-model-v2/tools/my_cal_metrics_for_dataset.py", line 158, in get_num_frames
    video_files = [f for f in os.listdir(video_dir) if f.endswith(('.mp4', '.avi', '.mov', '.mkv'))]
                              ^^^^^^^^^^^^^^^^^^^^^
FileNotFoundError: [Errno 2] No such file or directory: 'generation/ucf101_img256/000-FusedMatLatteIMG-XL-128-512-2-concat-F16S3-ucf101_img256-ImageNetPretrained-Compile-Amp-loadpixel/ddpm_250/0670000'
Traceback (most recent call last):
  File "/weka/s224075134/temporal_diffusion/video-diffusion-model-v2/tools/my_cal_metrics_for_dataset.py", line 185, in <module>
    num_frames = get_num_frames(args.fake_data_path)
                 ^^^^^^^^^^^^^^^^^^^^^^^^^^^^^^^^^^^
  File "/weka/s224075134/temporal_diffusion/video-diffusion-model-v2/tools/my_cal_metrics_for_dataset.py", line 158, in get_num_frames
    video_files = [f for f in os.listdir(video_dir) if f.endswith(('.mp4', '.avi', '.mov', '.mkv'))]
                              ^^^^^^^^^^^^^^^^^^^^^
FileNotFoundError: [Errno 2] No such file or directory: 'generation/ucf101_img256/000-FusedMatLatteIMG-XL-128-512-2-concat-F16S3-ucf101_img256-ImageNetPretrained-Compile-Amp-loadpixel/ddpm_250/0670000'
Traceback (most recent call last):
  File "/weka/s224075134/temporal_diffusion/video-diffusion-model-v2/tools/my_cal_metrics_for_dataset.py", line 185, in <module>
    num_frames = get_num_frames(args.fake_data_path)
                 ^^^^^^^^^^^^^^^^^^^^^^^^^^^^^^^^^^^
  File "/weka/s224075134/temporal_diffusion/video-diffusion-model-v2/tools/my_cal_metrics_for_dataset.py", line 158, in get_num_frames
    video_files = [f for f in os.listdir(video_dir) if f.endswith(('.mp4', '.avi', '.mov', '.mkv'))]
                              ^^^^^^^^^^^^^^^^^^^^^
FileNotFoundError: [Errno 2] No such file or directory: 'generation/ucf101_img256/000-FusedMatLatteIMG-XL-128-512-2-concat-F16S3-ucf101_img256-ImageNetPretrained-Compile-Amp-loadpixel/ddpm_250/0670000'
Traceback (most recent call last):
  File "/weka/s224075134/temporal_diffusion/video-diffusion-model-v2/tools/my_cal_metrics_for_dataset.py", line 185, in <module>
    num_frames = get_num_frames(args.fake_data_path)
                 ^^^^^^^^^^^^^^^^^^^^^^^^^^^^^^^^^^^
  File "/weka/s224075134/temporal_diffusion/video-diffusion-model-v2/tools/my_cal_metrics_for_dataset.py", line 158, in get_num_frames
    video_files = [f for f in os.listdir(video_dir) if f.endswith(('.mp4', '.avi', '.mov', '.mkv'))]
                              ^^^^^^^^^^^^^^^^^^^^^
FileNotFoundError: [Errno 2] No such file or directory: 'generation/ucf101_img256/000-FusedMatLatteIMG-XL-128-512-2-concat-F16S3-ucf101_img256-ImageNetPretrained-Compile-Amp-loadpixel/ddpm_250/0670000'
Traceback (most recent call last):
  File "/weka/s224075134/temporal_diffusion/video-diffusion-model-v2/tools/my_cal_metrics_for_dataset.py", line 185, in <module>
    num_frames = get_num_frames(args.fake_data_path)
                 ^^^^^^^^^^^^^^^^^^^^^^^^^^^^^^^^^^^
  File "/weka/s224075134/temporal_diffusion/video-diffusion-model-v2/tools/my_cal_metrics_for_dataset.py", line 158, in get_num_frames
    video_files = [f for f in os.listdir(video_dir) if f.endswith(('.mp4', '.avi', '.mov', '.mkv'))]
                              ^^^^^^^^^^^^^^^^^^^^^
FileNotFoundError: [Errno 2] No such file or directory: 'generation/ucf101_img256/000-FusedMatLatteIMG-XL-128-512-2-concat-F16S3-ucf101_img256-ImageNetPretrained-Compile-Amp-loadpixel/ddpm_250/0670000'
Traceback (most recent call last):
  File "/weka/s224075134/temporal_diffusion/video-diffusion-model-v2/tools/my_cal_metrics_for_dataset.py", line 185, in <module>
    num_frames = get_num_frames(args.fake_data_path)
                 ^^^^^^^^^^^^^^^^^^^^^^^^^^^^^^^^^^^
  File "/weka/s224075134/temporal_diffusion/video-diffusion-model-v2/tools/my_cal_metrics_for_dataset.py", line 158, in get_num_frames
    video_files = [f for f in os.listdir(video_dir) if f.endswith(('.mp4', '.avi', '.mov', '.mkv'))]
                              ^^^^^^^^^^^^^^^^^^^^^
FileNotFoundError: [Errno 2] No such file or directory: 'generation/ucf101_img256/000-FusedMatLatteIMG-XL-128-512-2-concat-F16S3-ucf101_img256-ImageNetPretrained-Compile-Amp-loadpixel/ddpm_250/0670000'
Traceback (most recent call last):
  File "/weka/s224075134/temporal_diffusion/video-diffusion-model-v2/tools/my_cal_metrics_for_dataset.py", line 185, in <module>
    num_frames = get_num_frames(args.fake_data_path)
                 ^^^^^^^^^^^^^^^^^^^^^^^^^^^^^^^^^^^
  File "/weka/s224075134/temporal_diffusion/video-diffusion-model-v2/tools/my_cal_metrics_for_dataset.py", line 158, in get_num_frames
    video_files = [f for f in os.listdir(video_dir) if f.endswith(('.mp4', '.avi', '.mov', '.mkv'))]
                              ^^^^^^^^^^^^^^^^^^^^^
FileNotFoundError: [Errno 2] No such file or directory: 'generation/ucf101_img256/000-FusedMatLatteIMG-XL-128-512-2-concat-F16S3-ucf101_img256-ImageNetPretrained-Compile-Amp-loadpixel/ddpm_250/0670000'
Traceback (most recent call last):
  File "/weka/s224075134/temporal_diffusion/video-diffusion-model-v2/tools/my_cal_metrics_for_dataset.py", line 185, in <module>
    num_frames = get_num_frames(args.fake_data_path)
                 ^^^^^^^^^^^^^^^^^^^^^^^^^^^^^^^^^^^
  File "/weka/s224075134/temporal_diffusion/video-diffusion-model-v2/tools/my_cal_metrics_for_dataset.py", line 158, in get_num_frames
    video_files = [f for f in os.listdir(video_dir) if f.endswith(('.mp4', '.avi', '.mov', '.mkv'))]
                              ^^^^^^^^^^^^^^^^^^^^^
FileNotFoundError: [Errno 2] No such file or directory: 'generation/ucf101_img256/000-FusedMatLatteIMG-XL-128-512-2-concat-F16S3-ucf101_img256-ImageNetPretrained-Compile-Amp-loadpixel/ddpm_250/0670000'
Traceback (most recent call last):
  File "/weka/s224075134/temporal_diffusion/video-diffusion-model-v2/tools/my_cal_metrics_for_dataset.py", line 185, in <module>
    num_frames = get_num_frames(args.fake_data_path)
                 ^^^^^^^^^^^^^^^^^^^^^^^^^^^^^^^^^^^
  File "/weka/s224075134/temporal_diffusion/video-diffusion-model-v2/tools/my_cal_metrics_for_dataset.py", line 158, in get_num_frames
    video_files = [f for f in os.listdir(video_dir) if f.endswith(('.mp4', '.avi', '.mov', '.mkv'))]
                              ^^^^^^^^^^^^^^^^^^^^^
FileNotFoundError: [Errno 2] No such file or directory: 'generation/ucf101_img256/000-FusedMatLatteIMG-XL-128-512-2-concat-F16S3-ucf101_img256-ImageNetPretrained-Compile-Amp-loadpixel/ddpm_250/0670000'
Traceback (most recent call last):
  File "/weka/s224075134/temporal_diffusion/video-diffusion-model-v2/tools/my_cal_metrics_for_dataset.py", line 185, in <module>
    num_frames = get_num_frames(args.fake_data_path)
                 ^^^^^^^^^^^^^^^^^^^^^^^^^^^^^^^^^^^
  File "/weka/s224075134/temporal_diffusion/video-diffusion-model-v2/tools/my_cal_metrics_for_dataset.py", line 158, in get_num_frames
    video_files = [f for f in os.listdir(video_dir) if f.endswith(('.mp4', '.avi', '.mov', '.mkv'))]
                              ^^^^^^^^^^^^^^^^^^^^^
FileNotFoundError: [Errno 2] No such file or directory: 'generation/ucf101_img256/000-FusedMatLatteIMG-XL-128-512-2-concat-F16S3-ucf101_img256-ImageNetPretrained-Compile-Amp-loadpixel/ddpm_250/0670000'
Traceback (most recent call last):
  File "/weka/s224075134/temporal_diffusion/video-diffusion-model-v2/tools/my_cal_metrics_for_dataset.py", line 185, in <module>
    num_frames = get_num_frames(args.fake_data_path)
                 ^^^^^^^^^^^^^^^^^^^^^^^^^^^^^^^^^^^
  File "/weka/s224075134/temporal_diffusion/video-diffusion-model-v2/tools/my_cal_metrics_for_dataset.py", line 158, in get_num_frames
    video_files = [f for f in os.listdir(video_dir) if f.endswith(('.mp4', '.avi', '.mov', '.mkv'))]
                              ^^^^^^^^^^^^^^^^^^^^^
FileNotFoundError: [Errno 2] No such file or directory: 'generation/ucf101_img256/000-FusedMatLatteIMG-XL-128-512-2-concat-F16S3-ucf101_img256-ImageNetPretrained-Compile-Amp-loadpixel/ddpm_250/0670000'
Traceback (most recent call last):
  File "/weka/s224075134/temporal_diffusion/video-diffusion-model-v2/tools/my_cal_metrics_for_dataset.py", line 185, in <module>
    num_frames = get_num_frames(args.fake_data_path)
                 ^^^^^^^^^^^^^^^^^^^^^^^^^^^^^^^^^^^
  File "/weka/s224075134/temporal_diffusion/video-diffusion-model-v2/tools/my_cal_metrics_for_dataset.py", line 158, in get_num_frames
    video_files = [f for f in os.listdir(video_dir) if f.endswith(('.mp4', '.avi', '.mov', '.mkv'))]
                              ^^^^^^^^^^^^^^^^^^^^^
FileNotFoundError: [Errno 2] No such file or directory: 'generation/ucf101_img256/000-FusedMatLatteIMG-XL-128-512-2-concat-F16S3-ucf101_img256-ImageNetPretrained-Compile-Amp-loadpixel/ddpm_250/0670000'
Traceback (most recent call last):
  File "/weka/s224075134/temporal_diffusion/video-diffusion-model-v2/tools/my_cal_metrics_for_dataset.py", line 185, in <module>
    num_frames = get_num_frames(args.fake_data_path)
                 ^^^^^^^^^^^^^^^^^^^^^^^^^^^^^^^^^^^
  File "/weka/s224075134/temporal_diffusion/video-diffusion-model-v2/tools/my_cal_metrics_for_dataset.py", line 158, in get_num_frames
    video_files = [f for f in os.listdir(video_dir) if f.endswith(('.mp4', '.avi', '.mov', '.mkv'))]
                              ^^^^^^^^^^^^^^^^^^^^^
FileNotFoundError: [Errno 2] No such file or directory: 'generation/ucf101_img256/000-FusedMatLatteIMG-XL-128-512-2-concat-F16S3-ucf101_img256-ImageNetPretrained-Compile-Amp-loadpixel/ddpm_250/0670000'
Traceback (most recent call last):
  File "/weka/s224075134/temporal_diffusion/video-diffusion-model-v2/tools/my_cal_metrics_for_dataset.py", line 185, in <module>
    num_frames = get_num_frames(args.fake_data_path)
                 ^^^^^^^^^^^^^^^^^^^^^^^^^^^^^^^^^^^
  File "/weka/s224075134/temporal_diffusion/video-diffusion-model-v2/tools/my_cal_metrics_for_dataset.py", line 158, in get_num_frames
    video_files = [f for f in os.listdir(video_dir) if f.endswith(('.mp4', '.avi', '.mov', '.mkv'))]
                              ^^^^^^^^^^^^^^^^^^^^^
FileNotFoundError: [Errno 2] No such file or directory: 'generation/ucf101_img256/000-FusedMatLatteIMG-XL-128-512-2-concat-F16S3-ucf101_img256-ImageNetPretrained-Compile-Amp-loadpixel/ddpm_250/0670000'
Traceback (most recent call last):
  File "/weka/s224075134/temporal_diffusion/video-diffusion-model-v2/tools/my_cal_metrics_for_dataset.py", line 185, in <module>
    num_frames = get_num_frames(args.fake_data_path)
                 ^^^^^^^^^^^^^^^^^^^^^^^^^^^^^^^^^^^
  File "/weka/s224075134/temporal_diffusion/video-diffusion-model-v2/tools/my_cal_metrics_for_dataset.py", line 158, in get_num_frames
    video_files = [f for f in os.listdir(video_dir) if f.endswith(('.mp4', '.avi', '.mov', '.mkv'))]
                              ^^^^^^^^^^^^^^^^^^^^^
FileNotFoundError: [Errno 2] No such file or directory: 'generation/ucf101_img256/000-FusedMatLatteIMG-XL-128-512-2-concat-F16S3-ucf101_img256-ImageNetPretrained-Compile-Amp-loadpixel/ddpm_250/0670000'
Traceback (most recent call last):
  File "/weka/s224075134/temporal_diffusion/video-diffusion-model-v2/tools/my_cal_metrics_for_dataset.py", line 185, in <module>
    num_frames = get_num_frames(args.fake_data_path)
                 ^^^^^^^^^^^^^^^^^^^^^^^^^^^^^^^^^^^
  File "/weka/s224075134/temporal_diffusion/video-diffusion-model-v2/tools/my_cal_metrics_for_dataset.py", line 158, in get_num_frames
    video_files = [f for f in os.listdir(video_dir) if f.endswith(('.mp4', '.avi', '.mov', '.mkv'))]
                              ^^^^^^^^^^^^^^^^^^^^^
FileNotFoundError: [Errno 2] No such file or directory: 'generation/ucf101_img256/000-FusedMatLatteIMG-XL-128-512-2-concat-F16S3-ucf101_img256-ImageNetPretrained-Compile-Amp-loadpixel/ddpm_250/0670000'
Traceback (most recent call last):
  File "/weka/s224075134/temporal_diffusion/video-diffusion-model-v2/tools/my_cal_metrics_for_dataset.py", line 185, in <module>
    num_frames = get_num_frames(args.fake_data_path)
                 ^^^^^^^^^^^^^^^^^^^^^^^^^^^^^^^^^^^
  File "/weka/s224075134/temporal_diffusion/video-diffusion-model-v2/tools/my_cal_metrics_for_dataset.py", line 158, in get_num_frames
    video_files = [f for f in os.listdir(video_dir) if f.endswith(('.mp4', '.avi', '.mov', '.mkv'))]
                              ^^^^^^^^^^^^^^^^^^^^^
FileNotFoundError: [Errno 2] No such file or directory: 'generation/ucf101_img256/000-FusedMatLatteIMG-XL-128-512-2-concat-F16S3-ucf101_img256-ImageNetPretrained-Compile-Amp-loadpixel/ddpm_250/0670000'
Traceback (most recent call last):
  File "/weka/s224075134/temporal_diffusion/video-diffusion-model-v2/tools/my_cal_metrics_for_dataset.py", line 185, in <module>
    num_frames = get_num_frames(args.fake_data_path)
                 ^^^^^^^^^^^^^^^^^^^^^^^^^^^^^^^^^^^
  File "/weka/s224075134/temporal_diffusion/video-diffusion-model-v2/tools/my_cal_metrics_for_dataset.py", line 158, in get_num_frames
    video_files = [f for f in os.listdir(video_dir) if f.endswith(('.mp4', '.avi', '.mov', '.mkv'))]
                              ^^^^^^^^^^^^^^^^^^^^^
FileNotFoundError: [Errno 2] No such file or directory: 'generation/ucf101_img256/000-FusedMatLatteIMG-XL-128-512-2-concat-F16S3-ucf101_img256-ImageNetPretrained-Compile-Amp-loadpixel/ddpm_250/0670000'
Traceback (most recent call last):
  File "/weka/s224075134/temporal_diffusion/video-diffusion-model-v2/tools/my_cal_metrics_for_dataset.py", line 185, in <module>
    num_frames = get_num_frames(args.fake_data_path)
                 ^^^^^^^^^^^^^^^^^^^^^^^^^^^^^^^^^^^
  File "/weka/s224075134/temporal_diffusion/video-diffusion-model-v2/tools/my_cal_metrics_for_dataset.py", line 158, in get_num_frames
    video_files = [f for f in os.listdir(video_dir) if f.endswith(('.mp4', '.avi', '.mov', '.mkv'))]
                              ^^^^^^^^^^^^^^^^^^^^^
FileNotFoundError: [Errno 2] No such file or directory: 'generation/ucf101_img256/000-FusedMatLatteIMG-XL-128-512-2-concat-F16S3-ucf101_img256-ImageNetPretrained-Compile-Amp-loadpixel/ddpm_250/0670000'
Traceback (most recent call last):
  File "/weka/s224075134/temporal_diffusion/video-diffusion-model-v2/tools/my_cal_metrics_for_dataset.py", line 185, in <module>
    num_frames = get_num_frames(args.fake_data_path)
                 ^^^^^^^^^^^^^^^^^^^^^^^^^^^^^^^^^^^
  File "/weka/s224075134/temporal_diffusion/video-diffusion-model-v2/tools/my_cal_metrics_for_dataset.py", line 158, in get_num_frames
    video_files = [f for f in os.listdir(video_dir) if f.endswith(('.mp4', '.avi', '.mov', '.mkv'))]
                              ^^^^^^^^^^^^^^^^^^^^^
FileNotFoundError: [Errno 2] No such file or directory: 'generation/ucf101_img256/000-FusedMatLatteIMG-XL-128-512-2-concat-F16S3-ucf101_img256-ImageNetPretrained-Compile-Amp-loadpixel/ddpm_250/0670000'
Traceback (most recent call last):
  File "/weka/s224075134/temporal_diffusion/video-diffusion-model-v2/tools/my_cal_metrics_for_dataset.py", line 185, in <module>
    num_frames = get_num_frames(args.fake_data_path)
                 ^^^^^^^^^^^^^^^^^^^^^^^^^^^^^^^^^^^
  File "/weka/s224075134/temporal_diffusion/video-diffusion-model-v2/tools/my_cal_metrics_for_dataset.py", line 158, in get_num_frames
    video_files = [f for f in os.listdir(video_dir) if f.endswith(('.mp4', '.avi', '.mov', '.mkv'))]
                              ^^^^^^^^^^^^^^^^^^^^^
FileNotFoundError: [Errno 2] No such file or directory: 'generation/ucf101_img256/000-FusedMatLatteIMG-XL-128-512-2-concat-F16S3-ucf101_img256-ImageNetPretrained-Compile-Amp-loadpixel/ddpm_250/0670000'
Traceback (most recent call last):
  File "/weka/s224075134/temporal_diffusion/video-diffusion-model-v2/tools/my_cal_metrics_for_dataset.py", line 185, in <module>
    num_frames = get_num_frames(args.fake_data_path)
                 ^^^^^^^^^^^^^^^^^^^^^^^^^^^^^^^^^^^
  File "/weka/s224075134/temporal_diffusion/video-diffusion-model-v2/tools/my_cal_metrics_for_dataset.py", line 158, in get_num_frames
    video_files = [f for f in os.listdir(video_dir) if f.endswith(('.mp4', '.avi', '.mov', '.mkv'))]
                              ^^^^^^^^^^^^^^^^^^^^^
FileNotFoundError: [Errno 2] No such file or directory: 'generation/ucf101_img256/000-FusedMatLatteIMG-XL-128-512-2-concat-F16S3-ucf101_img256-ImageNetPretrained-Compile-Amp-loadpixel/ddpm_250/0670000'
Traceback (most recent call last):
  File "/weka/s224075134/temporal_diffusion/video-diffusion-model-v2/tools/my_cal_metrics_for_dataset.py", line 185, in <module>
    num_frames = get_num_frames(args.fake_data_path)
                 ^^^^^^^^^^^^^^^^^^^^^^^^^^^^^^^^^^^
  File "/weka/s224075134/temporal_diffusion/video-diffusion-model-v2/tools/my_cal_metrics_for_dataset.py", line 158, in get_num_frames
    video_files = [f for f in os.listdir(video_dir) if f.endswith(('.mp4', '.avi', '.mov', '.mkv'))]
                              ^^^^^^^^^^^^^^^^^^^^^
FileNotFoundError: [Errno 2] No such file or directory: 'generation/ucf101_img256/000-FusedMatLatteIMG-XL-128-512-2-concat-F16S3-ucf101_img256-ImageNetPretrained-Compile-Amp-loadpixel/ddpm_250/0670000'
Traceback (most recent call last):
  File "/weka/s224075134/temporal_diffusion/video-diffusion-model-v2/tools/my_cal_metrics_for_dataset.py", line 185, in <module>
    num_frames = get_num_frames(args.fake_data_path)
                 ^^^^^^^^^^^^^^^^^^^^^^^^^^^^^^^^^^^
  File "/weka/s224075134/temporal_diffusion/video-diffusion-model-v2/tools/my_cal_metrics_for_dataset.py", line 158, in get_num_frames
    video_files = [f for f in os.listdir(video_dir) if f.endswith(('.mp4', '.avi', '.mov', '.mkv'))]
                              ^^^^^^^^^^^^^^^^^^^^^
FileNotFoundError: [Errno 2] No such file or directory: 'generation/ucf101_img256/000-FusedMatLatteIMG-XL-128-512-2-concat-F16S3-ucf101_img256-ImageNetPretrained-Compile-Amp-loadpixel/ddpm_250/0670000'
Traceback (most recent call last):
  File "/weka/s224075134/temporal_diffusion/video-diffusion-model-v2/tools/my_cal_metrics_for_dataset.py", line 185, in <module>
    num_frames = get_num_frames(args.fake_data_path)
                 ^^^^^^^^^^^^^^^^^^^^^^^^^^^^^^^^^^^
  File "/weka/s224075134/temporal_diffusion/video-diffusion-model-v2/tools/my_cal_metrics_for_dataset.py", line 158, in get_num_frames
    video_files = [f for f in os.listdir(video_dir) if f.endswith(('.mp4', '.avi', '.mov', '.mkv'))]
                              ^^^^^^^^^^^^^^^^^^^^^
FileNotFoundError: [Errno 2] No such file or directory: 'generation/ucf101_img256/000-FusedMatLatteIMG-XL-128-512-2-concat-F16S3-ucf101_img256-ImageNetPretrained-Compile-Amp-loadpixel/ddpm_250/0670000'
Traceback (most recent call last):
  File "/weka/s224075134/temporal_diffusion/video-diffusion-model-v2/tools/my_cal_metrics_for_dataset.py", line 185, in <module>
    num_frames = get_num_frames(args.fake_data_path)
                 ^^^^^^^^^^^^^^^^^^^^^^^^^^^^^^^^^^^
  File "/weka/s224075134/temporal_diffusion/video-diffusion-model-v2/tools/my_cal_metrics_for_dataset.py", line 158, in get_num_frames
    video_files = [f for f in os.listdir(video_dir) if f.endswith(('.mp4', '.avi', '.mov', '.mkv'))]
                              ^^^^^^^^^^^^^^^^^^^^^
FileNotFoundError: [Errno 2] No such file or directory: 'generation/ucf101_img256/000-FusedMatLatteIMG-XL-128-512-2-concat-F16S3-ucf101_img256-ImageNetPretrained-Compile-Amp-loadpixel/ddpm_250/0670000'
Traceback (most recent call last):
  File "/weka/s224075134/temporal_diffusion/video-diffusion-model-v2/tools/my_cal_metrics_for_dataset.py", line 185, in <module>
    num_frames = get_num_frames(args.fake_data_path)
                 ^^^^^^^^^^^^^^^^^^^^^^^^^^^^^^^^^^^
  File "/weka/s224075134/temporal_diffusion/video-diffusion-model-v2/tools/my_cal_metrics_for_dataset.py", line 158, in get_num_frames
    video_files = [f for f in os.listdir(video_dir) if f.endswith(('.mp4', '.avi', '.mov', '.mkv'))]
                              ^^^^^^^^^^^^^^^^^^^^^
FileNotFoundError: [Errno 2] No such file or directory: 'generation/ucf101_img256/000-FusedMatLatteIMG-XL-128-512-2-concat-F16S3-ucf101_img256-ImageNetPretrained-Compile-Amp-loadpixel/ddpm_250/0670000'
Traceback (most recent call last):
  File "/weka/s224075134/temporal_diffusion/video-diffusion-model-v2/tools/my_cal_metrics_for_dataset.py", line 185, in <module>
    num_frames = get_num_frames(args.fake_data_path)
                 ^^^^^^^^^^^^^^^^^^^^^^^^^^^^^^^^^^^
  File "/weka/s224075134/temporal_diffusion/video-diffusion-model-v2/tools/my_cal_metrics_for_dataset.py", line 158, in get_num_frames
    video_files = [f for f in os.listdir(video_dir) if f.endswith(('.mp4', '.avi', '.mov', '.mkv'))]
                              ^^^^^^^^^^^^^^^^^^^^^
FileNotFoundError: [Errno 2] No such file or directory: 'generation/ucf101_img256/000-FusedMatLatteIMG-XL-128-512-2-concat-F16S3-ucf101_img256-ImageNetPretrained-Compile-Amp-loadpixel/ddpm_250/0670000'
Traceback (most recent call last):
  File "/weka/s224075134/temporal_diffusion/video-diffusion-model-v2/tools/my_cal_metrics_for_dataset.py", line 185, in <module>
    num_frames = get_num_frames(args.fake_data_path)
                 ^^^^^^^^^^^^^^^^^^^^^^^^^^^^^^^^^^^
  File "/weka/s224075134/temporal_diffusion/video-diffusion-model-v2/tools/my_cal_metrics_for_dataset.py", line 158, in get_num_frames
    video_files = [f for f in os.listdir(video_dir) if f.endswith(('.mp4', '.avi', '.mov', '.mkv'))]
                              ^^^^^^^^^^^^^^^^^^^^^
FileNotFoundError: [Errno 2] No such file or directory: 'generation/ucf101_img256/000-FusedMatLatteIMG-XL-128-512-2-concat-F16S3-ucf101_img256-ImageNetPretrained-Compile-Amp-loadpixel/ddpm_250/0670000'
Traceback (most recent call last):
  File "/weka/s224075134/temporal_diffusion/video-diffusion-model-v2/tools/my_cal_metrics_for_dataset.py", line 185, in <module>
    num_frames = get_num_frames(args.fake_data_path)
                 ^^^^^^^^^^^^^^^^^^^^^^^^^^^^^^^^^^^
  File "/weka/s224075134/temporal_diffusion/video-diffusion-model-v2/tools/my_cal_metrics_for_dataset.py", line 158, in get_num_frames
    video_files = [f for f in os.listdir(video_dir) if f.endswith(('.mp4', '.avi', '.mov', '.mkv'))]
                              ^^^^^^^^^^^^^^^^^^^^^
FileNotFoundError: [Errno 2] No such file or directory: 'generation/ucf101_img256/000-FusedMatLatteIMG-XL-128-512-2-concat-F16S3-ucf101_img256-ImageNetPretrained-Compile-Amp-loadpixel/ddpm_250/0670000'
Traceback (most recent call last):
  File "/weka/s224075134/temporal_diffusion/video-diffusion-model-v2/tools/my_cal_metrics_for_dataset.py", line 185, in <module>
    num_frames = get_num_frames(args.fake_data_path)
                 ^^^^^^^^^^^^^^^^^^^^^^^^^^^^^^^^^^^
  File "/weka/s224075134/temporal_diffusion/video-diffusion-model-v2/tools/my_cal_metrics_for_dataset.py", line 158, in get_num_frames
    video_files = [f for f in os.listdir(video_dir) if f.endswith(('.mp4', '.avi', '.mov', '.mkv'))]
                              ^^^^^^^^^^^^^^^^^^^^^
FileNotFoundError: [Errno 2] No such file or directory: 'generation/ucf101_img256/000-FusedMatLatteIMG-XL-128-512-2-concat-F16S3-ucf101_img256-ImageNetPretrained-Compile-Amp-loadpixel/ddpm_250/0670000'
Traceback (most recent call last):
  File "/weka/s224075134/temporal_diffusion/video-diffusion-model-v2/tools/my_cal_metrics_for_dataset.py", line 185, in <module>
    num_frames = get_num_frames(args.fake_data_path)
                 ^^^^^^^^^^^^^^^^^^^^^^^^^^^^^^^^^^^
  File "/weka/s224075134/temporal_diffusion/video-diffusion-model-v2/tools/my_cal_metrics_for_dataset.py", line 158, in get_num_frames
    video_files = [f for f in os.listdir(video_dir) if f.endswith(('.mp4', '.avi', '.mov', '.mkv'))]
                              ^^^^^^^^^^^^^^^^^^^^^
FileNotFoundError: [Errno 2] No such file or directory: 'generation/ucf101_img256/000-FusedMatLatteIMG-XL-128-512-2-concat-F16S3-ucf101_img256-ImageNetPretrained-Compile-Amp-loadpixel/ddpm_250/0670000'
Traceback (most recent call last):
  File "/weka/s224075134/temporal_diffusion/video-diffusion-model-v2/tools/my_cal_metrics_for_dataset.py", line 185, in <module>
    num_frames = get_num_frames(args.fake_data_path)
                 ^^^^^^^^^^^^^^^^^^^^^^^^^^^^^^^^^^^
  File "/weka/s224075134/temporal_diffusion/video-diffusion-model-v2/tools/my_cal_metrics_for_dataset.py", line 158, in get_num_frames
    video_files = [f for f in os.listdir(video_dir) if f.endswith(('.mp4', '.avi', '.mov', '.mkv'))]
                              ^^^^^^^^^^^^^^^^^^^^^
FileNotFoundError: [Errno 2] No such file or directory: 'generation/ucf101_img256/000-FusedMatLatteIMG-XL-128-512-2-concat-F16S3-ucf101_img256-ImageNetPretrained-Compile-Amp-loadpixel/ddpm_250/0670000'
Traceback (most recent call last):
  File "/weka/s224075134/temporal_diffusion/video-diffusion-model-v2/tools/my_cal_metrics_for_dataset.py", line 185, in <module>
    num_frames = get_num_frames(args.fake_data_path)
                 ^^^^^^^^^^^^^^^^^^^^^^^^^^^^^^^^^^^
  File "/weka/s224075134/temporal_diffusion/video-diffusion-model-v2/tools/my_cal_metrics_for_dataset.py", line 158, in get_num_frames
    video_files = [f for f in os.listdir(video_dir) if f.endswith(('.mp4', '.avi', '.mov', '.mkv'))]
                              ^^^^^^^^^^^^^^^^^^^^^
FileNotFoundError: [Errno 2] No such file or directory: 'generation/ucf101_img256/000-FusedMatLatteIMG-XL-128-512-2-concat-F16S3-ucf101_img256-ImageNetPretrained-Compile-Amp-loadpixel/ddpm_250/0670000'
Traceback (most recent call last):
  File "/weka/s224075134/temporal_diffusion/video-diffusion-model-v2/tools/my_cal_metrics_for_dataset.py", line 185, in <module>
    num_frames = get_num_frames(args.fake_data_path)
                 ^^^^^^^^^^^^^^^^^^^^^^^^^^^^^^^^^^^
  File "/weka/s224075134/temporal_diffusion/video-diffusion-model-v2/tools/my_cal_metrics_for_dataset.py", line 158, in get_num_frames
    video_files = [f for f in os.listdir(video_dir) if f.endswith(('.mp4', '.avi', '.mov', '.mkv'))]
                              ^^^^^^^^^^^^^^^^^^^^^
FileNotFoundError: [Errno 2] No such file or directory: 'generation/ucf101_img256/000-FusedMatLatteIMG-XL-128-512-2-concat-F16S3-ucf101_img256-ImageNetPretrained-Compile-Amp-loadpixel/ddpm_250/0670000'
Traceback (most recent call last):
  File "/weka/s224075134/temporal_diffusion/video-diffusion-model-v2/tools/my_cal_metrics_for_dataset.py", line 185, in <module>
    num_frames = get_num_frames(args.fake_data_path)
                 ^^^^^^^^^^^^^^^^^^^^^^^^^^^^^^^^^^^
  File "/weka/s224075134/temporal_diffusion/video-diffusion-model-v2/tools/my_cal_metrics_for_dataset.py", line 158, in get_num_frames
    video_files = [f for f in os.listdir(video_dir) if f.endswith(('.mp4', '.avi', '.mov', '.mkv'))]
                              ^^^^^^^^^^^^^^^^^^^^^
FileNotFoundError: [Errno 2] No such file or directory: 'generation/ucf101_img256/000-FusedMatLatteIMG-XL-128-512-2-concat-F16S3-ucf101_img256-ImageNetPretrained-Compile-Amp-loadpixel/ddpm_250/0670000'
Traceback (most recent call last):
  File "/weka/s224075134/temporal_diffusion/video-diffusion-model-v2/tools/my_cal_metrics_for_dataset.py", line 185, in <module>
    num_frames = get_num_frames(args.fake_data_path)
                 ^^^^^^^^^^^^^^^^^^^^^^^^^^^^^^^^^^^
  File "/weka/s224075134/temporal_diffusion/video-diffusion-model-v2/tools/my_cal_metrics_for_dataset.py", line 158, in get_num_frames
    video_files = [f for f in os.listdir(video_dir) if f.endswith(('.mp4', '.avi', '.mov', '.mkv'))]
                              ^^^^^^^^^^^^^^^^^^^^^
FileNotFoundError: [Errno 2] No such file or directory: 'generation/ucf101_img256/000-FusedMatLatteIMG-XL-128-512-2-concat-F16S3-ucf101_img256-ImageNetPretrained-Compile-Amp-loadpixel/ddpm_250/0670000'
Traceback (most recent call last):
  File "/weka/s224075134/temporal_diffusion/video-diffusion-model-v2/tools/my_cal_metrics_for_dataset.py", line 185, in <module>
    num_frames = get_num_frames(args.fake_data_path)
                 ^^^^^^^^^^^^^^^^^^^^^^^^^^^^^^^^^^^
  File "/weka/s224075134/temporal_diffusion/video-diffusion-model-v2/tools/my_cal_metrics_for_dataset.py", line 158, in get_num_frames
    video_files = [f for f in os.listdir(video_dir) if f.endswith(('.mp4', '.avi', '.mov', '.mkv'))]
                              ^^^^^^^^^^^^^^^^^^^^^
FileNotFoundError: [Errno 2] No such file or directory: 'generation/ucf101_img256/000-FusedMatLatteIMG-XL-128-512-2-concat-F16S3-ucf101_img256-ImageNetPretrained-Compile-Amp-loadpixel/ddpm_250/0670000'
Traceback (most recent call last):
  File "/weka/s224075134/temporal_diffusion/video-diffusion-model-v2/tools/my_cal_metrics_for_dataset.py", line 185, in <module>
    num_frames = get_num_frames(args.fake_data_path)
                 ^^^^^^^^^^^^^^^^^^^^^^^^^^^^^^^^^^^
  File "/weka/s224075134/temporal_diffusion/video-diffusion-model-v2/tools/my_cal_metrics_for_dataset.py", line 158, in get_num_frames
    video_files = [f for f in os.listdir(video_dir) if f.endswith(('.mp4', '.avi', '.mov', '.mkv'))]
                              ^^^^^^^^^^^^^^^^^^^^^
FileNotFoundError: [Errno 2] No such file or directory: 'generation/ucf101_img256/000-FusedMatLatteIMG-XL-128-512-2-concat-F16S3-ucf101_img256-ImageNetPretrained-Compile-Amp-loadpixel/ddpm_250/0670000'
Traceback (most recent call last):
  File "/weka/s224075134/temporal_diffusion/video-diffusion-model-v2/tools/my_cal_metrics_for_dataset.py", line 185, in <module>
    num_frames = get_num_frames(args.fake_data_path)
                 ^^^^^^^^^^^^^^^^^^^^^^^^^^^^^^^^^^^
  File "/weka/s224075134/temporal_diffusion/video-diffusion-model-v2/tools/my_cal_metrics_for_dataset.py", line 158, in get_num_frames
    video_files = [f for f in os.listdir(video_dir) if f.endswith(('.mp4', '.avi', '.mov', '.mkv'))]
                              ^^^^^^^^^^^^^^^^^^^^^
FileNotFoundError: [Errno 2] No such file or directory: 'generation/ucf101_img256/000-FusedMatLatteIMG-XL-128-512-2-concat-F16S3-ucf101_img256-ImageNetPretrained-Compile-Amp-loadpixel/ddpm_250/0670000'
Traceback (most recent call last):
  File "/weka/s224075134/temporal_diffusion/video-diffusion-model-v2/tools/my_cal_metrics_for_dataset.py", line 185, in <module>
    num_frames = get_num_frames(args.fake_data_path)
                 ^^^^^^^^^^^^^^^^^^^^^^^^^^^^^^^^^^^
  File "/weka/s224075134/temporal_diffusion/video-diffusion-model-v2/tools/my_cal_metrics_for_dataset.py", line 158, in get_num_frames
    video_files = [f for f in os.listdir(video_dir) if f.endswith(('.mp4', '.avi', '.mov', '.mkv'))]
                              ^^^^^^^^^^^^^^^^^^^^^
FileNotFoundError: [Errno 2] No such file or directory: 'generation/ucf101_img256/000-FusedMatLatteIMG-XL-128-512-2-concat-F16S3-ucf101_img256-ImageNetPretrained-Compile-Amp-loadpixel/ddpm_250/0670000'
Traceback (most recent call last):
  File "/weka/s224075134/temporal_diffusion/video-diffusion-model-v2/tools/my_cal_metrics_for_dataset.py", line 185, in <module>
    num_frames = get_num_frames(args.fake_data_path)
                 ^^^^^^^^^^^^^^^^^^^^^^^^^^^^^^^^^^^
  File "/weka/s224075134/temporal_diffusion/video-diffusion-model-v2/tools/my_cal_metrics_for_dataset.py", line 158, in get_num_frames
    video_files = [f for f in os.listdir(video_dir) if f.endswith(('.mp4', '.avi', '.mov', '.mkv'))]
                              ^^^^^^^^^^^^^^^^^^^^^
FileNotFoundError: [Errno 2] No such file or directory: 'generation/ucf101_img256/000-FusedMatLatteIMG-XL-128-512-2-concat-F16S3-ucf101_img256-ImageNetPretrained-Compile-Amp-loadpixel/ddpm_250/0670000'
Traceback (most recent call last):
  File "/weka/s224075134/temporal_diffusion/video-diffusion-model-v2/tools/my_cal_metrics_for_dataset.py", line 185, in <module>
    num_frames = get_num_frames(args.fake_data_path)
                 ^^^^^^^^^^^^^^^^^^^^^^^^^^^^^^^^^^^
  File "/weka/s224075134/temporal_diffusion/video-diffusion-model-v2/tools/my_cal_metrics_for_dataset.py", line 158, in get_num_frames
    video_files = [f for f in os.listdir(video_dir) if f.endswith(('.mp4', '.avi', '.mov', '.mkv'))]
                              ^^^^^^^^^^^^^^^^^^^^^
FileNotFoundError: [Errno 2] No such file or directory: 'generation/ucf101_img256/000-FusedMatLatteIMG-XL-128-512-2-concat-F16S3-ucf101_img256-ImageNetPretrained-Compile-Amp-loadpixel/ddpm_250/0670000'
Traceback (most recent call last):
  File "/weka/s224075134/temporal_diffusion/video-diffusion-model-v2/tools/my_cal_metrics_for_dataset.py", line 185, in <module>
    num_frames = get_num_frames(args.fake_data_path)
                 ^^^^^^^^^^^^^^^^^^^^^^^^^^^^^^^^^^^
  File "/weka/s224075134/temporal_diffusion/video-diffusion-model-v2/tools/my_cal_metrics_for_dataset.py", line 158, in get_num_frames
    video_files = [f for f in os.listdir(video_dir) if f.endswith(('.mp4', '.avi', '.mov', '.mkv'))]
                              ^^^^^^^^^^^^^^^^^^^^^
FileNotFoundError: [Errno 2] No such file or directory: 'generation/ucf101_img256/000-FusedMatLatteIMG-XL-128-512-2-concat-F16S3-ucf101_img256-ImageNetPretrained-Compile-Amp-loadpixel/ddpm_250/0670000'
Traceback (most recent call last):
  File "/weka/s224075134/temporal_diffusion/video-diffusion-model-v2/tools/my_cal_metrics_for_dataset.py", line 185, in <module>
    num_frames = get_num_frames(args.fake_data_path)
                 ^^^^^^^^^^^^^^^^^^^^^^^^^^^^^^^^^^^
  File "/weka/s224075134/temporal_diffusion/video-diffusion-model-v2/tools/my_cal_metrics_for_dataset.py", line 158, in get_num_frames
    video_files = [f for f in os.listdir(video_dir) if f.endswith(('.mp4', '.avi', '.mov', '.mkv'))]
                              ^^^^^^^^^^^^^^^^^^^^^
FileNotFoundError: [Errno 2] No such file or directory: 'generation/ucf101_img256/000-FusedMatLatteIMG-XL-128-512-2-concat-F16S3-ucf101_img256-ImageNetPretrained-Compile-Amp-loadpixel/ddpm_250/0670000'
Traceback (most recent call last):
  File "/weka/s224075134/temporal_diffusion/video-diffusion-model-v2/tools/my_cal_metrics_for_dataset.py", line 185, in <module>
    num_frames = get_num_frames(args.fake_data_path)
                 ^^^^^^^^^^^^^^^^^^^^^^^^^^^^^^^^^^^
  File "/weka/s224075134/temporal_diffusion/video-diffusion-model-v2/tools/my_cal_metrics_for_dataset.py", line 158, in get_num_frames
    video_files = [f for f in os.listdir(video_dir) if f.endswith(('.mp4', '.avi', '.mov', '.mkv'))]
                              ^^^^^^^^^^^^^^^^^^^^^
FileNotFoundError: [Errno 2] No such file or directory: 'generation/ucf101_img256/000-FusedMatLatteIMG-XL-128-512-2-concat-F16S3-ucf101_img256-ImageNetPretrained-Compile-Amp-loadpixel/ddpm_250/0670000'
Traceback (most recent call last):
  File "/weka/s224075134/temporal_diffusion/video-diffusion-model-v2/tools/my_cal_metrics_for_dataset.py", line 185, in <module>
    num_frames = get_num_frames(args.fake_data_path)
                 ^^^^^^^^^^^^^^^^^^^^^^^^^^^^^^^^^^^
  File "/weka/s224075134/temporal_diffusion/video-diffusion-model-v2/tools/my_cal_metrics_for_dataset.py", line 158, in get_num_frames
    video_files = [f for f in os.listdir(video_dir) if f.endswith(('.mp4', '.avi', '.mov', '.mkv'))]
                              ^^^^^^^^^^^^^^^^^^^^^
FileNotFoundError: [Errno 2] No such file or directory: 'generation/ucf101_img256/000-FusedMatLatteIMG-XL-128-512-2-concat-F16S3-ucf101_img256-ImageNetPretrained-Compile-Amp-loadpixel/ddpm_250/0670000'
Traceback (most recent call last):
  File "/weka/s224075134/temporal_diffusion/video-diffusion-model-v2/tools/my_cal_metrics_for_dataset.py", line 185, in <module>
    num_frames = get_num_frames(args.fake_data_path)
                 ^^^^^^^^^^^^^^^^^^^^^^^^^^^^^^^^^^^
  File "/weka/s224075134/temporal_diffusion/video-diffusion-model-v2/tools/my_cal_metrics_for_dataset.py", line 158, in get_num_frames
    video_files = [f for f in os.listdir(video_dir) if f.endswith(('.mp4', '.avi', '.mov', '.mkv'))]
                              ^^^^^^^^^^^^^^^^^^^^^
FileNotFoundError: [Errno 2] No such file or directory: 'generation/ucf101_img256/000-FusedMatLatteIMG-XL-128-512-2-concat-F16S3-ucf101_img256-ImageNetPretrained-Compile-Amp-loadpixel/ddpm_250/0670000'
Traceback (most recent call last):
  File "/weka/s224075134/temporal_diffusion/video-diffusion-model-v2/tools/my_cal_metrics_for_dataset.py", line 185, in <module>
    num_frames = get_num_frames(args.fake_data_path)
                 ^^^^^^^^^^^^^^^^^^^^^^^^^^^^^^^^^^^
  File "/weka/s224075134/temporal_diffusion/video-diffusion-model-v2/tools/my_cal_metrics_for_dataset.py", line 158, in get_num_frames
    video_files = [f for f in os.listdir(video_dir) if f.endswith(('.mp4', '.avi', '.mov', '.mkv'))]
                              ^^^^^^^^^^^^^^^^^^^^^
FileNotFoundError: [Errno 2] No such file or directory: 'generation/ucf101_img256/000-FusedMatLatteIMG-XL-128-512-2-concat-F16S3-ucf101_img256-ImageNetPretrained-Compile-Amp-loadpixel/ddpm_250/0670000'
Traceback (most recent call last):
  File "/weka/s224075134/temporal_diffusion/video-diffusion-model-v2/tools/my_cal_metrics_for_dataset.py", line 185, in <module>
    num_frames = get_num_frames(args.fake_data_path)
                 ^^^^^^^^^^^^^^^^^^^^^^^^^^^^^^^^^^^
  File "/weka/s224075134/temporal_diffusion/video-diffusion-model-v2/tools/my_cal_metrics_for_dataset.py", line 158, in get_num_frames
    video_files = [f for f in os.listdir(video_dir) if f.endswith(('.mp4', '.avi', '.mov', '.mkv'))]
                              ^^^^^^^^^^^^^^^^^^^^^
FileNotFoundError: [Errno 2] No such file or directory: 'generation/ucf101_img256/000-FusedMatLatteIMG-XL-128-512-2-concat-F16S3-ucf101_img256-ImageNetPretrained-Compile-Amp-loadpixel/ddpm_250/0670000'
Traceback (most recent call last):
  File "/weka/s224075134/temporal_diffusion/video-diffusion-model-v2/tools/my_cal_metrics_for_dataset.py", line 185, in <module>
    num_frames = get_num_frames(args.fake_data_path)
                 ^^^^^^^^^^^^^^^^^^^^^^^^^^^^^^^^^^^
  File "/weka/s224075134/temporal_diffusion/video-diffusion-model-v2/tools/my_cal_metrics_for_dataset.py", line 158, in get_num_frames
    video_files = [f for f in os.listdir(video_dir) if f.endswith(('.mp4', '.avi', '.mov', '.mkv'))]
                              ^^^^^^^^^^^^^^^^^^^^^
FileNotFoundError: [Errno 2] No such file or directory: 'generation/ucf101_img256/000-FusedMatLatteIMG-XL-128-512-2-concat-F16S3-ucf101_img256-ImageNetPretrained-Compile-Amp-loadpixel/ddpm_250/0670000'
Traceback (most recent call last):
  File "/weka/s224075134/temporal_diffusion/video-diffusion-model-v2/tools/my_cal_metrics_for_dataset.py", line 185, in <module>
    num_frames = get_num_frames(args.fake_data_path)
                 ^^^^^^^^^^^^^^^^^^^^^^^^^^^^^^^^^^^
  File "/weka/s224075134/temporal_diffusion/video-diffusion-model-v2/tools/my_cal_metrics_for_dataset.py", line 158, in get_num_frames
    video_files = [f for f in os.listdir(video_dir) if f.endswith(('.mp4', '.avi', '.mov', '.mkv'))]
                              ^^^^^^^^^^^^^^^^^^^^^
FileNotFoundError: [Errno 2] No such file or directory: 'generation/ucf101_img256/000-FusedMatLatteIMG-XL-128-512-2-concat-F16S3-ucf101_img256-ImageNetPretrained-Compile-Amp-loadpixel/ddpm_250/0670000'
Traceback (most recent call last):
  File "/weka/s224075134/temporal_diffusion/video-diffusion-model-v2/tools/my_cal_metrics_for_dataset.py", line 185, in <module>
    num_frames = get_num_frames(args.fake_data_path)
                 ^^^^^^^^^^^^^^^^^^^^^^^^^^^^^^^^^^^
  File "/weka/s224075134/temporal_diffusion/video-diffusion-model-v2/tools/my_cal_metrics_for_dataset.py", line 158, in get_num_frames
    video_files = [f for f in os.listdir(video_dir) if f.endswith(('.mp4', '.avi', '.mov', '.mkv'))]
                              ^^^^^^^^^^^^^^^^^^^^^
FileNotFoundError: [Errno 2] No such file or directory: 'generation/ucf101_img256/000-FusedMatLatteIMG-XL-128-512-2-concat-F16S3-ucf101_img256-ImageNetPretrained-Compile-Amp-loadpixel/ddpm_250/0670000'
Traceback (most recent call last):
  File "/weka/s224075134/temporal_diffusion/video-diffusion-model-v2/tools/my_cal_metrics_for_dataset.py", line 185, in <module>
    num_frames = get_num_frames(args.fake_data_path)
                 ^^^^^^^^^^^^^^^^^^^^^^^^^^^^^^^^^^^
  File "/weka/s224075134/temporal_diffusion/video-diffusion-model-v2/tools/my_cal_metrics_for_dataset.py", line 158, in get_num_frames
    video_files = [f for f in os.listdir(video_dir) if f.endswith(('.mp4', '.avi', '.mov', '.mkv'))]
                              ^^^^^^^^^^^^^^^^^^^^^
FileNotFoundError: [Errno 2] No such file or directory: 'generation/ucf101_img256/000-FusedMatLatteIMG-XL-128-512-2-concat-F16S3-ucf101_img256-ImageNetPretrained-Compile-Amp-loadpixel/ddpm_250/0670000'
Traceback (most recent call last):
  File "/weka/s224075134/temporal_diffusion/video-diffusion-model-v2/tools/my_cal_metrics_for_dataset.py", line 185, in <module>
    num_frames = get_num_frames(args.fake_data_path)
                 ^^^^^^^^^^^^^^^^^^^^^^^^^^^^^^^^^^^
  File "/weka/s224075134/temporal_diffusion/video-diffusion-model-v2/tools/my_cal_metrics_for_dataset.py", line 158, in get_num_frames
    video_files = [f for f in os.listdir(video_dir) if f.endswith(('.mp4', '.avi', '.mov', '.mkv'))]
                              ^^^^^^^^^^^^^^^^^^^^^
FileNotFoundError: [Errno 2] No such file or directory: 'generation/ucf101_img256/000-FusedMatLatteIMG-XL-128-512-2-concat-F16S3-ucf101_img256-ImageNetPretrained-Compile-Amp-loadpixel/ddpm_250/0670000'
Traceback (most recent call last):
  File "/weka/s224075134/temporal_diffusion/video-diffusion-model-v2/tools/my_cal_metrics_for_dataset.py", line 185, in <module>
    num_frames = get_num_frames(args.fake_data_path)
                 ^^^^^^^^^^^^^^^^^^^^^^^^^^^^^^^^^^^
  File "/weka/s224075134/temporal_diffusion/video-diffusion-model-v2/tools/my_cal_metrics_for_dataset.py", line 158, in get_num_frames
    video_files = [f for f in os.listdir(video_dir) if f.endswith(('.mp4', '.avi', '.mov', '.mkv'))]
                              ^^^^^^^^^^^^^^^^^^^^^
FileNotFoundError: [Errno 2] No such file or directory: 'generation/ucf101_img256/000-FusedMatLatteIMG-XL-128-512-2-concat-F16S3-ucf101_img256-ImageNetPretrained-Compile-Amp-loadpixel/ddpm_250/0670000'
Traceback (most recent call last):
  File "/weka/s224075134/temporal_diffusion/video-diffusion-model-v2/tools/my_cal_metrics_for_dataset.py", line 185, in <module>
    num_frames = get_num_frames(args.fake_data_path)
                 ^^^^^^^^^^^^^^^^^^^^^^^^^^^^^^^^^^^
  File "/weka/s224075134/temporal_diffusion/video-diffusion-model-v2/tools/my_cal_metrics_for_dataset.py", line 158, in get_num_frames
    video_files = [f for f in os.listdir(video_dir) if f.endswith(('.mp4', '.avi', '.mov', '.mkv'))]
                              ^^^^^^^^^^^^^^^^^^^^^
FileNotFoundError: [Errno 2] No such file or directory: 'generation/ucf101_img256/000-FusedMatLatteIMG-XL-128-512-2-concat-F16S3-ucf101_img256-ImageNetPretrained-Compile-Amp-loadpixel/ddpm_250/0670000'
Traceback (most recent call last):
  File "/weka/s224075134/temporal_diffusion/video-diffusion-model-v2/tools/my_cal_metrics_for_dataset.py", line 185, in <module>
    num_frames = get_num_frames(args.fake_data_path)
                 ^^^^^^^^^^^^^^^^^^^^^^^^^^^^^^^^^^^
  File "/weka/s224075134/temporal_diffusion/video-diffusion-model-v2/tools/my_cal_metrics_for_dataset.py", line 158, in get_num_frames
    video_files = [f for f in os.listdir(video_dir) if f.endswith(('.mp4', '.avi', '.mov', '.mkv'))]
                              ^^^^^^^^^^^^^^^^^^^^^
FileNotFoundError: [Errno 2] No such file or directory: 'generation/ucf101_img256/000-FusedMatLatteIMG-XL-128-512-2-concat-F16S3-ucf101_img256-ImageNetPretrained-Compile-Amp-loadpixel/ddpm_250/0670000'
Traceback (most recent call last):
  File "/weka/s224075134/temporal_diffusion/video-diffusion-model-v2/tools/my_cal_metrics_for_dataset.py", line 185, in <module>
    num_frames = get_num_frames(args.fake_data_path)
                 ^^^^^^^^^^^^^^^^^^^^^^^^^^^^^^^^^^^
  File "/weka/s224075134/temporal_diffusion/video-diffusion-model-v2/tools/my_cal_metrics_for_dataset.py", line 158, in get_num_frames
    video_files = [f for f in os.listdir(video_dir) if f.endswith(('.mp4', '.avi', '.mov', '.mkv'))]
                              ^^^^^^^^^^^^^^^^^^^^^
FileNotFoundError: [Errno 2] No such file or directory: 'generation/ucf101_img256/000-FusedMatLatteIMG-XL-128-512-2-concat-F16S3-ucf101_img256-ImageNetPretrained-Compile-Amp-loadpixel/ddpm_250/0670000'
Traceback (most recent call last):
  File "/weka/s224075134/temporal_diffusion/video-diffusion-model-v2/tools/my_cal_metrics_for_dataset.py", line 185, in <module>
    num_frames = get_num_frames(args.fake_data_path)
                 ^^^^^^^^^^^^^^^^^^^^^^^^^^^^^^^^^^^
  File "/weka/s224075134/temporal_diffusion/video-diffusion-model-v2/tools/my_cal_metrics_for_dataset.py", line 158, in get_num_frames
    video_files = [f for f in os.listdir(video_dir) if f.endswith(('.mp4', '.avi', '.mov', '.mkv'))]
                              ^^^^^^^^^^^^^^^^^^^^^
FileNotFoundError: [Errno 2] No such file or directory: 'generation/ucf101_img256/000-FusedMatLatteIMG-XL-128-512-2-concat-F16S3-ucf101_img256-ImageNetPretrained-Compile-Amp-loadpixel/ddpm_250/0670000'
Traceback (most recent call last):
  File "/weka/s224075134/temporal_diffusion/video-diffusion-model-v2/tools/my_cal_metrics_for_dataset.py", line 185, in <module>
    num_frames = get_num_frames(args.fake_data_path)
                 ^^^^^^^^^^^^^^^^^^^^^^^^^^^^^^^^^^^
  File "/weka/s224075134/temporal_diffusion/video-diffusion-model-v2/tools/my_cal_metrics_for_dataset.py", line 158, in get_num_frames
    video_files = [f for f in os.listdir(video_dir) if f.endswith(('.mp4', '.avi', '.mov', '.mkv'))]
                              ^^^^^^^^^^^^^^^^^^^^^
FileNotFoundError: [Errno 2] No such file or directory: 'generation/ucf101_img256/000-FusedMatLatteIMG-XL-128-512-2-concat-F16S3-ucf101_img256-ImageNetPretrained-Compile-Amp-loadpixel/ddpm_250/0670000'
Traceback (most recent call last):
  File "/weka/s224075134/temporal_diffusion/video-diffusion-model-v2/tools/my_cal_metrics_for_dataset.py", line 185, in <module>
    num_frames = get_num_frames(args.fake_data_path)
                 ^^^^^^^^^^^^^^^^^^^^^^^^^^^^^^^^^^^
  File "/weka/s224075134/temporal_diffusion/video-diffusion-model-v2/tools/my_cal_metrics_for_dataset.py", line 158, in get_num_frames
    video_files = [f for f in os.listdir(video_dir) if f.endswith(('.mp4', '.avi', '.mov', '.mkv'))]
                              ^^^^^^^^^^^^^^^^^^^^^
FileNotFoundError: [Errno 2] No such file or directory: 'generation/ucf101_img256/000-FusedMatLatteIMG-XL-128-512-2-concat-F16S3-ucf101_img256-ImageNetPretrained-Compile-Amp-loadpixel/ddpm_250/0670000'
Traceback (most recent call last):
  File "/weka/s224075134/temporal_diffusion/video-diffusion-model-v2/tools/my_cal_metrics_for_dataset.py", line 185, in <module>
    num_frames = get_num_frames(args.fake_data_path)
                 ^^^^^^^^^^^^^^^^^^^^^^^^^^^^^^^^^^^
  File "/weka/s224075134/temporal_diffusion/video-diffusion-model-v2/tools/my_cal_metrics_for_dataset.py", line 158, in get_num_frames
    video_files = [f for f in os.listdir(video_dir) if f.endswith(('.mp4', '.avi', '.mov', '.mkv'))]
                              ^^^^^^^^^^^^^^^^^^^^^
FileNotFoundError: [Errno 2] No such file or directory: 'generation/ucf101_img256/000-FusedMatLatteIMG-XL-128-512-2-concat-F16S3-ucf101_img256-ImageNetPretrained-Compile-Amp-loadpixel/ddpm_250/0670000'
Traceback (most recent call last):
  File "/weka/s224075134/temporal_diffusion/video-diffusion-model-v2/tools/my_cal_metrics_for_dataset.py", line 185, in <module>
    num_frames = get_num_frames(args.fake_data_path)
                 ^^^^^^^^^^^^^^^^^^^^^^^^^^^^^^^^^^^
  File "/weka/s224075134/temporal_diffusion/video-diffusion-model-v2/tools/my_cal_metrics_for_dataset.py", line 158, in get_num_frames
    video_files = [f for f in os.listdir(video_dir) if f.endswith(('.mp4', '.avi', '.mov', '.mkv'))]
                              ^^^^^^^^^^^^^^^^^^^^^
FileNotFoundError: [Errno 2] No such file or directory: 'generation/ucf101_img256/000-FusedMatLatteIMG-XL-128-512-2-concat-F16S3-ucf101_img256-ImageNetPretrained-Compile-Amp-loadpixel/ddpm_250/0670000'
Traceback (most recent call last):
  File "/weka/s224075134/temporal_diffusion/video-diffusion-model-v2/tools/my_cal_metrics_for_dataset.py", line 185, in <module>
    num_frames = get_num_frames(args.fake_data_path)
                 ^^^^^^^^^^^^^^^^^^^^^^^^^^^^^^^^^^^
  File "/weka/s224075134/temporal_diffusion/video-diffusion-model-v2/tools/my_cal_metrics_for_dataset.py", line 158, in get_num_frames
    video_files = [f for f in os.listdir(video_dir) if f.endswith(('.mp4', '.avi', '.mov', '.mkv'))]
                              ^^^^^^^^^^^^^^^^^^^^^
FileNotFoundError: [Errno 2] No such file or directory: 'generation/ucf101_img256/000-FusedMatLatteIMG-XL-128-512-2-concat-F16S3-ucf101_img256-ImageNetPretrained-Compile-Amp-loadpixel/ddpm_250/0670000'
Traceback (most recent call last):
  File "/weka/s224075134/temporal_diffusion/video-diffusion-model-v2/tools/my_cal_metrics_for_dataset.py", line 185, in <module>
    num_frames = get_num_frames(args.fake_data_path)
                 ^^^^^^^^^^^^^^^^^^^^^^^^^^^^^^^^^^^
  File "/weka/s224075134/temporal_diffusion/video-diffusion-model-v2/tools/my_cal_metrics_for_dataset.py", line 158, in get_num_frames
    video_files = [f for f in os.listdir(video_dir) if f.endswith(('.mp4', '.avi', '.mov', '.mkv'))]
                              ^^^^^^^^^^^^^^^^^^^^^
FileNotFoundError: [Errno 2] No such file or directory: 'generation/ucf101_img256/000-FusedMatLatteIMG-XL-128-512-2-concat-F16S3-ucf101_img256-ImageNetPretrained-Compile-Amp-loadpixel/ddpm_250/0670000'
Traceback (most recent call last):
  File "/weka/s224075134/temporal_diffusion/video-diffusion-model-v2/tools/my_cal_metrics_for_dataset.py", line 185, in <module>
    num_frames = get_num_frames(args.fake_data_path)
                 ^^^^^^^^^^^^^^^^^^^^^^^^^^^^^^^^^^^
  File "/weka/s224075134/temporal_diffusion/video-diffusion-model-v2/tools/my_cal_metrics_for_dataset.py", line 158, in get_num_frames
    video_files = [f for f in os.listdir(video_dir) if f.endswith(('.mp4', '.avi', '.mov', '.mkv'))]
                              ^^^^^^^^^^^^^^^^^^^^^
FileNotFoundError: [Errno 2] No such file or directory: 'generation/ucf101_img256/000-FusedMatLatteIMG-XL-128-512-2-concat-F16S3-ucf101_img256-ImageNetPretrained-Compile-Amp-loadpixel/ddpm_250/0670000'
Traceback (most recent call last):
  File "/weka/s224075134/temporal_diffusion/video-diffusion-model-v2/tools/my_cal_metrics_for_dataset.py", line 185, in <module>
    num_frames = get_num_frames(args.fake_data_path)
                 ^^^^^^^^^^^^^^^^^^^^^^^^^^^^^^^^^^^
  File "/weka/s224075134/temporal_diffusion/video-diffusion-model-v2/tools/my_cal_metrics_for_dataset.py", line 158, in get_num_frames
    video_files = [f for f in os.listdir(video_dir) if f.endswith(('.mp4', '.avi', '.mov', '.mkv'))]
                              ^^^^^^^^^^^^^^^^^^^^^
FileNotFoundError: [Errno 2] No such file or directory: 'generation/ucf101_img256/000-FusedMatLatteIMG-XL-128-512-2-concat-F16S3-ucf101_img256-ImageNetPretrained-Compile-Amp-loadpixel/ddpm_250/0670000'
Traceback (most recent call last):
  File "/weka/s224075134/temporal_diffusion/video-diffusion-model-v2/tools/my_cal_metrics_for_dataset.py", line 185, in <module>
    num_frames = get_num_frames(args.fake_data_path)
                 ^^^^^^^^^^^^^^^^^^^^^^^^^^^^^^^^^^^
  File "/weka/s224075134/temporal_diffusion/video-diffusion-model-v2/tools/my_cal_metrics_for_dataset.py", line 158, in get_num_frames
    video_files = [f for f in os.listdir(video_dir) if f.endswith(('.mp4', '.avi', '.mov', '.mkv'))]
                              ^^^^^^^^^^^^^^^^^^^^^
FileNotFoundError: [Errno 2] No such file or directory: 'generation/ucf101_img256/000-FusedMatLatteIMG-XL-128-512-2-concat-F16S3-ucf101_img256-ImageNetPretrained-Compile-Amp-loadpixel/ddpm_250/0670000'
Traceback (most recent call last):
  File "/weka/s224075134/temporal_diffusion/video-diffusion-model-v2/tools/my_cal_metrics_for_dataset.py", line 185, in <module>
    num_frames = get_num_frames(args.fake_data_path)
                 ^^^^^^^^^^^^^^^^^^^^^^^^^^^^^^^^^^^
  File "/weka/s224075134/temporal_diffusion/video-diffusion-model-v2/tools/my_cal_metrics_for_dataset.py", line 158, in get_num_frames
    video_files = [f for f in os.listdir(video_dir) if f.endswith(('.mp4', '.avi', '.mov', '.mkv'))]
                              ^^^^^^^^^^^^^^^^^^^^^
FileNotFoundError: [Errno 2] No such file or directory: 'generation/ucf101_img256/000-FusedMatLatteIMG-XL-128-512-2-concat-F16S3-ucf101_img256-ImageNetPretrained-Compile-Amp-loadpixel/ddpm_250/0670000'
